election_id,election_type,election_date,district_name,division_name,division_url,division_openlylocal_id,result_votes_total,result_url,candidate_votes,candidate_elected,party_name,party_short_name,party_resource_uri,person_id,person_first_name,person_middle_names,person_last_name,person_all_names
1,council,04/06/2009,Rugby,Admirals ,http://www.warwickshire.gov.uk/corporate/committe.nsf/66313d7210fd430680256a140057d7fa/05aaa15dffa8159a80256ffc002c5dcb?OpenDocument,9836,1881,http://www.warwickshire.gov.uk/corporate/Elect09.nsf/ResultsByParty/7D96AE7A8F60BE8F80256F460052B486,988,1,Conservative,Con,http://openelectiondata.org/id/parties/25,2804,Peter,James,Butlin,PeterJamesButlin
1,council,04/06/2009,Rugby,Admirals ,http://www.warwickshire.gov.uk/corporate/committe.nsf/66313d7210fd430680256a140057d7fa/05aaa15dffa8159a80256ffc002c5dcb?OpenDocument,9836,1881,http://www.warwickshire.gov.uk/corporate/Elect09.nsf/ResultsByParty/7D96AE7A8F60BE8F80256F460052B486,249,0,Liberal Democrat,LibDem,http://openelectiondata.org/id/parties/26,2805,Tom,,Hardgrave,TomHardgrave
1,council,04/06/2009,Rugby,Admirals ,http://www.warwickshire.gov.uk/corporate/committe.nsf/66313d7210fd430680256a140057d7fa/05aaa15dffa8159a80256ffc002c5dcb?OpenDocument,9836,1881,http://www.warwickshire.gov.uk/corporate/Elect09.nsf/ResultsByParty/7D96AE7A8F60BE8F80256F460052B486,239,0,Green,Green,http://openelectiondata.org/id/parties/64,2806,Steve,,Laffy,SteveLaffy
1,council,04/06/2009,Rugby,Admirals ,http://www.warwickshire.gov.uk/corporate/committe.nsf/66313d7210fd430680256a140057d7fa/05aaa15dffa8159a80256ffc002c5dcb?OpenDocument,9836,1881,http://www.warwickshire.gov.uk/corporate/Elect09.nsf/ResultsByParty/7D96AE7A8F60BE8F80256F460052B486,405,0,Labour,Lab,http://openelectiondata.org/id/parties/6,2807,Alan,Charles,Webb,AlanCharlesWebb
1,council,04/06/2009,Stratford,Alcester ,http://www.warwickshire.gov.uk/corporate/committe.nsf/66313d7210fd430680256a140057d7fa/7583e7e75035e8b180256ffc002c5de6?OpenDocument,9837,3067,http://www.warwickshire.gov.uk/corporate/Elect09.nsf/ResultsByParty/FE3674811722B69680256F85005270EF,169,0,Green,Green,http://openelectiondata.org/id/parties/64,2811,Karen,Tracy,Varga,KarenTracyVarga
1,council,04/06/2009,Stratford,Alcester ,http://www.warwickshire.gov.uk/corporate/committe.nsf/66313d7210fd430680256a140057d7fa/7583e7e75035e8b180256ffc002c5de6?OpenDocument,9837,3067,http://www.warwickshire.gov.uk/corporate/Elect09.nsf/ResultsByParty/FE3674811722B69680256F85005270EF,1487,1,Conservative,Con,http://openelectiondata.org/id/parties/25,2808,Mike,,Gittus,MikeGittus
1,council,04/06/2009,Stratford,Alcester ,http://www.warwickshire.gov.uk/corporate/committe.nsf/66313d7210fd430680256a140057d7fa/7583e7e75035e8b180256ffc002c5de6?OpenDocument,9837,3067,http://www.warwickshire.gov.uk/corporate/Elect09.nsf/ResultsByParty/FE3674811722B69680256F85005270EF,78,0,Labour,Lab,http://openelectiondata.org/id/parties/6,2809,Jeffrey,Simon,Kenner,JeffreySimonKenner
1,council,04/06/2009,Stratford,Alcester ,http://www.warwickshire.gov.uk/corporate/committe.nsf/66313d7210fd430680256a140057d7fa/7583e7e75035e8b180256ffc002c5de6?OpenDocument,9837,3067,http://www.warwickshire.gov.uk/corporate/Elect09.nsf/ResultsByParty/FE3674811722B69680256F85005270EF,1333,0,Liberal Democrat,LibDem,http://openelectiondata.org/id/parties/26,2810,Nina,Blanche,Knapman,NinaBlancheKnapman
1,council,04/06/2009,Nuneaton and Bedworth,Arbury & Stockingford ,http://www.warwickshire.gov.uk/corporate/committe.nsf/66313d7210fd430680256a140057d7fa/760437f7e47d3eee80256ffc002c5ddf?OpenDocument,9838,8994,http://www.warwickshire.gov.uk/corporate/Elect09.nsf/ResultsByParty/EEEF2A5ADE2987ED80256F460052B47E,848,0,Green,Green,http://openelectiondata.org/id/parties/64,2818,Mike,,Wright,MikeWright
1,council,04/06/2009,Nuneaton and Bedworth,Arbury & Stockingford ,http://www.warwickshire.gov.uk/corporate/committe.nsf/66313d7210fd430680256a140057d7fa/760437f7e47d3eee80256ffc002c5ddf?OpenDocument,9838,8994,http://www.warwickshire.gov.uk/corporate/Elect09.nsf/ResultsByParty/EEEF2A5ADE2987ED80256F460052B47E,1480,0,Labour,Lab,http://openelectiondata.org/id/parties/6,2815,Barry,James,Longden,BarryJamesLongden
1,council,04/06/2009,Nuneaton and Bedworth,Arbury & Stockingford ,http://www.warwickshire.gov.uk/corporate/committe.nsf/66313d7210fd430680256a140057d7fa/760437f7e47d3eee80256ffc002c5ddf?OpenDocument,9838,8994,http://www.warwickshire.gov.uk/corporate/Elect09.nsf/ResultsByParty/EEEF2A5ADE2987ED80256F460052B47E,692,0,Green,Green,http://openelectiondata.org/id/parties/64,2812,James,Christopher Myles,Alty,JamesChristopher MylesAlty
1,council,04/06/2009,Nuneaton and Bedworth,Arbury & Stockingford ,http://www.warwickshire.gov.uk/corporate/committe.nsf/66313d7210fd430680256a140057d7fa/760437f7e47d3eee80256ffc002c5ddf?OpenDocument,9838,8994,http://www.warwickshire.gov.uk/corporate/Elect09.nsf/ResultsByParty/EEEF2A5ADE2987ED80256F460052B47E,1582,1,Conservative,Con,http://openelectiondata.org/id/parties/25,2816,Sonja,Lund,Wilson,SonjaLundWilson
1,council,04/06/2009,Nuneaton and Bedworth,Arbury & Stockingford ,http://www.warwickshire.gov.uk/corporate/committe.nsf/66313d7210fd430680256a140057d7fa/760437f7e47d3eee80256ffc002c5ddf?OpenDocument,9838,8994,http://www.warwickshire.gov.uk/corporate/Elect09.nsf/ResultsByParty/EEEF2A5ADE2987ED80256F460052B47E,1283,0,BNP,BNP,http://openelectiondata.org/id/parties/38,2813,Martyn,Russell,Findley,MartynRussellFindley
1,council,04/06/2009,Nuneaton and Bedworth,Arbury & Stockingford ,http://www.warwickshire.gov.uk/corporate/committe.nsf/66313d7210fd430680256a140057d7fa/760437f7e47d3eee80256ffc002c5ddf?OpenDocument,9838,8994,http://www.warwickshire.gov.uk/corporate/Elect09.nsf/ResultsByParty/EEEF2A5ADE2987ED80256F460052B47E,1637,1,Conservative,Con,http://openelectiondata.org/id/parties/25,2817,Tom,,Wilson,TomWilson
1,council,04/06/2009,Nuneaton and Bedworth,Arbury & Stockingford ,http://www.warwickshire.gov.uk/corporate/committe.nsf/66313d7210fd430680256a140057d7fa/760437f7e47d3eee80256ffc002c5ddf?OpenDocument,9838,8994,http://www.warwickshire.gov.uk/corporate/Elect09.nsf/ResultsByParty/EEEF2A5ADE2987ED80256F460052B47E,1472,0,Labour,Lab,http://openelectiondata.org/id/parties/6,2814,Pat,,Henry,PatHenry
1,council,04/06/2009,North Warwickshire,Arley ,http://www.warwickshire.gov.uk/corporate/committe.nsf/66313d7210fd430680256a140057d7fa/d09bd1da4c3258a280256ffc002c5dd0?OpenDocument,9839,2386,http://www.warwickshire.gov.uk/corporate/Elect09.nsf/ResultsByParty/9A8521A0876F50C280256F460052B45F,427,0,Green,Green,http://openelectiondata.org/id/parties/64,2821,Susan,Margaret,Tucker,SusanMargaretTucker
1,council,04/06/2009,North Warwickshire,Arley ,http://www.warwickshire.gov.uk/corporate/committe.nsf/66313d7210fd430680256a140057d7fa/d09bd1da4c3258a280256ffc002c5dd0?OpenDocument,9839,2386,http://www.warwickshire.gov.uk/corporate/Elect09.nsf/ResultsByParty/9A8521A0876F50C280256F460052B45F,1507,1,Conservative,Con,http://openelectiondata.org/id/parties/25,2819,Colin,Charles,Hayfield,ColinCharlesHayfield
1,council,04/06/2009,North Warwickshire,Arley ,http://www.warwickshire.gov.uk/corporate/committe.nsf/66313d7210fd430680256a140057d7fa/d09bd1da4c3258a280256ffc002c5dd0?OpenDocument,9839,2386,http://www.warwickshire.gov.uk/corporate/Elect09.nsf/ResultsByParty/9A8521A0876F50C280256F460052B45F,452,0,Labour,Lab,http://openelectiondata.org/id/parties/6,2820,Paul,David,Hickling,PaulDavidHickling
1,council,04/06/2009,North Warwickshire,Aston Cantlow ,https://www.warwickshire.gov.uk/corporate/committe.nsf/d2d81776d1ed546080256a140057d7f9/a85b5432807427fb80256ffc002c5dd7?OpenDocument,9840,3104,http://www.warwickshire.gov.uk/corporate/Elect09.nsf/ResultsByParty/C931967A1C54649980256F460052B475,597,0,Liberal Democrat,LibDem,http://openelectiondata.org/id/parties/26,2825,John,Wallace Talbot,Insoll,JohnWallace TalbotInsoll
1,council,04/06/2009,North Warwickshire,Aston Cantlow ,https://www.warwickshire.gov.uk/corporate/committe.nsf/d2d81776d1ed546080256a140057d7f9/a85b5432807427fb80256ffc002c5dd7?OpenDocument,9840,3104,http://www.warwickshire.gov.uk/corporate/Elect09.nsf/ResultsByParty/C931967A1C54649980256F460052B475,297,0,Green,Green,http://openelectiondata.org/id/parties/64,2822,Juliet,Annie Ellen,Carter,JulietAnnie EllenCarter
1,council,04/06/2009,North Warwickshire,Aston Cantlow ,https://www.warwickshire.gov.uk/corporate/committe.nsf/d2d81776d1ed546080256a140057d7f9/a85b5432807427fb80256ffc002c5dd7?OpenDocument,9840,3104,http://www.warwickshire.gov.uk/corporate/Elect09.nsf/ResultsByParty/C931967A1C54649980256F460052B475,132,0,Labour,Lab,http://openelectiondata.org/id/parties/6,2823,John,William,Hartigan,JohnWilliamHartigan
1,council,04/06/2009,North Warwickshire,Aston Cantlow ,https://www.warwickshire.gov.uk/corporate/committe.nsf/d2d81776d1ed546080256a140057d7f9/a85b5432807427fb80256ffc002c5dd7?OpenDocument,9840,3104,http://www.warwickshire.gov.uk/corporate/Elect09.nsf/ResultsByParty/C931967A1C54649980256F460052B475,2078,1,Conservative,Con,http://openelectiondata.org/id/parties/25,2824,Richard,,Hobbs,RichardHobbs
1,council,04/06/2009,North Warwickshire,Atherstone ,http://www.warwickshire.gov.uk/corporate/committe.nsf/d2d81776d1ed546080256a140057d7f9/783f2b487ca8c5f380256ffc002c5de7?OpenDocument,9841,1770,http://www.warwickshire.gov.uk/corporate/Elect09.nsf/ResultsByParty/7DEFEF5B192DC37B80256F8500528B87,298,0,Liberal Democrat,LibDem,http://openelectiondata.org/id/parties/26,2829,Nathan,John,Sweet,NathanJohnSweet
1,council,04/06/2009,North Warwickshire,Atherstone ,http://www.warwickshire.gov.uk/corporate/committe.nsf/d2d81776d1ed546080256a140057d7f9/783f2b487ca8c5f380256ffc002c5de7?OpenDocument,9841,1770,http://www.warwickshire.gov.uk/corporate/Elect09.nsf/ResultsByParty/7DEFEF5B192DC37B80256F8500528B87,660,1,Conservative,Con,http://openelectiondata.org/id/parties/25,2828,Martin,George,Shaw,MartinGeorgeShaw
1,council,04/06/2009,North Warwickshire,Atherstone ,http://www.warwickshire.gov.uk/corporate/committe.nsf/d2d81776d1ed546080256a140057d7f9/783f2b487ca8c5f380256ffc002c5de7?OpenDocument,9841,1770,http://www.warwickshire.gov.uk/corporate/Elect09.nsf/ResultsByParty/7DEFEF5B192DC37B80256F8500528B87,573,0,Labour,Lab,http://openelectiondata.org/id/parties/6,2826,Anne,,Forwood,AnneForwood
1,council,04/06/2009,North Warwickshire,Atherstone ,http://www.warwickshire.gov.uk/corporate/committe.nsf/d2d81776d1ed546080256a140057d7f9/783f2b487ca8c5f380256ffc002c5de7?OpenDocument,9841,1770,http://www.warwickshire.gov.uk/corporate/Elect09.nsf/ResultsByParty/7DEFEF5B192DC37B80256F8500528B87,239,0,Green,Green,http://openelectiondata.org/id/parties/64,2827,Sue,,Naylor,SueNaylor
1,council,04/06/2009,North Warwickshire,Baddesley ,http://www.warwickshire.gov.uk/corporate/committe.nsf/66313d7210fd430680256a140057d7fa/b524adb164f3153d80256ffc002c5dc4?OpenDocument,9842,2578,http://www.warwickshire.gov.uk/corporate/Elect09.nsf/ResultsByParty/30965BFF4A0FAEA280256F460052B485,374,0,Liberal Democrat,LibDem,http://openelectiondata.org/id/parties/26,2833,Richard,Manuel,Meredith,RichardManuelMeredith
1,council,04/06/2009,North Warwickshire,Baddesley ,http://www.warwickshire.gov.uk/corporate/committe.nsf/66313d7210fd430680256a140057d7fa/b524adb164f3153d80256ffc002c5dc4?OpenDocument,9842,2578,http://www.warwickshire.gov.uk/corporate/Elect09.nsf/ResultsByParty/30965BFF4A0FAEA280256F460052B485,535,0,Other,Other,NULL,2830,Steven,,Fowler,StevenFowler
1,council,04/06/2009,North Warwickshire,Baddesley ,http://www.warwickshire.gov.uk/corporate/committe.nsf/66313d7210fd430680256a140057d7fa/b524adb164f3153d80256ffc002c5dc4?OpenDocument,9842,2578,http://www.warwickshire.gov.uk/corporate/Elect09.nsf/ResultsByParty/30965BFF4A0FAEA280256F460052B485,886,1,Labour,Lab,http://openelectiondata.org/id/parties/6,2834,Ray,,Sweet,RaySweet
1,council,04/06/2009,North Warwickshire,Baddesley ,http://www.warwickshire.gov.uk/corporate/committe.nsf/66313d7210fd430680256a140057d7fa/b524adb164f3153d80256ffc002c5dc4?OpenDocument,9842,2578,http://www.warwickshire.gov.uk/corporate/Elect09.nsf/ResultsByParty/30965BFF4A0FAEA280256F460052B485,698,0,Conservative,Con,http://openelectiondata.org/id/parties/25,2831,Dave,,Hanratty,DaveHanratty
1,council,04/06/2009,North Warwickshire,Baddesley ,http://www.warwickshire.gov.uk/corporate/committe.nsf/66313d7210fd430680256a140057d7fa/b524adb164f3153d80256ffc002c5dc4?OpenDocument,9842,2578,http://www.warwickshire.gov.uk/corporate/Elect09.nsf/ResultsByParty/30965BFF4A0FAEA280256F460052B485,85,0,Green,Green,http://openelectiondata.org/id/parties/64,2832,Rebecca,Elizabeth,Knight,RebeccaElizabethKnight
1,council,04/06/2009,Nuneaton and Bedworth,Bede ,http://www.warwickshire.gov.uk/corporate/committe.nsf/d2d81776d1ed546080256a140057d7f9/d60a315b4441595380256ffc002c5de5?OpenDocument,9843,2776,http://www.warwickshire.gov.uk/corporate/Elect09.nsf/ResultsByParty/F518490E7AB4CBD780256F8500523507,583,0,BNP,BNP,http://openelectiondata.org/id/parties/38,2836,Alwyn,Mark,Deacon,AlwynMarkDeacon
1,council,04/06/2009,Nuneaton and Bedworth,Bede ,http://www.warwickshire.gov.uk/corporate/committe.nsf/d2d81776d1ed546080256a140057d7f9/d60a315b4441595380256ffc002c5de5?OpenDocument,9843,2776,http://www.warwickshire.gov.uk/corporate/Elect09.nsf/ResultsByParty/F518490E7AB4CBD780256F8500523507,578,0,Conservative,Con,http://openelectiondata.org/id/parties/25,2837,Stuart,,Hadden,StuartHadden
1,council,04/06/2009,Nuneaton and Bedworth,Bede ,http://www.warwickshire.gov.uk/corporate/committe.nsf/d2d81776d1ed546080256a140057d7f9/d60a315b4441595380256ffc002c5de5?OpenDocument,9843,2776,http://www.warwickshire.gov.uk/corporate/Elect09.nsf/ResultsByParty/F518490E7AB4CBD780256F8500523507,101,0,Green,Green,http://openelectiondata.org/id/parties/64,2838,Caz,,Ingall,CazIngall
1,council,04/06/2009,Nuneaton and Bedworth,Bede ,http://www.warwickshire.gov.uk/corporate/committe.nsf/d2d81776d1ed546080256a140057d7f9/d60a315b4441595380256ffc002c5de5?OpenDocument,9843,2776,http://www.warwickshire.gov.uk/corporate/Elect09.nsf/ResultsByParty/F518490E7AB4CBD780256F8500523507,1258,1,Labour,Lab,http://openelectiondata.org/id/parties/6,2835,Richard,,Chattaway,RichardChattaway
1,council,04/06/2009,Nuneaton and Bedworth,Bede ,http://www.warwickshire.gov.uk/corporate/committe.nsf/d2d81776d1ed546080256a140057d7f9/d60a315b4441595380256ffc002c5de5?OpenDocument,9843,2776,http://www.warwickshire.gov.uk/corporate/Elect09.nsf/ResultsByParty/F518490E7AB4CBD780256F8500523507,256,0,Other,Other,NULL,2839,David,Ford,Lane,DavidFordLane
1,council,04/06/2009,Nuneaton and Bedworth,Bedworth North ,http://www.warwickshire.gov.uk/corporate/committe.nsf/66313d7210fd430680256a140057d7fa/f28f91a3542a7d3480257084004dbe08?OpenDocument,9844,2719,http://www.warwickshire.gov.uk/corporate/Elect09.nsf/ResultsByParty/067FF493614DFFFC80256F85005212F6,840,1,Conservative,Con,http://openelectiondata.org/id/parties/25,2843,Barry,,Lobbett,BarryLobbett
1,council,04/06/2009,Nuneaton and Bedworth,Bedworth North ,http://www.warwickshire.gov.uk/corporate/committe.nsf/66313d7210fd430680256a140057d7fa/f28f91a3542a7d3480257084004dbe08?OpenDocument,9844,2719,http://www.warwickshire.gov.uk/corporate/Elect09.nsf/ResultsByParty/067FF493614DFFFC80256F85005212F6,429,0,BNP,BNP,http://openelectiondata.org/id/parties/38,2840,Kevin,Paul,Bennett,KevinPaulBennett
1,council,04/06/2009,Nuneaton and Bedworth,Bedworth North ,http://www.warwickshire.gov.uk/corporate/committe.nsf/66313d7210fd430680256a140057d7fa/f28f91a3542a7d3480257084004dbe08?OpenDocument,9844,2719,http://www.warwickshire.gov.uk/corporate/Elect09.nsf/ResultsByParty/067FF493614DFFFC80256F85005212F6,414,0,Green,Green,http://openelectiondata.org/id/parties/64,2844,Clare,Louise,Wandless-Phillips,ClareLouiseWandless-Phillips
1,council,04/06/2009,Nuneaton and Bedworth,Bedworth North ,http://www.warwickshire.gov.uk/corporate/committe.nsf/66313d7210fd430680256a140057d7fa/f28f91a3542a7d3480257084004dbe08?OpenDocument,9844,2719,http://www.warwickshire.gov.uk/corporate/Elect09.nsf/ResultsByParty/067FF493614DFFFC80256F85005212F6,727,0,Labour,Lab,http://openelectiondata.org/id/parties/6,2841,John,,Haynes,JohnHaynes
1,council,04/06/2009,Nuneaton and Bedworth,Bedworth North ,http://www.warwickshire.gov.uk/corporate/committe.nsf/66313d7210fd430680256a140057d7fa/f28f91a3542a7d3480257084004dbe08?OpenDocument,9844,2719,http://www.warwickshire.gov.uk/corporate/Elect09.nsf/ResultsByParty/067FF493614DFFFC80256F85005212F6,309,0,Other,Other,NULL,2842,John,Stephen,Lane,JohnStephenLane
1,council,04/06/2009,Nuneaton and Bedworth,Bedworth West ,http://www.warwickshire.gov.uk/corporate/committe.nsf/66313d7210fd430680256a140057d7fa/da76a24a7af732f880256ffc002c5dd6?OpenDocument,9845,2555,http://www.warwickshire.gov.uk/corporate/Elect09.nsf/ResultsByParty/C1A331A6B7F5438E80256F460052B46A,776,0,Conservative,Con,http://openelectiondata.org/id/parties/25,2846,Chris,,Hadden,ChrisHadden
1,council,04/06/2009,Nuneaton and Bedworth,Bedworth West ,http://www.warwickshire.gov.uk/corporate/committe.nsf/66313d7210fd430680256a140057d7fa/da76a24a7af732f880256ffc002c5dd6?OpenDocument,9845,2555,http://www.warwickshire.gov.uk/corporate/Elect09.nsf/ResultsByParty/C1A331A6B7F5438E80256F460052B46A,427,0,BNP,BNP,http://openelectiondata.org/id/parties/38,2847,Darren,John,Haywood,DarrenJohnHaywood
1,council,04/06/2009,Nuneaton and Bedworth,Bedworth West ,http://www.warwickshire.gov.uk/corporate/committe.nsf/66313d7210fd430680256a140057d7fa/da76a24a7af732f880256ffc002c5dd6?OpenDocument,9845,2555,http://www.warwickshire.gov.uk/corporate/Elect09.nsf/ResultsByParty/C1A331A6B7F5438E80256F460052B46A,889,1,Labour,Lab,http://openelectiondata.org/id/parties/6,2848,Frank,,McCarney,FrankMcCarney
1,council,04/06/2009,Nuneaton and Bedworth,Bedworth West ,http://www.warwickshire.gov.uk/corporate/committe.nsf/66313d7210fd430680256a140057d7fa/da76a24a7af732f880256ffc002c5dd6?OpenDocument,9845,2555,http://www.warwickshire.gov.uk/corporate/Elect09.nsf/ResultsByParty/C1A331A6B7F5438E80256F460052B46A,289,0,Liberal Democrat,LibDem,http://openelectiondata.org/id/parties/26,2845,Alice,Rachel,Field,AliceRachelField
1,council,04/06/2009,Nuneaton and Bedworth,Bedworth West ,http://www.warwickshire.gov.uk/corporate/committe.nsf/66313d7210fd430680256a140057d7fa/da76a24a7af732f880256ffc002c5dd6?OpenDocument,9845,2555,http://www.warwickshire.gov.uk/corporate/Elect09.nsf/ResultsByParty/C1A331A6B7F5438E80256F460052B46A,174,0,Green,Green,http://openelectiondata.org/id/parties/64,2849,Ben,,Phillips,BenPhillips
1,council,04/06/2009,Stratford,Bidford-on-Avon ,http://www.warwickshire.gov.uk/corporate/committe.nsf/d2d81776d1ed546080256a140057d7f9/13f78713f044de4480256ffc002c5dd8?OpenDocument,9846,3192,http://www.warwickshire.gov.uk/corporate/Elect09.nsf/ResultsByParty/CB34ABCB5A341D4180256F460052B460,108,0,Labour,Lab,http://openelectiondata.org/id/parties/6,2853,Matthew,Squire,Stephens,MatthewSquireStephens
1,council,04/06/2009,Stratford,Bidford-on-Avon ,http://www.warwickshire.gov.uk/corporate/committe.nsf/d2d81776d1ed546080256a140057d7f9/13f78713f044de4480256ffc002c5dd8?OpenDocument,9846,3192,http://www.warwickshire.gov.uk/corporate/Elect09.nsf/ResultsByParty/CB34ABCB5A341D4180256F460052B460,1653,1,Liberal Democrat,LibDem,http://openelectiondata.org/id/parties/26,2850,Peter,,Barnes,PeterBarnes
1,council,04/06/2009,Stratford,Bidford-on-Avon ,http://www.warwickshire.gov.uk/corporate/committe.nsf/d2d81776d1ed546080256a140057d7f9/13f78713f044de4480256ffc002c5dd8?OpenDocument,9846,3192,http://www.warwickshire.gov.uk/corporate/Elect09.nsf/ResultsByParty/CB34ABCB5A341D4180256F460052B460,1170,0,Conservative,Con,http://openelectiondata.org/id/parties/25,2851,Mike,,Brain,MikeBrain
1,council,04/06/2009,Stratford,Bidford-on-Avon ,http://www.warwickshire.gov.uk/corporate/committe.nsf/d2d81776d1ed546080256a140057d7f9/13f78713f044de4480256ffc002c5dd8?OpenDocument,9846,3192,http://www.warwickshire.gov.uk/corporate/Elect09.nsf/ResultsByParty/CB34ABCB5A341D4180256F460052B460,261,0,Green,Green,http://openelectiondata.org/id/parties/64,2852,Alison,Jane,Browne,AlisonJaneBrowne
1,council,04/06/2009,Warwick,Bishops Tachbrook ,https://www.warwickshire.gov.uk/corporate/committe.nsf/d2d81776d1ed546080256a140057d7f9/44df528348730dae80256ffc002c5de8?OpenDocument,9847,2392,http://www.warwickshire.gov.uk/corporate/Elect09.nsf/ResultsByParty/0D6C067E0F82AF4580256F850054BCE4,1424,1,Conservative,Con,http://openelectiondata.org/id/parties/25,2854,Les,,Caborn,LesCaborn
1,council,04/06/2009,Warwick,Bishops Tachbrook ,https://www.warwickshire.gov.uk/corporate/committe.nsf/d2d81776d1ed546080256a140057d7f9/44df528348730dae80256ffc002c5de8?OpenDocument,9847,2392,http://www.warwickshire.gov.uk/corporate/Elect09.nsf/ResultsByParty/0D6C067E0F82AF4580256F850054BCE4,347,0,Liberal Democrat,LibDem,http://openelectiondata.org/id/parties/26,2855,Carolyn,Patricia,Gifford,CarolynPatriciaGifford
1,council,04/06/2009,Warwick,Bishops Tachbrook ,https://www.warwickshire.gov.uk/corporate/committe.nsf/d2d81776d1ed546080256a140057d7f9/44df528348730dae80256ffc002c5de8?OpenDocument,9847,2392,http://www.warwickshire.gov.uk/corporate/Elect09.nsf/ResultsByParty/0D6C067E0F82AF4580256F850054BCE4,283,0,Green,Green,http://openelectiondata.org/id/parties/64,2856,Nicola,,Stevenson,NicolaStevenson
1,council,04/06/2009,Warwick,Bishops Tachbrook ,https://www.warwickshire.gov.uk/corporate/committe.nsf/d2d81776d1ed546080256a140057d7f9/44df528348730dae80256ffc002c5de8?OpenDocument,9847,2392,http://www.warwickshire.gov.uk/corporate/Elect09.nsf/ResultsByParty/0D6C067E0F82AF4580256F850054BCE4,338,0,Labour,Lab,http://openelectiondata.org/id/parties/6,2857,Liz,,Tomkins,LizTomkins
1,council,04/06/2009,Rugby,Brownsover ,http://www.warwickshire.gov.uk/corporate/committe.nsf/66313d7210fd430680256a140057d7fa/82001648bf96926180256ffc002c5de9?OpenDocument,9848,9078,http://www.warwickshire.gov.uk/corporate/Elect09.nsf/ResultsByParty/C865F35AF86F665680256F850054DA12,733,0,Liberal Democrat,LibDem,http://openelectiondata.org/id/parties/26,2861,Ted,,Pallot,TedPallot
1,council,04/06/2009,Rugby,Brownsover ,http://www.warwickshire.gov.uk/corporate/committe.nsf/66313d7210fd430680256a140057d7fa/82001648bf96926180256ffc002c5de9?OpenDocument,9848,9078,http://www.warwickshire.gov.uk/corporate/Elect09.nsf/ResultsByParty/C865F35AF86F665680256F850054DA12,1384,0,Labour,Lab,http://openelectiondata.org/id/parties/6,2858,Jeffrey,Graham,Coupe,JeffreyGrahamCoupe
1,council,04/06/2009,Rugby,Brownsover ,http://www.warwickshire.gov.uk/corporate/committe.nsf/66313d7210fd430680256a140057d7fa/82001648bf96926180256ffc002c5de9?OpenDocument,9848,9078,http://www.warwickshire.gov.uk/corporate/Elect09.nsf/ResultsByParty/C865F35AF86F665680256F850054DA12,1460,1,Conservative,Con,http://openelectiondata.org/id/parties/25,2865,Helen,Barbara,Walton,HelenBarbaraWalton
1,council,04/06/2009,Rugby,Brownsover ,http://www.warwickshire.gov.uk/corporate/committe.nsf/66313d7210fd430680256a140057d7fa/82001648bf96926180256ffc002c5de9?OpenDocument,9848,9078,http://www.warwickshire.gov.uk/corporate/Elect09.nsf/ResultsByParty/C865F35AF86F665680256F850054DA12,631,0,Green,Green,http://openelectiondata.org/id/parties/64,2862,Peter,Stephen,Reynolds,PeterStephenReynolds
1,council,04/06/2009,Rugby,Brownsover ,http://www.warwickshire.gov.uk/corporate/committe.nsf/66313d7210fd430680256a140057d7fa/82001648bf96926180256ffc002c5de9?OpenDocument,9848,9078,http://www.warwickshire.gov.uk/corporate/Elect09.nsf/ResultsByParty/C865F35AF86F665680256F850054DA12,640,0,Green,Green,http://openelectiondata.org/id/parties/64,2859,Lorna,Beryl,Dunleavy,LornaBerylDunleavy
1,council,04/06/2009,Rugby,Brownsover ,http://www.warwickshire.gov.uk/corporate/committe.nsf/66313d7210fd430680256a140057d7fa/82001648bf96926180256ffc002c5de9?OpenDocument,9848,9078,http://www.warwickshire.gov.uk/corporate/Elect09.nsf/ResultsByParty/C865F35AF86F665680256F850054DA12,471,0,Other,Other,NULL,2866,Patricia,,Wyatt,PatriciaWyatt
1,council,04/06/2009,Rugby,Brownsover ,http://www.warwickshire.gov.uk/corporate/committe.nsf/66313d7210fd430680256a140057d7fa/82001648bf96926180256ffc002c5de9?OpenDocument,9848,9078,http://www.warwickshire.gov.uk/corporate/Elect09.nsf/ResultsByParty/C865F35AF86F665680256F850054DA12,1686,1,Conservative,Con,http://openelectiondata.org/id/parties/25,2863,Carolyn,Ann,Robbins,CarolynAnnRobbins
1,council,04/06/2009,Rugby,Brownsover ,http://www.warwickshire.gov.uk/corporate/committe.nsf/66313d7210fd430680256a140057d7fa/82001648bf96926180256ffc002c5de9?OpenDocument,9848,9078,http://www.warwickshire.gov.uk/corporate/Elect09.nsf/ResultsByParty/C865F35AF86F665680256F850054DA12,1362,0,Labour,Lab,http://openelectiondata.org/id/parties/6,2860,Margaret,Bernadette,O'Rourke,MargaretBernadetteO'Rourke
1,council,04/06/2009,Rugby,Brownsover ,http://www.warwickshire.gov.uk/corporate/committe.nsf/66313d7210fd430680256a140057d7fa/82001648bf96926180256ffc002c5de9?OpenDocument,9848,9078,http://www.warwickshire.gov.uk/corporate/Elect09.nsf/ResultsByParty/C865F35AF86F665680256F850054DA12,711,0,Liberal Democrat,LibDem,http://openelectiondata.org/id/parties/26,2864,Neil,James,Sandison,NeilJamesSandison
1,council,04/06/2009,Nuneaton and Bedworth,Bulkington ,http://www.warwickshire.gov.uk/corporate/committe.nsf/d2d81776d1ed546080256a140057d7f9/89e17eb7695ba73380256ffc002c5dea?OpenDocument,9849,2539,http://www.warwickshire.gov.uk/corporate/Elect09.nsf/ResultsByParty/CB1E5E047EFE3A1780256F850054E802,379,0,BNP,BNP,http://openelectiondata.org/id/parties/38,2868,Deborah,Linda,Nicholas,DeborahLindaNicholas
1,council,04/06/2009,Nuneaton and Bedworth,Bulkington ,http://www.warwickshire.gov.uk/corporate/committe.nsf/d2d81776d1ed546080256a140057d7f9/89e17eb7695ba73380256ffc002c5dea?OpenDocument,9849,2539,http://www.warwickshire.gov.uk/corporate/Elect09.nsf/ResultsByParty/CB1E5E047EFE3A1780256F850054E802,1224,1,Conservative,Con,http://openelectiondata.org/id/parties/25,2869,John,Francis Sims,Ross,JohnFrancis SimsRoss
1,council,04/06/2009,Nuneaton and Bedworth,Bulkington ,http://www.warwickshire.gov.uk/corporate/committe.nsf/d2d81776d1ed546080256a140057d7f9/89e17eb7695ba73380256ffc002c5dea?OpenDocument,9849,2539,http://www.warwickshire.gov.uk/corporate/Elect09.nsf/ResultsByParty/CB1E5E047EFE3A1780256F850054E802,659,0,Labour,Lab,http://openelectiondata.org/id/parties/6,2870,Rod,,Scholey,RodScholey
1,council,04/06/2009,Nuneaton and Bedworth,Bulkington ,http://www.warwickshire.gov.uk/corporate/committe.nsf/d2d81776d1ed546080256a140057d7f9/89e17eb7695ba73380256ffc002c5dea?OpenDocument,9849,2539,http://www.warwickshire.gov.uk/corporate/Elect09.nsf/ResultsByParty/CB1E5E047EFE3A1780256F850054E802,277,0,Green,Green,http://openelectiondata.org/id/parties/64,2867,Janet,Alison,Alty,JanetAlisonAlty
1,council,04/06/2009,Rugby,Caldecott ,http://www.warwickshire.gov.uk/corporate/committe.nsf/d2d81776d1ed546080256a140057d7f9/cdd1d30f6798c27680256ffc002c5deb?OpenDocument,9850,9221,http://www.warwickshire.gov.uk/corporate/Elect09.nsf/ResultsByParty/A3174ED2DDFC5E3C80256F850054F3D6,510,0,Green,Green,http://openelectiondata.org/id/parties/64,2871,Chris,,Browne,ChrisBrowne
1,council,04/06/2009,Rugby,Caldecott ,http://www.warwickshire.gov.uk/corporate/committe.nsf/d2d81776d1ed546080256a140057d7f9/cdd1d30f6798c27680256ffc002c5deb?OpenDocument,9850,9221,http://www.warwickshire.gov.uk/corporate/Elect09.nsf/ResultsByParty/A3174ED2DDFC5E3C80256F850054F3D6,2156,1,Conservative,Con,http://openelectiondata.org/id/parties/25,2878,David,Alan,Wright,DavidAlanWright
1,council,04/06/2009,Rugby,Caldecott ,http://www.warwickshire.gov.uk/corporate/committe.nsf/d2d81776d1ed546080256a140057d7f9/cdd1d30f6798c27680256ffc002c5deb?OpenDocument,9850,9221,http://www.warwickshire.gov.uk/corporate/Elect09.nsf/ResultsByParty/A3174ED2DDFC5E3C80256F850054F3D6,629,0,Labour,Lab,http://openelectiondata.org/id/parties/6,2875,Ram,,Srivastava,RamSrivastava
1,council,04/06/2009,Rugby,Caldecott ,http://www.warwickshire.gov.uk/corporate/committe.nsf/d2d81776d1ed546080256a140057d7f9/cdd1d30f6798c27680256ffc002c5deb?OpenDocument,9850,9221,http://www.warwickshire.gov.uk/corporate/Elect09.nsf/ResultsByParty/A3174ED2DDFC5E3C80256F850054F3D6,546,0,Labour,Lab,http://openelectiondata.org/id/parties/6,2872,Andy,Robert,Coles,AndyRobertColes
1,council,04/06/2009,Rugby,Caldecott ,http://www.warwickshire.gov.uk/corporate/committe.nsf/d2d81776d1ed546080256a140057d7f9/cdd1d30f6798c27680256ffc002c5deb?OpenDocument,9850,9221,http://www.warwickshire.gov.uk/corporate/Elect09.nsf/ResultsByParty/A3174ED2DDFC5E3C80256F850054F3D6,1112,0,Liberal Democrat,LibDem,http://openelectiondata.org/id/parties/26,2876,Jess,,Upstone,JessUpstone
1,council,04/06/2009,Rugby,Caldecott ,http://www.warwickshire.gov.uk/corporate/committe.nsf/d2d81776d1ed546080256a140057d7f9/cdd1d30f6798c27680256ffc002c5deb?OpenDocument,9850,9221,http://www.warwickshire.gov.uk/corporate/Elect09.nsf/ResultsByParty/A3174ED2DDFC5E3C80256F850054F3D6,530,0,Green,Green,http://openelectiondata.org/id/parties/64,2873,Philip,Charles,Godden,PhilipCharlesGodden
1,council,04/06/2009,Rugby,Caldecott ,http://www.warwickshire.gov.uk/corporate/committe.nsf/d2d81776d1ed546080256a140057d7f9/cdd1d30f6798c27680256ffc002c5deb?OpenDocument,9850,9221,http://www.warwickshire.gov.uk/corporate/Elect09.nsf/ResultsByParty/A3174ED2DDFC5E3C80256F850054F3D6,2452,1,Conservative,Con,http://openelectiondata.org/id/parties/25,2877,John,,Vereker,JohnVereker
1,council,04/06/2009,Rugby,Caldecott ,http://www.warwickshire.gov.uk/corporate/committe.nsf/d2d81776d1ed546080256a140057d7f9/cdd1d30f6798c27680256ffc002c5deb?OpenDocument,9850,9221,http://www.warwickshire.gov.uk/corporate/Elect09.nsf/ResultsByParty/A3174ED2DDFC5E3C80256F850054F3D6,1286,0,Liberal Democrat,LibDem,http://openelectiondata.org/id/parties/26,2874,Gwen,,Hotten,GwenHotten
1,council,04/06/2009,North Warwickshire,Coleshill ,http://www.warwickshire.gov.uk/corporate/committe.nsf/66313d7210fd430680256a140057d7fa/0681c6bdb72b5d2080256ffc002c5dc2?OpenDocument,9851,2325,http://www.warwickshire.gov.uk/corporate/Elect09.nsf/ResultsByParty/2BCB36FF5BA5143C80256F460052B48A,339,0,Labour,Lab,http://openelectiondata.org/id/parties/6,2879,Christopher,David,Bain,ChristopherDavidBain
1,council,04/06/2009,North Warwickshire,Coleshill ,http://www.warwickshire.gov.uk/corporate/committe.nsf/66313d7210fd430680256a140057d7fa/0681c6bdb72b5d2080256ffc002c5dc2?OpenDocument,9851,2325,http://www.warwickshire.gov.uk/corporate/Elect09.nsf/ResultsByParty/2BCB36FF5BA5143C80256F460052B48A,1184,1,Conservative,Con,http://openelectiondata.org/id/parties/25,2880,Peter,John,Fowler,PeterJohnFowler
1,council,04/06/2009,North Warwickshire,Coleshill ,http://www.warwickshire.gov.uk/corporate/committe.nsf/66313d7210fd430680256a140057d7fa/0681c6bdb72b5d2080256ffc002c5dc2?OpenDocument,9851,2325,http://www.warwickshire.gov.uk/corporate/Elect09.nsf/ResultsByParty/2BCB36FF5BA5143C80256F460052B48A,580,0,Other,Other,NULL,2881,Norrie,,Henderson,NorrieHenderson
1,council,04/06/2009,North Warwickshire,Coleshill ,http://www.warwickshire.gov.uk/corporate/committe.nsf/66313d7210fd430680256a140057d7fa/0681c6bdb72b5d2080256ffc002c5dc2?OpenDocument,9851,2325,http://www.warwickshire.gov.uk/corporate/Elect09.nsf/ResultsByParty/2BCB36FF5BA5143C80256F460052B48A,222,0,Green,Green,http://openelectiondata.org/id/parties/64,2882,Rebecca,Susan,Oldham,RebeccaSusanOldham
1,council,04/06/2009,Warwick,Cubbington ,http://www.warwickshire.gov.uk/corporate/committe.nsf/66313d7210fd430680256a140057d7fa/e963195e2424edfd80256ffc002c5dd9?OpenDocument,9852,3321,http://www.warwickshire.gov.uk/corporate/Elect09.nsf/ResultsByParty/CB9F403DFDA3AFAF80256F460052B464,499,0,Liberal Democrat,LibDem,http://openelectiondata.org/id/parties/26,2886,David,Owen,Evans,DavidOwenEvans
1,council,04/06/2009,Warwick,Cubbington ,http://www.warwickshire.gov.uk/corporate/committe.nsf/66313d7210fd430680256a140057d7fa/e963195e2424edfd80256ffc002c5dd9?OpenDocument,9852,3321,http://www.warwickshire.gov.uk/corporate/Elect09.nsf/ResultsByParty/CB9F403DFDA3AFAF80256F460052B464,333,0,Green,Green,http://openelectiondata.org/id/parties/64,2883,Gareth,John,Davies,GarethJohnDavies
1,council,04/06/2009,Warwick,Cubbington ,http://www.warwickshire.gov.uk/corporate/committe.nsf/66313d7210fd430680256a140057d7fa/e963195e2424edfd80256ffc002c5dd9?OpenDocument,9852,3321,http://www.warwickshire.gov.uk/corporate/Elect09.nsf/ResultsByParty/CB9F403DFDA3AFAF80256F460052B464,480,0,Other,Other,NULL,2887,Alan,Francis,Harvey,AlanFrancisHarvey
1,council,04/06/2009,Warwick,Cubbington ,http://www.warwickshire.gov.uk/corporate/committe.nsf/66313d7210fd430680256a140057d7fa/e963195e2424edfd80256ffc002c5dd9?OpenDocument,9852,3321,http://www.warwickshire.gov.uk/corporate/Elect09.nsf/ResultsByParty/CB9F403DFDA3AFAF80256F460052B464,1562,1,Conservative,Con,http://openelectiondata.org/id/parties/25,2884,Michael,,Doody,MichaelDoody
1,council,04/06/2009,Warwick,Cubbington ,http://www.warwickshire.gov.uk/corporate/committe.nsf/66313d7210fd430680256a140057d7fa/e963195e2424edfd80256ffc002c5dd9?OpenDocument,9852,3321,http://www.warwickshire.gov.uk/corporate/Elect09.nsf/ResultsByParty/CB9F403DFDA3AFAF80256F460052B464,447,0,Labour,Lab,http://openelectiondata.org/id/parties/6,2885,Michael,David,Ellwood,MichaelDavidEllwood
1,council,04/06/2009,Rugby,Dunchurch ,http://www.warwickshire.gov.uk/corporate/committe.nsf/66313d7210fd430680256a140057d7fa/4322db7cbe228d6b80256ffc002c5dbe?OpenDocument,9853,3242,http://www.warwickshire.gov.uk/corporate/Elect09.nsf/ResultsByParty/0A214AEE782FD1CD80256F460052B468,589,0,Liberal Democrat,LibDem,http://openelectiondata.org/id/parties/26,2890,James,Edward,Hotten,JamesEdwardHotten
1,council,04/06/2009,Rugby,Dunchurch ,http://www.warwickshire.gov.uk/corporate/committe.nsf/66313d7210fd430680256a140057d7fa/4322db7cbe228d6b80256ffc002c5dbe?OpenDocument,9853,3242,http://www.warwickshire.gov.uk/corporate/Elect09.nsf/ResultsByParty/0A214AEE782FD1CD80256F460052B468,292,0,Green,Green,http://openelectiondata.org/id/parties/64,2891,George,,Houguez,GeorgeHouguez
1,council,04/06/2009,Rugby,Dunchurch ,http://www.warwickshire.gov.uk/corporate/committe.nsf/66313d7210fd430680256a140057d7fa/4322db7cbe228d6b80256ffc002c5dbe?OpenDocument,9853,3242,http://www.warwickshire.gov.uk/corporate/Elect09.nsf/ResultsByParty/0A214AEE782FD1CD80256F460052B468,276,0,Labour,Lab,http://openelectiondata.org/id/parties/6,2888,Brenda,Frances,Clarke,BrendaFrancesClarke
1,council,04/06/2009,Rugby,Dunchurch ,http://www.warwickshire.gov.uk/corporate/committe.nsf/66313d7210fd430680256a140057d7fa/4322db7cbe228d6b80256ffc002c5dbe?OpenDocument,9853,3242,http://www.warwickshire.gov.uk/corporate/Elect09.nsf/ResultsByParty/0A214AEE782FD1CD80256F460052B468,2085,1,Conservative,Con,http://openelectiondata.org/id/parties/25,2889,Robert,Charles,Hazelton,RobertCharlesHazelton
1,council,04/06/2009,Rugby,Earl Craven ,http://www.warwickshire.gov.uk/corporate/committe.nsf/d2d81776d1ed546080256a140057d7f9/c85e26a5a1d98e8b80256ffc002c5dd5?OpenDocument,9854,2973,http://www.warwickshire.gov.uk/corporate/Elect09.nsf/ResultsByParty/BD42E168D34F181A80256F460052B47A,351,0,Green,Green,http://openelectiondata.org/id/parties/64,2893,Elanor,,Roderick,ElanorRoderick
1,council,04/06/2009,Rugby,Earl Craven ,http://www.warwickshire.gov.uk/corporate/committe.nsf/d2d81776d1ed546080256a140057d7f9/c85e26a5a1d98e8b80256ffc002c5dd5?OpenDocument,9854,2973,http://www.warwickshire.gov.uk/corporate/Elect09.nsf/ResultsByParty/BD42E168D34F181A80256F460052B47A,1865,1,Conservative,Con,http://openelectiondata.org/id/parties/25,2894,Heather,Mary,Timms,HeatherMaryTimms
1,council,04/06/2009,Rugby,Earl Craven ,http://www.warwickshire.gov.uk/corporate/committe.nsf/d2d81776d1ed546080256a140057d7f9/c85e26a5a1d98e8b80256ffc002c5dd5?OpenDocument,9854,2973,http://www.warwickshire.gov.uk/corporate/Elect09.nsf/ResultsByParty/BD42E168D34F181A80256F460052B47A,385,0,Labour,Lab,http://openelectiondata.org/id/parties/6,2895,Donald,Lloyd,Williams,DonaldLloydWilliams
1,council,04/06/2009,Rugby,Earl Craven ,http://www.warwickshire.gov.uk/corporate/committe.nsf/d2d81776d1ed546080256a140057d7f9/c85e26a5a1d98e8b80256ffc002c5dd5?OpenDocument,9854,2973,http://www.warwickshire.gov.uk/corporate/Elect09.nsf/ResultsByParty/BD42E168D34F181A80256F460052B47A,372,0,Liberal Democrat,LibDem,http://openelectiondata.org/id/parties/26,2892,Mark,Stephen,Gregory,MarkStephenGregory
1,council,04/06/2009,Rugby,Eastlands & Hillmorton ,http://www.warwickshire.gov.uk/corporate/committe.nsf/66313d7210fd430680256a140057d7fa/b421a33a92f09ec580256ffc002c5dec?OpenDocument,9855,8794,http://www.warwickshire.gov.uk/corporate/Elect09.nsf/ResultsByParty/FE423FD92822BC6780256F8500551A96,1388,0,Conservative,Con,http://openelectiondata.org/id/parties/25,2896,David,Dick,Cranham,DavidDickCranham
1,council,04/06/2009,Rugby,Eastlands & Hillmorton ,http://www.warwickshire.gov.uk/corporate/committe.nsf/66313d7210fd430680256a140057d7fa/b421a33a92f09ec580256ffc002c5dec?OpenDocument,9855,8794,http://www.warwickshire.gov.uk/corporate/Elect09.nsf/ResultsByParty/FE423FD92822BC6780256F8500551A96,435,0,Labour,Lab,http://openelectiondata.org/id/parties/6,2903,Kathleen,Yuk King,Yu,KathleenYuk KingYu
1,council,04/06/2009,Rugby,Eastlands & Hillmorton ,http://www.warwickshire.gov.uk/corporate/committe.nsf/66313d7210fd430680256a140057d7fa/b421a33a92f09ec580256ffc002c5dec?OpenDocument,9855,8794,http://www.warwickshire.gov.uk/corporate/Elect09.nsf/ResultsByParty/FE423FD92822BC6780256F8500551A96,960,0,Conservative,Con,http://openelectiondata.org/id/parties/25,2900,Edward,Herbert Joce,Palusinski,EdwardHerbert JocePalusinski
1,council,04/06/2009,Rugby,Eastlands & Hillmorton ,http://www.warwickshire.gov.uk/corporate/committe.nsf/66313d7210fd430680256a140057d7fa/b421a33a92f09ec580256ffc002c5dec?OpenDocument,9855,8794,http://www.warwickshire.gov.uk/corporate/Elect09.nsf/ResultsByParty/FE423FD92822BC6780256F8500551A96,744,0,Labour,Lab,http://openelectiondata.org/id/parties/6,2897,Terry,,Deery,TerryDeery
1,council,04/06/2009,Rugby,Eastlands & Hillmorton ,http://www.warwickshire.gov.uk/corporate/committe.nsf/66313d7210fd430680256a140057d7fa/b421a33a92f09ec580256ffc002c5dec?OpenDocument,9855,8794,http://www.warwickshire.gov.uk/corporate/Elect09.nsf/ResultsByParty/FE423FD92822BC6780256F8500551A96,2235,1,Liberal Democrat,LibDem,http://openelectiondata.org/id/parties/26,2901,Jerry,,Roodhouse,JerryRoodhouse
1,council,04/06/2009,Rugby,Eastlands & Hillmorton ,http://www.warwickshire.gov.uk/corporate/committe.nsf/66313d7210fd430680256a140057d7fa/b421a33a92f09ec580256ffc002c5dec?OpenDocument,9855,8794,http://www.warwickshire.gov.uk/corporate/Elect09.nsf/ResultsByParty/FE423FD92822BC6780256F8500551A96,2295,1,Liberal Democrat,LibDem,http://openelectiondata.org/id/parties/26,2898,Richard,James,Dodd,RichardJamesDodd
1,council,04/06/2009,Rugby,Eastlands & Hillmorton ,http://www.warwickshire.gov.uk/corporate/committe.nsf/66313d7210fd430680256a140057d7fa/b421a33a92f09ec580256ffc002c5dec?OpenDocument,9855,8794,http://www.warwickshire.gov.uk/corporate/Elect09.nsf/ResultsByParty/FE423FD92822BC6780256F8500551A96,323,0,Green,Green,http://openelectiondata.org/id/parties/64,2902,John,Noah Murgatroyd,Walton,JohnNoah MurgatroydWalton
1,council,04/06/2009,Rugby,Eastlands & Hillmorton ,http://www.warwickshire.gov.uk/corporate/committe.nsf/66313d7210fd430680256a140057d7fa/b421a33a92f09ec580256ffc002c5dec?OpenDocument,9855,8794,http://www.warwickshire.gov.uk/corporate/Elect09.nsf/ResultsByParty/FE423FD92822BC6780256F8500551A96,414,0,Green,Green,http://openelectiondata.org/id/parties/64,2899,Jesse,,Meadows,JesseMeadows
1,council,04/06/2009,Stratford,Feldon ,https://www.warwickshire.gov.uk/corporate/committe.nsf/d2d81776d1ed546080256a140057d7f9/690f4577a1c4027c80256ffc002c5ded?OpenDocument,9856,3162,http://www.warwickshire.gov.uk/corporate/Elect09.nsf/ResultsByParty/0F5E6368E97DE19680256F850055279C,242,0,Green,Green,http://openelectiondata.org/id/parties/64,2904,Alice,Rhiannon,Eardley,AliceRhiannonEardley
1,council,04/06/2009,Stratford,Feldon ,https://www.warwickshire.gov.uk/corporate/committe.nsf/d2d81776d1ed546080256a140057d7f9/690f4577a1c4027c80256ffc002c5ded?OpenDocument,9856,3162,http://www.warwickshire.gov.uk/corporate/Elect09.nsf/ResultsByParty/0F5E6368E97DE19680256F850055279C,1202,0,Liberal Democrat,LibDem,http://openelectiondata.org/id/parties/26,2905,Sue,,Roderick,SueRoderick
1,council,04/06/2009,Stratford,Feldon ,https://www.warwickshire.gov.uk/corporate/committe.nsf/d2d81776d1ed546080256a140057d7f9/690f4577a1c4027c80256ffc002c5ded?OpenDocument,9856,3162,http://www.warwickshire.gov.uk/corporate/Elect09.nsf/ResultsByParty/0F5E6368E97DE19680256F850055279C,1718,1,Conservative,Con,http://openelectiondata.org/id/parties/25,2906,Bob,,Stevens,BobStevens
1,council,04/06/2009,Rugby,Fosse ,http://www.warwickshire.gov.uk/corporate/committe.nsf/d2d81776d1ed546080256a140057d7f9/1b6fc7727b089cc280256ffc002c5dce?OpenDocument,9857,2793,http://www.warwickshire.gov.uk/corporate/Elect09.nsf/ResultsByParty/8E8BFFDE4031574680256F460052B489,368,0,Liberal Democrat,LibDem,http://openelectiondata.org/id/parties/26,2908,David,Charles,Elson,DavidCharlesElson
1,council,04/06/2009,Rugby,Fosse ,http://www.warwickshire.gov.uk/corporate/committe.nsf/d2d81776d1ed546080256a140057d7f9/1b6fc7727b089cc280256ffc002c5dce?OpenDocument,9857,2793,http://www.warwickshire.gov.uk/corporate/Elect09.nsf/ResultsByParty/8E8BFFDE4031574680256F460052B489,1761,1,Conservative,Con,http://openelectiondata.org/id/parties/25,2909,Robert,Phillip Lort,Morris-Jones,RobertPhillip LortMorris-Jones
1,council,04/06/2009,Rugby,Fosse ,http://www.warwickshire.gov.uk/corporate/committe.nsf/d2d81776d1ed546080256a140057d7f9/1b6fc7727b089cc280256ffc002c5dce?OpenDocument,9857,2793,http://www.warwickshire.gov.uk/corporate/Elect09.nsf/ResultsByParty/8E8BFFDE4031574680256F460052B489,322,0,Green,Green,http://openelectiondata.org/id/parties/64,2910,Paul,David,Sandison,PaulDavidSandison
1,council,04/06/2009,Rugby,Fosse ,http://www.warwickshire.gov.uk/corporate/committe.nsf/d2d81776d1ed546080256a140057d7f9/1b6fc7727b089cc280256ffc002c5dce?OpenDocument,9857,2793,http://www.warwickshire.gov.uk/corporate/Elect09.nsf/ResultsByParty/8E8BFFDE4031574680256F460052B489,342,0,Labour,Lab,http://openelectiondata.org/id/parties/6,2907,Robert,Charles,Bevin,RobertCharlesBevin
1,council,04/06/2009,North Warwickshire,Hartshill ,http://www.warwickshire.gov.uk/corporate/committe.nsf/d2d81776d1ed546080256a140057d7f9/adbac5eb60f0468680256ffc002c5dda?OpenDocument,9858,2228,http://www.warwickshire.gov.uk/corporate/Elect09.nsf/ResultsByParty/CD0773C0A55E942D80256F460052B462,989,1,Conservative,Con,http://openelectiondata.org/id/parties/25,2911,Carol,,Fox,CarolFox
1,council,04/06/2009,North Warwickshire,Hartshill ,http://www.warwickshire.gov.uk/corporate/committe.nsf/d2d81776d1ed546080256a140057d7f9/adbac5eb60f0468680256ffc002c5dda?OpenDocument,9858,2228,http://www.warwickshire.gov.uk/corporate/Elect09.nsf/ResultsByParty/CD0773C0A55E942D80256F460052B462,619,0,Labour,Lab,http://openelectiondata.org/id/parties/6,2912,Richard,John,Grant,RichardJohnGrant
1,council,04/06/2009,North Warwickshire,Hartshill ,http://www.warwickshire.gov.uk/corporate/committe.nsf/d2d81776d1ed546080256a140057d7f9/adbac5eb60f0468680256ffc002c5dda?OpenDocument,9858,2228,http://www.warwickshire.gov.uk/corporate/Elect09.nsf/ResultsByParty/CD0773C0A55E942D80256F460052B462,404,0,Liberal Democrat,LibDem,http://openelectiondata.org/id/parties/26,2913,Kieren,Luke,Moss,KierenLukeMoss
1,council,04/06/2009,North Warwickshire,Hartshill ,http://www.warwickshire.gov.uk/corporate/committe.nsf/d2d81776d1ed546080256a140057d7f9/adbac5eb60f0468680256ffc002c5dda?OpenDocument,9858,2228,http://www.warwickshire.gov.uk/corporate/Elect09.nsf/ResultsByParty/CD0773C0A55E942D80256F460052B462,216,0,Green,Green,http://openelectiondata.org/id/parties/64,2914,Stan,,Shire,StanShire
1,council,04/06/2009,Stratford,Henley-in-Arden ,http://www.warwickshire.gov.uk/corporate/committe.nsf/66313d7210fd430680256a140057d7fa/b01c0b7d6e74ca3b80256ffc002c5dc3?OpenDocument,9859,2965,http://www.warwickshire.gov.uk/corporate/Elect09.nsf/ResultsByParty/2E9276BD53D395BC80256F460052B488,2003,1,Conservative,Con,http://openelectiondata.org/id/parties/25,2918,Mike,,Perry,MikePerry
1,council,04/06/2009,Stratford,Henley-in-Arden ,http://www.warwickshire.gov.uk/corporate/committe.nsf/66313d7210fd430680256a140057d7fa/b01c0b7d6e74ca3b80256ffc002c5dc3?OpenDocument,9859,2965,http://www.warwickshire.gov.uk/corporate/Elect09.nsf/ResultsByParty/2E9276BD53D395BC80256F460052B488,244,0,Green,Green,http://openelectiondata.org/id/parties/64,2915,Judith,Helen,Barrett,JudithHelenBarrett
1,council,04/06/2009,Stratford,Henley-in-Arden ,http://www.warwickshire.gov.uk/corporate/committe.nsf/66313d7210fd430680256a140057d7fa/b01c0b7d6e74ca3b80256ffc002c5dc3?OpenDocument,9859,2965,http://www.warwickshire.gov.uk/corporate/Elect09.nsf/ResultsByParty/2E9276BD53D395BC80256F460052B488,147,0,Labour,Lab,http://openelectiondata.org/id/parties/6,2916,Alec,George,Brown,AlecGeorgeBrown
1,council,04/06/2009,Stratford,Henley-in-Arden ,http://www.warwickshire.gov.uk/corporate/committe.nsf/66313d7210fd430680256a140057d7fa/b01c0b7d6e74ca3b80256ffc002c5dc3?OpenDocument,9859,2965,http://www.warwickshire.gov.uk/corporate/Elect09.nsf/ResultsByParty/2E9276BD53D395BC80256F460052B488,571,0,Liberal Democrat,LibDem,http://openelectiondata.org/id/parties/26,2917,John,Michael,Cook,JohnMichaelCook
1,council,04/06/2009,Warwick,Kenilworth Abbey ,http://www.warwickshire.gov.uk/corporate/committe.nsf/d2d81776d1ed546080256a140057d7f9/9f5b30aab5b9f66c80256ffc002c5dd3?OpenDocument,9860,3460,http://www.warwickshire.gov.uk/corporate/Elect09.nsf/ResultsByParty/B59106B52DFB6AE080256F460052B47F,218,0,Labour,Lab,http://openelectiondata.org/id/parties/6,2921,Peter,Joseph,Shiels,PeterJosephShiels
1,council,04/06/2009,Warwick,Kenilworth Abbey ,http://www.warwickshire.gov.uk/corporate/committe.nsf/d2d81776d1ed546080256a140057d7f9/9f5b30aab5b9f66c80256ffc002c5dd3?OpenDocument,9860,3460,http://www.warwickshire.gov.uk/corporate/Elect09.nsf/ResultsByParty/B59106B52DFB6AE080256F460052B47F,1503,1,Liberal Democrat,LibDem,http://openelectiondata.org/id/parties/26,2922,John,Richard,Whitehouse,JohnRichardWhitehouse
1,council,04/06/2009,Warwick,Kenilworth Abbey ,http://www.warwickshire.gov.uk/corporate/committe.nsf/d2d81776d1ed546080256a140057d7f9/9f5b30aab5b9f66c80256ffc002c5dd3?OpenDocument,9860,3460,http://www.warwickshire.gov.uk/corporate/Elect09.nsf/ResultsByParty/B59106B52DFB6AE080256F460052B47F,251,0,Green,Green,http://openelectiondata.org/id/parties/64,2919,Diana,Catherine,Clarke,DianaCatherineClarke
1,council,04/06/2009,Warwick,Kenilworth Abbey ,http://www.warwickshire.gov.uk/corporate/committe.nsf/d2d81776d1ed546080256a140057d7f9/9f5b30aab5b9f66c80256ffc002c5dd3?OpenDocument,9860,3460,http://www.warwickshire.gov.uk/corporate/Elect09.nsf/ResultsByParty/B59106B52DFB6AE080256F460052B47F,1488,0,Conservative,Con,http://openelectiondata.org/id/parties/25,2920,George,,Illingworth,GeorgeIllingworth
1,council,04/06/2009,Warwick,Kenilworth Park Hill ,http://www.warwickshire.gov.uk/corporate/committe.nsf/d2d81776d1ed546080256a140057d7f9/52cfa6c7644f6f3780256ffc002c5dd2?OpenDocument,9861,2877,http://www.warwickshire.gov.uk/corporate/Elect09.nsf/ResultsByParty/A519BEE425A2B31A80256F460052B46F,752,0,Liberal Democrat,LibDem,http://openelectiondata.org/id/parties/26,2925,Pat,,Ryan,PatRyan
1,council,04/06/2009,Warwick,Kenilworth Park Hill ,http://www.warwickshire.gov.uk/corporate/committe.nsf/d2d81776d1ed546080256a140057d7f9/52cfa6c7644f6f3780256ffc002c5dd2?OpenDocument,9861,2877,http://www.warwickshire.gov.uk/corporate/Elect09.nsf/ResultsByParty/A519BEE425A2B31A80256F460052B46F,1550,1,Conservative,Con,http://openelectiondata.org/id/parties/25,2926,Dave,,Shilton,DaveShilton
1,council,04/06/2009,Warwick,Kenilworth Park Hill ,http://www.warwickshire.gov.uk/corporate/committe.nsf/d2d81776d1ed546080256a140057d7f9/52cfa6c7644f6f3780256ffc002c5dd2?OpenDocument,9861,2877,http://www.warwickshire.gov.uk/corporate/Elect09.nsf/ResultsByParty/A519BEE425A2B31A80256F460052B46F,283,0,Green,Green,http://openelectiondata.org/id/parties/64,2923,James,Nicholas,Harrison,JamesNicholasHarrison
1,council,04/06/2009,Warwick,Kenilworth Park Hill ,http://www.warwickshire.gov.uk/corporate/committe.nsf/d2d81776d1ed546080256a140057d7f9/52cfa6c7644f6f3780256ffc002c5dd2?OpenDocument,9861,2877,http://www.warwickshire.gov.uk/corporate/Elect09.nsf/ResultsByParty/A519BEE425A2B31A80256F460052B46F,292,0,Labour,Lab,http://openelectiondata.org/id/parties/6,2924,Justine,Laura,Potts,JustineLauraPotts
1,council,04/06/2009,Warwick,Kenilworth St. John's ,http://www.warwickshire.gov.uk/corporate/committe.nsf/d2d81776d1ed546080256a140057d7f9/2e3d8c84cf94db6b80256ffc002c5de2?OpenDocument,9862,2826,http://www.warwickshire.gov.uk/corporate/Elect09.nsf/ResultsByParty/F737508678FEAFE380256F460052B496,794,0,Liberal Democrat,LibDem,http://openelectiondata.org/id/parties/26,2929,Kate,,Dickson,KateDickson
1,council,04/06/2009,Warwick,Kenilworth St. John's ,http://www.warwickshire.gov.uk/corporate/committe.nsf/d2d81776d1ed546080256a140057d7f9/2e3d8c84cf94db6b80256ffc002c5de2?OpenDocument,9862,2826,http://www.warwickshire.gov.uk/corporate/Elect09.nsf/ResultsByParty/F737508678FEAFE380256F460052B496,1346,1,Conservative,Con,http://openelectiondata.org/id/parties/25,2928,Alan,,Cockburn,AlanCockburn
1,council,04/06/2009,Warwick,Kenilworth St. John's ,http://www.warwickshire.gov.uk/corporate/committe.nsf/d2d81776d1ed546080256a140057d7f9/2e3d8c84cf94db6b80256ffc002c5de2?OpenDocument,9862,2826,http://www.warwickshire.gov.uk/corporate/Elect09.nsf/ResultsByParty/F737508678FEAFE380256F460052B496,322,0,Labour,Lab,http://openelectiondata.org/id/parties/6,2930,Jeremy,,Eastaugh,JeremyEastaugh
1,council,04/06/2009,Warwick,Kenilworth St. John's ,http://www.warwickshire.gov.uk/corporate/committe.nsf/d2d81776d1ed546080256a140057d7f9/2e3d8c84cf94db6b80256ffc002c5de2?OpenDocument,9862,2826,http://www.warwickshire.gov.uk/corporate/Elect09.nsf/ResultsByParty/F737508678FEAFE380256F460052B496,141,0,BNP,BNP,http://openelectiondata.org/id/parties/38,2931,George,Albert,Jones,GeorgeAlbertJones
1,council,04/06/2009,Warwick,Kenilworth St. John's ,http://www.warwickshire.gov.uk/corporate/committe.nsf/d2d81776d1ed546080256a140057d7f9/2e3d8c84cf94db6b80256ffc002c5de2?OpenDocument,9862,2826,http://www.warwickshire.gov.uk/corporate/Elect09.nsf/ResultsByParty/F737508678FEAFE380256F460052B496,223,0,Green,Green,http://openelectiondata.org/id/parties/64,2927, Pippa,,Austin, PippaAustin
1,council,04/06/2009,Stratford,Kineton ,http://www.warwickshire.gov.uk/corporate/committe.nsf/d2d81776d1ed546080256a140057d7f9/1eed8be0a643995880256ffc002c5dde?OpenDocument,9863,3029,http://www.warwickshire.gov.uk/corporate/Elect09.nsf/ResultsByParty/E6562FD5E37401A080256F460052B495,325,0,Green,Green,http://openelectiondata.org/id/parties/64,2933,Jessica,,Pinson,JessicaPinson
1,council,04/06/2009,Stratford,Kineton ,http://www.warwickshire.gov.uk/corporate/committe.nsf/d2d81776d1ed546080256a140057d7f9/1eed8be0a643995880256ffc002c5dde?OpenDocument,9863,3029,http://www.warwickshire.gov.uk/corporate/Elect09.nsf/ResultsByParty/E6562FD5E37401A080256F460052B495,1561,1,Conservative,Con,http://openelectiondata.org/id/parties/25,2934,Chris,,Williams,ChrisWilliams
1,council,04/06/2009,Stratford,Kineton ,http://www.warwickshire.gov.uk/corporate/committe.nsf/d2d81776d1ed546080256a140057d7f9/1eed8be0a643995880256ffc002c5dde?OpenDocument,9863,3029,http://www.warwickshire.gov.uk/corporate/Elect09.nsf/ResultsByParty/E6562FD5E37401A080256F460052B495,1143,0,Liberal Democrat,LibDem,http://openelectiondata.org/id/parties/26,2932,David,,Booth,DavidBooth
1,council,04/06/2009,North Warwickshire,Kingsbury ,http://www.warwickshire.gov.uk/corporate/committe.nsf/0/e9fa14772b23437480256ffc002c5dca?OpenDocument,9864,2220,http://www.warwickshire.gov.uk/corporate/Elect09.nsf/ResultsByParty/7731E93C61408BD080256F460052B484,271,0,Green,Green,http://openelectiondata.org/id/parties/64,2936,Steve,,Griffiths,SteveGriffiths
1,council,04/06/2009,North Warwickshire,Kingsbury ,http://www.warwickshire.gov.uk/corporate/committe.nsf/0/e9fa14772b23437480256ffc002c5dca?OpenDocument,9864,2220,http://www.warwickshire.gov.uk/corporate/Elect09.nsf/ResultsByParty/7731E93C61408BD080256F460052B484,1085,1,Labour,Lab,http://openelectiondata.org/id/parties/6,2937,Brian,Peter,Moss,BrianPeterMoss
1,council,04/06/2009,North Warwickshire,Kingsbury ,http://www.warwickshire.gov.uk/corporate/committe.nsf/0/e9fa14772b23437480256ffc002c5dca?OpenDocument,9864,2220,http://www.warwickshire.gov.uk/corporate/Elect09.nsf/ResultsByParty/7731E93C61408BD080256F460052B484,864,0,Conservative,Con,http://openelectiondata.org/id/parties/25,2935,Gary,,Chamberlain,GaryChamberlain
1,council,04/06/2009,Rugby,Lawford & New Bilton ,http://www.warwickshire.gov.uk/corporate/committe.nsf/d2d81776d1ed546080256a140057d7f9/30092dc103a5b37980256ffc002c5dee?OpenDocument,9865,2599,http://www.warwickshire.gov.uk/corporate/Elect09.nsf/ResultsByParty/493441081E707F5880256F85005556D1,250,0,Liberal Democrat,LibDem,http://openelectiondata.org/id/parties/26,2940,Diane,,Pask,DianePask
1,council,04/06/2009,Rugby,Lawford & New Bilton ,http://www.warwickshire.gov.uk/corporate/committe.nsf/d2d81776d1ed546080256a140057d7f9/30092dc103a5b37980256ffc002c5dee?OpenDocument,9865,2599,http://www.warwickshire.gov.uk/corporate/Elect09.nsf/ResultsByParty/493441081E707F5880256F85005556D1,350,0,Green,Green,http://openelectiondata.org/id/parties/64,2941,Roy,Leonard,Sandison,RoyLeonardSandison
1,council,04/06/2009,Rugby,Lawford & New Bilton ,http://www.warwickshire.gov.uk/corporate/committe.nsf/d2d81776d1ed546080256a140057d7f9/30092dc103a5b37980256ffc002c5dee?OpenDocument,9865,2599,http://www.warwickshire.gov.uk/corporate/Elect09.nsf/ResultsByParty/493441081E707F5880256F85005556D1,315,0,BNP,BNP,http://openelectiondata.org/id/parties/38,2938,Jo,,Felvus-McCarron,JoFelvus-McCarron
1,council,04/06/2009,Rugby,Lawford & New Bilton ,http://www.warwickshire.gov.uk/corporate/committe.nsf/d2d81776d1ed546080256a140057d7f9/30092dc103a5b37980256ffc002c5dee?OpenDocument,9865,2599,http://www.warwickshire.gov.uk/corporate/Elect09.nsf/ResultsByParty/493441081E707F5880256F85005556D1,931,1,Conservative,Con,http://openelectiondata.org/id/parties/25,2942,Claire,,Watson,ClaireWatson
1,council,04/06/2009,Rugby,Lawford & New Bilton ,http://www.warwickshire.gov.uk/corporate/committe.nsf/d2d81776d1ed546080256a140057d7f9/30092dc103a5b37980256ffc002c5dee?OpenDocument,9865,2599,http://www.warwickshire.gov.uk/corporate/Elect09.nsf/ResultsByParty/493441081E707F5880256F85005556D1,753,0,Labour,Lab,http://openelectiondata.org/id/parties/6,2939,Douglas,James Parsons,Hodkinson,DouglasJames ParsonsHodkinson
1,council,04/06/2009,Warwick,Leamington Brunswick ,http://www.warwickshire.gov.uk/corporate/committe.nsf/66313d7210fd430680256a140057d7fa/86f064b29b89015b80256ffc002c5dc6?OpenDocument,9866,1680,http://www.warwickshire.gov.uk/corporate/Elect09.nsf/ResultsByParty/36E1CEFAC6DEF69C80256F460052B466,276,0,Liberal Democrat,LibDem,http://openelectiondata.org/id/parties/26,2946,Robert,Leslie,New,RobertLeslieNew
1,council,04/06/2009,Warwick,Leamington Brunswick ,http://www.warwickshire.gov.uk/corporate/committe.nsf/66313d7210fd430680256a140057d7fa/86f064b29b89015b80256ffc002c5dc6?OpenDocument,9866,1680,http://www.warwickshire.gov.uk/corporate/Elect09.nsf/ResultsByParty/36E1CEFAC6DEF69C80256F460052B466,644,1,Labour,Lab,http://openelectiondata.org/id/parties/6,2943,Penny,,Bould,PennyBould
1,council,04/06/2009,Warwick,Leamington Brunswick ,http://www.warwickshire.gov.uk/corporate/committe.nsf/66313d7210fd430680256a140057d7fa/86f064b29b89015b80256ffc002c5dc6?OpenDocument,9866,1680,http://www.warwickshire.gov.uk/corporate/Elect09.nsf/ResultsByParty/36E1CEFAC6DEF69C80256F460052B466,285,0,Green,Green,http://openelectiondata.org/id/parties/64,2944,Bruce,Simon,Knight,BruceSimonKnight
1,council,04/06/2009,Warwick,Leamington Brunswick ,http://www.warwickshire.gov.uk/corporate/committe.nsf/66313d7210fd430680256a140057d7fa/86f064b29b89015b80256ffc002c5dc6?OpenDocument,9866,1680,http://www.warwickshire.gov.uk/corporate/Elect09.nsf/ResultsByParty/36E1CEFAC6DEF69C80256F460052B466,475,0,Conservative,Con,http://openelectiondata.org/id/parties/25,2945,Didar,,Kundi,DidarKundi
1,council,04/06/2009,Warwick,Leamington Milverton ,http://www.warwickshire.gov.uk/corporate/committe.nsf/d2d81776d1ed546080256a140057d7f9/0a4e20402cf5a06280256ffc002c5dc8?OpenDocument,9867,3025,http://www.warwickshire.gov.uk/corporate/Elect09.nsf/ResultsByParty/6C72530E950106AA80256F460052B482,825,0,Conservative,Con,http://openelectiondata.org/id/parties/25,2950,Wallace,,Redford,WallaceRedford
1,council,04/06/2009,Warwick,Leamington Milverton ,http://www.warwickshire.gov.uk/corporate/committe.nsf/d2d81776d1ed546080256a140057d7f9/0a4e20402cf5a06280256ffc002c5dc8?OpenDocument,9867,3025,http://www.warwickshire.gov.uk/corporate/Elect09.nsf/ResultsByParty/6C72530E950106AA80256F460052B482,1339,1,Liberal Democrat,LibDem,http://openelectiondata.org/id/parties/26,2947,Christopher,Charles Lawson,Davis,ChristopherCharles LawsonDavis
1,council,04/06/2009,Warwick,Leamington Milverton ,http://www.warwickshire.gov.uk/corporate/committe.nsf/d2d81776d1ed546080256a140057d7f9/0a4e20402cf5a06280256ffc002c5dc8?OpenDocument,9867,3025,http://www.warwickshire.gov.uk/corporate/Elect09.nsf/ResultsByParty/6C72530E950106AA80256F460052B482,608,0,Green,Green,http://openelectiondata.org/id/parties/64,2948,Ian,William,Davison,IanWilliamDavison
1,council,04/06/2009,Warwick,Leamington Milverton ,http://www.warwickshire.gov.uk/corporate/committe.nsf/d2d81776d1ed546080256a140057d7f9/0a4e20402cf5a06280256ffc002c5dc8?OpenDocument,9867,3025,http://www.warwickshire.gov.uk/corporate/Elect09.nsf/ResultsByParty/6C72530E950106AA80256F460052B482,253,0,Labour,Lab,http://openelectiondata.org/id/parties/6,2949,Malcolm,James,Fraser,MalcolmJamesFraser
1,council,04/06/2009,Warwick,Leamington North ,https://www.warwickshire.gov.uk/corporate/committe.nsf/d2d81776d1ed546080256a140057d7f9/4e62c5aaa735df6780256ffc002c5dbf?OpenDocument,9868,11245,http://www.warwickshire.gov.uk/corporate/Elect09.nsf/ResultsByParty/250223E6B6E8E0FA80256F460052B48F,555,0,Green,Green,http://openelectiondata.org/id/parties/64,2954,Felicity,,Rock,FelicityRock
1,council,04/06/2009,Warwick,Leamington North ,https://www.warwickshire.gov.uk/corporate/committe.nsf/d2d81776d1ed546080256a140057d7f9/4e62c5aaa735df6780256ffc002c5dbf?OpenDocument,9868,11245,http://www.warwickshire.gov.uk/corporate/Elect09.nsf/ResultsByParty/250223E6B6E8E0FA80256F460052B48F,1552,0,Conservative,Con,http://openelectiondata.org/id/parties/25,2953,Andy,,Leahy,AndyLeahy
1,council,04/06/2009,Warwick,Leamington North ,https://www.warwickshire.gov.uk/corporate/committe.nsf/d2d81776d1ed546080256a140057d7f9/4e62c5aaa735df6780256ffc002c5dbf?OpenDocument,9868,11245,http://www.warwickshire.gov.uk/corporate/Elect09.nsf/ResultsByParty/250223E6B6E8E0FA80256F460052B48F,459,0,Green,Green,http://openelectiondata.org/id/parties/64,2958,Thomas,Andrew,Watson,ThomasAndrewWatson
1,council,04/06/2009,Warwick,Leamington North ,https://www.warwickshire.gov.uk/corporate/committe.nsf/d2d81776d1ed546080256a140057d7f9/4e62c5aaa735df6780256ffc002c5dbf?OpenDocument,9868,11245,http://www.warwickshire.gov.uk/corporate/Elect09.nsf/ResultsByParty/250223E6B6E8E0FA80256F460052B48F,629,0,Labour,Lab,http://openelectiondata.org/id/parties/6,2955,Robert,Alasdair,Russell,RobertAlasdairRussell
1,council,04/06/2009,Warwick,Leamington North ,https://www.warwickshire.gov.uk/corporate/committe.nsf/d2d81776d1ed546080256a140057d7f9/4e62c5aaa735df6780256ffc002c5dbf?OpenDocument,9868,11245,http://www.warwickshire.gov.uk/corporate/Elect09.nsf/ResultsByParty/250223E6B6E8E0FA80256F460052B48F,608,0,Labour,Lab,http://openelectiondata.org/id/parties/6,2959,Jerry,John,Weber,JerryJohnWeber
1,council,04/06/2009,Warwick,Leamington North ,https://www.warwickshire.gov.uk/corporate/committe.nsf/d2d81776d1ed546080256a140057d7f9/4e62c5aaa735df6780256ffc002c5dbf?OpenDocument,9868,11245,http://www.warwickshire.gov.uk/corporate/Elect09.nsf/ResultsByParty/250223E6B6E8E0FA80256F460052B48F,2856,1,Liberal Democrat,LibDem,http://openelectiondata.org/id/parties/26,2951,Sarah,Elizabeth,Boad,SarahElizabethBoad
1,council,04/06/2009,Warwick,Leamington North ,https://www.warwickshire.gov.uk/corporate/committe.nsf/d2d81776d1ed546080256a140057d7f9/4e62c5aaa735df6780256ffc002c5dbf?OpenDocument,9868,11245,http://www.warwickshire.gov.uk/corporate/Elect09.nsf/ResultsByParty/250223E6B6E8E0FA80256F460052B48F,1279,0,Conservative,Con,http://openelectiondata.org/id/parties/25,2956,Clair,,Taylor-Powell,ClairTaylor-Powell
1,council,04/06/2009,Warwick,Leamington North ,https://www.warwickshire.gov.uk/corporate/committe.nsf/d2d81776d1ed546080256a140057d7f9/4e62c5aaa735df6780256ffc002c5dbf?OpenDocument,9868,11245,http://www.warwickshire.gov.uk/corporate/Elect09.nsf/ResultsByParty/250223E6B6E8E0FA80256F460052B48F,2864,1,Liberal Democrat,LibDem,http://openelectiondata.org/id/parties/26,2952,Eithne,Marie,Goode,EithneMarieGoode
1,council,04/06/2009,Warwick,Leamington North ,https://www.warwickshire.gov.uk/corporate/committe.nsf/d2d81776d1ed546080256a140057d7f9/4e62c5aaa735df6780256ffc002c5dbf?OpenDocument,9868,11245,http://www.warwickshire.gov.uk/corporate/Elect09.nsf/ResultsByParty/250223E6B6E8E0FA80256F460052B48F,443,0,Other,Other,NULL,2957,Greville,,Warwick,GrevilleWarwick
1,council,04/06/2009,Warwick,Leamington Willes ,http://www.warwickshire.gov.uk/corporate/committe.nsf/d2d81776d1ed546080256a140057d7f9/7bc696036feadcf180256ffc002c5dcf?OpenDocument,9869,2278,http://www.warwickshire.gov.uk/corporate/Elect09.nsf/ResultsByParty/955EA1823826753680256F460052B490,901,1,Labour,Lab,http://openelectiondata.org/id/parties/6,2961,Tim,,Naylor,TimNaylor
1,council,04/06/2009,Warwick,Leamington Willes ,http://www.warwickshire.gov.uk/corporate/committe.nsf/d2d81776d1ed546080256a140057d7f9/7bc696036feadcf180256ffc002c5dcf?OpenDocument,9869,2278,http://www.warwickshire.gov.uk/corporate/Elect09.nsf/ResultsByParty/955EA1823826753680256F460052B490,727,0,Conservative,Con,http://openelectiondata.org/id/parties/25,2962,John,,Peake,JohnPeake
1,council,04/06/2009,Warwick,Leamington Willes ,http://www.warwickshire.gov.uk/corporate/committe.nsf/d2d81776d1ed546080256a140057d7f9/7bc696036feadcf180256ffc002c5dcf?OpenDocument,9869,2278,http://www.warwickshire.gov.uk/corporate/Elect09.nsf/ResultsByParty/955EA1823826753680256F460052B490,338,0,Green,Green,http://openelectiondata.org/id/parties/64,2963,Andrew,,Stevenson,AndrewStevenson
1,council,04/06/2009,Warwick,Leamington Willes ,http://www.warwickshire.gov.uk/corporate/committe.nsf/d2d81776d1ed546080256a140057d7f9/7bc696036feadcf180256ffc002c5dcf?OpenDocument,9869,2278,http://www.warwickshire.gov.uk/corporate/Elect09.nsf/ResultsByParty/955EA1823826753680256F460052B490,312,0,Liberal Democrat,LibDem,http://openelectiondata.org/id/parties/26,2960,Roger,Charles Henry,Copping,RogerCharles HenryCopping
1,council,04/06/2009,Warwick,Leek Wootton ,https://www.warwickshire.gov.uk/corporate/committe.nsf/66313d7210fd430680256a140057d7fa/1df87d939a2ba9fb80256ffc002c5def?OpenDocument,9870,2667,http://www.warwickshire.gov.uk/corporate/Elect09.nsf/ResultsByParty/18F8D390E173648180256F8500559673,1976,1,Conservative,Con,http://openelectiondata.org/id/parties/25,2965,Jose,,Compton,JoseCompton
1,council,04/06/2009,Warwick,Leek Wootton ,https://www.warwickshire.gov.uk/corporate/committe.nsf/66313d7210fd430680256a140057d7fa/1df87d939a2ba9fb80256ffc002c5def?OpenDocument,9870,2667,http://www.warwickshire.gov.uk/corporate/Elect09.nsf/ResultsByParty/18F8D390E173648180256F8500559673,126,0,Labour,Lab,http://openelectiondata.org/id/parties/6,2966,Andy,,Marshall,AndyMarshall
1,council,04/06/2009,Warwick,Leek Wootton ,https://www.warwickshire.gov.uk/corporate/committe.nsf/66313d7210fd430680256a140057d7fa/1df87d939a2ba9fb80256ffc002c5def?OpenDocument,9870,2667,http://www.warwickshire.gov.uk/corporate/Elect09.nsf/ResultsByParty/18F8D390E173648180256F8500559673,299,0,Liberal Democrat,LibDem,http://openelectiondata.org/id/parties/26,2967,John,Steven,Wilson,JohnStevenWilson
1,council,04/06/2009,Warwick,Leek Wootton ,https://www.warwickshire.gov.uk/corporate/committe.nsf/66313d7210fd430680256a140057d7fa/1df87d939a2ba9fb80256ffc002c5def?OpenDocument,9870,2667,http://www.warwickshire.gov.uk/corporate/Elect09.nsf/ResultsByParty/18F8D390E173648180256F8500559673,266,0,Green,Green,http://openelectiondata.org/id/parties/64,2964,Janice,Eleanor,Austin,JaniceEleanorAustin
1,council,04/06/2009,Nuneaton and Bedworth,Nuneaton Abbey ,http://www.warwickshire.gov.uk/corporate/committe.nsf/66313d7210fd430680256a140057d7fa/5e055f48ca32f46180256ffc002c5dd4?OpenDocument,9871,2043,http://www.warwickshire.gov.uk/corporate/Elect09.nsf/ResultsByParty/B5A0D6727CE6D24780256F460052B47D,220,0,Liberal Democrat,LibDem,http://openelectiondata.org/id/parties/26,2971,Frank,,Mills,FrankMills
1,council,04/06/2009,Nuneaton and Bedworth,Nuneaton Abbey ,http://www.warwickshire.gov.uk/corporate/committe.nsf/66313d7210fd430680256a140057d7fa/5e055f48ca32f46180256ffc002c5dd4?OpenDocument,9871,2043,http://www.warwickshire.gov.uk/corporate/Elect09.nsf/ResultsByParty/B5A0D6727CE6D24780256F460052B47D,271,0,BNP,BNP,http://openelectiondata.org/id/parties/38,2968,Tom,,Clarke,TomClarke
1,council,04/06/2009,Nuneaton and Bedworth,Nuneaton Abbey ,http://www.warwickshire.gov.uk/corporate/committe.nsf/66313d7210fd430680256a140057d7fa/5e055f48ca32f46180256ffc002c5dd4?OpenDocument,9871,2043,http://www.warwickshire.gov.uk/corporate/Elect09.nsf/ResultsByParty/B5A0D6727CE6D24780256F460052B47D,436,0,Conservative,Con,http://openelectiondata.org/id/parties/25,2972,Stephen,James,Paxton,StephenJamesPaxton
1,council,04/06/2009,Nuneaton and Bedworth,Nuneaton Abbey ,http://www.warwickshire.gov.uk/corporate/committe.nsf/66313d7210fd430680256a140057d7fa/5e055f48ca32f46180256ffc002c5dd4?OpenDocument,9871,2043,http://www.warwickshire.gov.uk/corporate/Elect09.nsf/ResultsByParty/B5A0D6727CE6D24780256F460052B47D,766,1,Labour,Lab,http://openelectiondata.org/id/parties/6,2969,Bob,,Hicks,BobHicks
1,council,04/06/2009,Nuneaton and Bedworth,Nuneaton Abbey ,http://www.warwickshire.gov.uk/corporate/committe.nsf/66313d7210fd430680256a140057d7fa/5e055f48ca32f46180256ffc002c5dd4?OpenDocument,9871,2043,http://www.warwickshire.gov.uk/corporate/Elect09.nsf/ResultsByParty/B5A0D6727CE6D24780256F460052B47D,350,0,Green,Green,http://openelectiondata.org/id/parties/64,2970,Keith,Anthony,Kondakor,KeithAnthonyKondakor
1,council,04/06/2009,Nuneaton and Bedworth,Nuneaton Camp Hill ,http://www.warwickshire.gov.uk/corporate/committe.nsf/d2d81776d1ed546080256a140057d7f9/a2e35a42e53388ff80256ffc002c5dcc?OpenDocument,9872,1523,http://www.warwickshire.gov.uk/corporate/Elect09.nsf/ResultsByParty/81245F3E83E0334880256F460052B47C,505,1,Labour,Lab,http://openelectiondata.org/id/parties/6,2975,Sid,,Tooth,SidTooth
1,council,04/06/2009,Nuneaton and Bedworth,Nuneaton Camp Hill ,http://www.warwickshire.gov.uk/corporate/committe.nsf/d2d81776d1ed546080256a140057d7f9/a2e35a42e53388ff80256ffc002c5dcc?OpenDocument,9872,1523,http://www.warwickshire.gov.uk/corporate/Elect09.nsf/ResultsByParty/81245F3E83E0334880256F460052B47C,401,0,Conservative,Con,http://openelectiondata.org/id/parties/25,2976,Kristofer,David,Wilson,KristoferDavidWilson
1,council,04/06/2009,Nuneaton and Bedworth,Nuneaton Camp Hill ,http://www.warwickshire.gov.uk/corporate/committe.nsf/d2d81776d1ed546080256a140057d7f9/a2e35a42e53388ff80256ffc002c5dcc?OpenDocument,9872,1523,http://www.warwickshire.gov.uk/corporate/Elect09.nsf/ResultsByParty/81245F3E83E0334880256F460052B47C,147,0,Green,Green,http://openelectiondata.org/id/parties/64,2973,David,Gareth John,Cumner,DavidGareth JohnCumner
1,council,04/06/2009,Nuneaton and Bedworth,Nuneaton Camp Hill ,http://www.warwickshire.gov.uk/corporate/committe.nsf/d2d81776d1ed546080256a140057d7f9/a2e35a42e53388ff80256ffc002c5dcc?OpenDocument,9872,1523,http://www.warwickshire.gov.uk/corporate/Elect09.nsf/ResultsByParty/81245F3E83E0334880256F460052B47C,470,0,BNP,BNP,http://openelectiondata.org/id/parties/38,2974,Jason,,Holmes,JasonHolmes
1,council,04/06/2009,Nuneaton and Bedworth,Nuneaton Galley Common ,http://www.warwickshire.gov.uk/corporate/committe.nsf/d2d81776d1ed546080256a140057d7f9/4f47fc063ce2e30c80256ffc002c5dc5?OpenDocument,9873,1900,http://www.warwickshire.gov.uk/corporate/Elect09.nsf/ResultsByParty/3314EC1623E5B4CA80256F460052B467,409,0,BNP,BNP,http://openelectiondata.org/id/parties/38,2979,Wendy,,Hart,WendyHart
1,council,04/06/2009,Nuneaton and Bedworth,Nuneaton Galley Common ,http://www.warwickshire.gov.uk/corporate/committe.nsf/d2d81776d1ed546080256a140057d7f9/4f47fc063ce2e30c80256ffc002c5dc5?OpenDocument,9873,1900,http://www.warwickshire.gov.uk/corporate/Elect09.nsf/ResultsByParty/3314EC1623E5B4CA80256F460052B467,770,1,Conservative,Con,http://openelectiondata.org/id/parties/25,2978,Jim,,Foster,JimFoster
1,council,04/06/2009,Nuneaton and Bedworth,Nuneaton Galley Common ,http://www.warwickshire.gov.uk/corporate/committe.nsf/d2d81776d1ed546080256a140057d7f9/4f47fc063ce2e30c80256ffc002c5dc5?OpenDocument,9873,1900,http://www.warwickshire.gov.uk/corporate/Elect09.nsf/ResultsByParty/3314EC1623E5B4CA80256F460052B467,101,0,Green,Green,http://openelectiondata.org/id/parties/64,2980,Thomas,Merlin,Ingall,ThomasMerlinIngall
1,council,04/06/2009,Nuneaton and Bedworth,Nuneaton Galley Common ,http://www.warwickshire.gov.uk/corporate/committe.nsf/d2d81776d1ed546080256a140057d7f9/4f47fc063ce2e30c80256ffc002c5dc5?OpenDocument,9873,1900,http://www.warwickshire.gov.uk/corporate/Elect09.nsf/ResultsByParty/3314EC1623E5B4CA80256F460052B467,405,0,Labour,Lab,http://openelectiondata.org/id/parties/6,2981,Mick,,Jones,MickJones
1,council,04/06/2009,Nuneaton and Bedworth,Nuneaton Galley Common ,http://www.warwickshire.gov.uk/corporate/committe.nsf/d2d81776d1ed546080256a140057d7f9/4f47fc063ce2e30c80256ffc002c5dc5?OpenDocument,9873,1900,http://www.warwickshire.gov.uk/corporate/Elect09.nsf/ResultsByParty/3314EC1623E5B4CA80256F460052B467,215,0,Liberal Democrat,LibDem,http://openelectiondata.org/id/parties/26,2977,Alexandra,,Chappell,AlexandraChappell
1,council,04/06/2009,Nuneaton and Bedworth,Nuneaton St. Nicolas ,http://www.warwickshire.gov.uk/corporate/committe.nsf/66313d7210fd430680256a140057d7fa/7eacf7dc40ca788180256ffc002c5dc0?OpenDocument,9874,3206,http://www.warwickshire.gov.uk/corporate/Elect09.nsf/ResultsByParty/275AC115DB57F60380256F460052B45E,506,0,Green,Green,http://openelectiondata.org/id/parties/64,2983,Melanie,,Cheung,MelanieCheung
1,council,04/06/2009,Nuneaton and Bedworth,Nuneaton St. Nicolas ,http://www.warwickshire.gov.uk/corporate/committe.nsf/66313d7210fd430680256a140057d7fa/7eacf7dc40ca788180256ffc002c5dc0?OpenDocument,9874,3206,http://www.warwickshire.gov.uk/corporate/Elect09.nsf/ResultsByParty/275AC115DB57F60380256F460052B45E,625,0,Labour,Lab,http://openelectiondata.org/id/parties/6,2984,Gwynne,David,Pomfrett,GwynneDavidPomfrett
1,council,04/06/2009,Nuneaton and Bedworth,Nuneaton St. Nicolas ,http://www.warwickshire.gov.uk/corporate/committe.nsf/66313d7210fd430680256a140057d7fa/7eacf7dc40ca788180256ffc002c5dc0?OpenDocument,9874,3206,http://www.warwickshire.gov.uk/corporate/Elect09.nsf/ResultsByParty/275AC115DB57F60380256F460052B45E,2075,1,Conservative,Con,http://openelectiondata.org/id/parties/25,2982,David,Stewart,Bryden,DavidStewartBryden
1,council,04/06/2009,Nuneaton and Bedworth,Nuneaton Weddington ,http://www.warwickshire.gov.uk/corporate/committe.nsf/d2d81776d1ed546080256a140057d7f9/d85ea85701f58cda80256ffc002c5ddd?OpenDocument,9875,2436,http://www.warwickshire.gov.uk/corporate/Elect09.nsf/ResultsByParty/E04ED312D64ED1C880256F460052B492,547,0,Labour,Lab,http://openelectiondata.org/id/parties/6,2986,Vicky,,Fowler,VickyFowler
1,council,04/06/2009,Nuneaton and Bedworth,Nuneaton Weddington ,http://www.warwickshire.gov.uk/corporate/committe.nsf/d2d81776d1ed546080256a140057d7f9/d85ea85701f58cda80256ffc002c5ddd?OpenDocument,9875,2436,http://www.warwickshire.gov.uk/corporate/Elect09.nsf/ResultsByParty/E04ED312D64ED1C880256F460052B492,423,0,Green,Green,http://openelectiondata.org/id/parties/64,2987,Michele,Marie Pascale,Kondakor,MicheleMarie PascaleKondakor
1,council,04/06/2009,Nuneaton and Bedworth,Nuneaton Weddington ,http://www.warwickshire.gov.uk/corporate/committe.nsf/d2d81776d1ed546080256a140057d7f9/d85ea85701f58cda80256ffc002c5ddd?OpenDocument,9875,2436,http://www.warwickshire.gov.uk/corporate/Elect09.nsf/ResultsByParty/E04ED312D64ED1C880256F460052B492,1466,1,Conservative,Con,http://openelectiondata.org/id/parties/25,2985,Alan,John,Farnell,AlanJohnFarnell
1,council,04/06/2009,Nuneaton and Bedworth,Nuneaton Wem Brook ,http://www.warwickshire.gov.uk/corporate/committe.nsf/66313d7210fd430680256a140057d7fa/34067402bbe0aeb480256ffc002c5df0?OpenDocument,9876,2224,http://www.warwickshire.gov.uk/corporate/Elect09.nsf/ResultsByParty/C6D48A137D10AAD380256F850055B363,510,0,Conservative,Con,http://openelectiondata.org/id/parties/25,2990,Andrew,,Hammerschmiedt,AndrewHammerschmiedt
1,council,04/06/2009,Nuneaton and Bedworth,Nuneaton Wem Brook ,http://www.warwickshire.gov.uk/corporate/committe.nsf/66313d7210fd430680256a140057d7fa/34067402bbe0aeb480256ffc002c5df0?OpenDocument,9876,2224,http://www.warwickshire.gov.uk/corporate/Elect09.nsf/ResultsByParty/C6D48A137D10AAD380256F850055B363,967,1,Labour,Lab,http://openelectiondata.org/id/parties/6,2991,June,Anne,Tandy,JuneAnneTandy
1,council,04/06/2009,Nuneaton and Bedworth,Nuneaton Wem Brook ,http://www.warwickshire.gov.uk/corporate/committe.nsf/66313d7210fd430680256a140057d7fa/34067402bbe0aeb480256ffc002c5df0?OpenDocument,9876,2224,http://www.warwickshire.gov.uk/corporate/Elect09.nsf/ResultsByParty/C6D48A137D10AAD380256F850055B363,254,0,Green,Green,http://openelectiondata.org/id/parties/64,2988,Melanie,Louise,Banks,MelanieLouiseBanks
1,council,04/06/2009,Nuneaton and Bedworth,Nuneaton Wem Brook ,http://www.warwickshire.gov.uk/corporate/committe.nsf/66313d7210fd430680256a140057d7fa/34067402bbe0aeb480256ffc002c5df0?OpenDocument,9876,2224,http://www.warwickshire.gov.uk/corporate/Elect09.nsf/ResultsByParty/C6D48A137D10AAD380256F850055B363,493,0,BNP,BNP,http://openelectiondata.org/id/parties/38,2989,Yvonne,Jeanette,Deacon,YvonneJeanetteDeacon
1,council,04/06/2009,Nuneaton and Bedworth,Nuneaton Whitestone ,http://www.warwickshire.gov.uk/corporate/committe.nsf/d2d81776d1ed546080256a140057d7f9/b849d5f3aa4a31f380256ffc002c5dbc?OpenDocument,9877,3031,http://www.warwickshire.gov.uk/corporate/Elect09.nsf/ResultsByParty/055E315CD43AB27380256F460052B480,1646,1,Conservative,Con,http://openelectiondata.org/id/parties/25,2993,Martin,Leslie Mann,Heatley,MartinLeslie MannHeatley
1,council,04/06/2009,Nuneaton and Bedworth,Nuneaton Whitestone ,http://www.warwickshire.gov.uk/corporate/committe.nsf/d2d81776d1ed546080256a140057d7f9/b849d5f3aa4a31f380256ffc002c5dbc?OpenDocument,9877,3031,http://www.warwickshire.gov.uk/corporate/Elect09.nsf/ResultsByParty/055E315CD43AB27380256F460052B480,432,0,BNP,BNP,http://openelectiondata.org/id/parties/38,2994,Andy,,Ingram,AndyIngram
1,council,04/06/2009,Nuneaton and Bedworth,Nuneaton Whitestone ,http://www.warwickshire.gov.uk/corporate/committe.nsf/d2d81776d1ed546080256a140057d7f9/b849d5f3aa4a31f380256ffc002c5dbc?OpenDocument,9877,3031,http://www.warwickshire.gov.uk/corporate/Elect09.nsf/ResultsByParty/055E315CD43AB27380256F460052B480,529,0,Labour,Lab,http://openelectiondata.org/id/parties/6,2995,Kevin,,Young,KevinYoung
1,council,04/06/2009,Nuneaton and Bedworth,Nuneaton Whitestone ,http://www.warwickshire.gov.uk/corporate/committe.nsf/d2d81776d1ed546080256a140057d7f9/b849d5f3aa4a31f380256ffc002c5dbc?OpenDocument,9877,3031,http://www.warwickshire.gov.uk/corporate/Elect09.nsf/ResultsByParty/055E315CD43AB27380256F460052B480,424,0,Green,Green,http://openelectiondata.org/id/parties/64,2992,Laurel,Emily,Brindley,LaurelEmilyBrindley
1,council,04/06/2009,North Warwickshire,Polesworth ,http://www.warwickshire.gov.uk/corporate/committe.nsf/d2d81776d1ed546080256a140057d7f9/9fa731718d73655480256ffc002c5de0?OpenDocument,9878,2832,http://www.warwickshire.gov.uk/corporate/Elect09.nsf/ResultsByParty/F1B9BA597CD6427F80256F460052B48B,376,0,Green,Green,http://openelectiondata.org/id/parties/64,2996,Robert,,King,RobertKing
1,council,04/06/2009,North Warwickshire,Polesworth ,http://www.warwickshire.gov.uk/corporate/committe.nsf/d2d81776d1ed546080256a140057d7f9/9fa731718d73655480256ffc002c5de0?OpenDocument,9878,2832,http://www.warwickshire.gov.uk/corporate/Elect09.nsf/ResultsByParty/F1B9BA597CD6427F80256F460052B48B,1328,1,Conservative,Con,http://openelectiondata.org/id/parties/25,2997,Tilly,,May,TillyMay
1,council,04/06/2009,North Warwickshire,Polesworth ,http://www.warwickshire.gov.uk/corporate/committe.nsf/d2d81776d1ed546080256a140057d7f9/9fa731718d73655480256ffc002c5de0?OpenDocument,9878,2832,http://www.warwickshire.gov.uk/corporate/Elect09.nsf/ResultsByParty/F1B9BA597CD6427F80256F460052B48B,1128,0,Labour,Lab,http://openelectiondata.org/id/parties/6,2998,Mick,,Stanley,MickStanley
1,council,04/06/2009,Nuneaton and Bedworth,Poplar ,http://www.warwickshire.gov.uk/corporate/committe.nsf/d2d81776d1ed546080256a140057d7f9/cfb356709580020580256ffc002c5df1?OpenDocument,9879,2166,http://www.warwickshire.gov.uk/corporate/Elect09.nsf/ResultsByParty/C57FA95533A9148C80256F850055F05E,216,0,Green,Green,http://openelectiondata.org/id/parties/64,3000,Ann,Laura,Lewis,AnnLauraLewis
1,council,04/06/2009,Nuneaton and Bedworth,Poplar ,http://www.warwickshire.gov.uk/corporate/committe.nsf/d2d81776d1ed546080256a140057d7f9/cfb356709580020580256ffc002c5df1?OpenDocument,9879,2166,http://www.warwickshire.gov.uk/corporate/Elect09.nsf/ResultsByParty/C57FA95533A9148C80256F850055F05E,386,0,BNP,BNP,http://openelectiondata.org/id/parties/38,3001,Kevin,Nicholas,Moore,KevinNicholasMoore
1,council,04/06/2009,Nuneaton and Bedworth,Poplar ,http://www.warwickshire.gov.uk/corporate/committe.nsf/d2d81776d1ed546080256a140057d7f9/cfb356709580020580256ffc002c5df1?OpenDocument,9879,2166,http://www.warwickshire.gov.uk/corporate/Elect09.nsf/ResultsByParty/C57FA95533A9148C80256F850055F05E,714,0,Conservative,Con,http://openelectiondata.org/id/parties/25,3002,Kam,,Singh,KamSingh
1,council,04/06/2009,Nuneaton and Bedworth,Poplar ,http://www.warwickshire.gov.uk/corporate/committe.nsf/d2d81776d1ed546080256a140057d7f9/cfb356709580020580256ffc002c5df1?OpenDocument,9879,2166,http://www.warwickshire.gov.uk/corporate/Elect09.nsf/ResultsByParty/C57FA95533A9148C80256F850055F05E,850,1,Labour,Lab,http://openelectiondata.org/id/parties/6,2999,Julie,Anne,Jackson,JulieAnneJackson
1,council,04/06/2009,Stratford,Shipston-on-Stour ,http://www.warwickshire.gov.uk/corporate/committe.nsf/66313d7210fd430680256a140057d7fa/e5c65cf5a1879fcc80257084004dbe05?OpenDocument,9880,3728,http://www.warwickshire.gov.uk/corporate/Elect09.nsf/ResultsByParty/F406BA1821581BBB80256F460052B46E,2066,1,Conservative,Con,http://openelectiondata.org/id/parties/25,3004,Chris,,Saint,ChrisSaint
1,council,04/06/2009,Stratford,Shipston-on-Stour ,http://www.warwickshire.gov.uk/corporate/committe.nsf/66313d7210fd430680256a140057d7fa/e5c65cf5a1879fcc80257084004dbe05?OpenDocument,9880,3728,http://www.warwickshire.gov.uk/corporate/Elect09.nsf/ResultsByParty/F406BA1821581BBB80256F460052B46E,304,0,Labour,Lab,http://openelectiondata.org/id/parties/6,3003,Christopher,Mark,Aston,ChristopherMarkAston
1,council,04/06/2009,Stratford,Shipston-on-Stour ,http://www.warwickshire.gov.uk/corporate/committe.nsf/66313d7210fd430680256a140057d7fa/e5c65cf5a1879fcc80257084004dbe05?OpenDocument,9880,3728,http://www.warwickshire.gov.uk/corporate/Elect09.nsf/ResultsByParty/F406BA1821581BBB80256F460052B46E,260,0,Green,Green,http://openelectiondata.org/id/parties/64,3005,David,Frank,Steele,DavidFrankSteele
1,council,04/06/2009,Stratford,Shipston-on-Stour ,http://www.warwickshire.gov.uk/corporate/committe.nsf/66313d7210fd430680256a140057d7fa/e5c65cf5a1879fcc80257084004dbe05?OpenDocument,9880,3728,http://www.warwickshire.gov.uk/corporate/Elect09.nsf/ResultsByParty/F406BA1821581BBB80256F460052B46E,1098,0,Liberal Democrat,LibDem,http://openelectiondata.org/id/parties/26,3006,Philip,Peter John,Vial,PhilipPeter JohnVial
1,council,04/06/2009,Stratford,Southam ,http://www.warwickshire.gov.uk/corporate/committe.nsf/d2d81776d1ed546080256a140057d7f9/6e534068f47d3aeb80256ffc002c5dc7?OpenDocument,9881,2703,http://www.warwickshire.gov.uk/corporate/Elect09.nsf/ResultsByParty/5E91D7F15117E6F980256F460052B48D,253,0,Green,Green,http://openelectiondata.org/id/parties/64,3008,Jennifer,,Batt,JenniferBatt
1,council,04/06/2009,Stratford,Southam ,http://www.warwickshire.gov.uk/corporate/committe.nsf/d2d81776d1ed546080256a140057d7f9/6e534068f47d3aeb80256ffc002c5dc7?OpenDocument,9881,2703,http://www.warwickshire.gov.uk/corporate/Elect09.nsf/ResultsByParty/5E91D7F15117E6F980256F460052B48D,749,0,Liberal Democrat,LibDem,http://openelectiondata.org/id/parties/26,3009,Helena,Joyce,Knight,HelenaJoyceKnight
1,council,04/06/2009,Stratford,Southam ,http://www.warwickshire.gov.uk/corporate/committe.nsf/d2d81776d1ed546080256a140057d7f9/6e534068f47d3aeb80256ffc002c5dc7?OpenDocument,9881,2703,http://www.warwickshire.gov.uk/corporate/Elect09.nsf/ResultsByParty/5E91D7F15117E6F980256F460052B48D,460,0,Labour,Lab,http://openelectiondata.org/id/parties/6,3010,Peter,Glynne,Thomas,PeterGlynneThomas
1,council,04/06/2009,Stratford,Southam ,http://www.warwickshire.gov.uk/corporate/committe.nsf/d2d81776d1ed546080256a140057d7f9/6e534068f47d3aeb80256ffc002c5dc7?OpenDocument,9881,2703,http://www.warwickshire.gov.uk/corporate/Elect09.nsf/ResultsByParty/5E91D7F15117E6F980256F460052B48D,1241,1,Conservative,Con,http://openelectiondata.org/id/parties/25,3007,John,Robert,Appleton,JohnRobertAppleton
1,council,04/06/2009,Warwick,Stour & The Vale ,https://www.warwickshire.gov.uk/corporate/committe.nsf/d2d81776d1ed546080256a140057d7f9/a8df2e9e0ec76c6580256ffc002c5df2?OpenDocument,9882,3784,http://www.warwickshire.gov.uk/corporate/Elect09.nsf/ResultsByParty/C1DBEE6A56D2ED4880256F850056066F,437,0,Green,Green,http://openelectiondata.org/id/parties/64,3011,Graham,Paul Meredith,Browne,GrahamPaul MeredithBrowne
1,council,04/06/2009,Warwick,Stour & The Vale ,https://www.warwickshire.gov.uk/corporate/committe.nsf/d2d81776d1ed546080256a140057d7f9/a8df2e9e0ec76c6580256ffc002c5df2?OpenDocument,9882,3784,http://www.warwickshire.gov.uk/corporate/Elect09.nsf/ResultsByParty/C1DBEE6A56D2ED4880256F850056066F,827,0,Liberal Democrat,LibDem,http://openelectiondata.org/id/parties/26,3012,Karyl,Arlene,Rees,KarylArleneRees
1,council,04/06/2009,Warwick,Stour & The Vale ,https://www.warwickshire.gov.uk/corporate/committe.nsf/d2d81776d1ed546080256a140057d7f9/a8df2e9e0ec76c6580256ffc002c5df2?OpenDocument,9882,3784,http://www.warwickshire.gov.uk/corporate/Elect09.nsf/ResultsByParty/C1DBEE6A56D2ED4880256F850056066F,2520,1,Conservative,Con,http://openelectiondata.org/id/parties/25,3013,Izzi,,Seccombe,IzziSeccombe
1,council,04/06/2009,Stratford,Stratford Avenue & New Town  ,http://www.warwickshire.gov.uk/corporate/committe.nsf/d2d81776d1ed546080256a140057d7f9/dfc14e142f54de6380256ffc002c5df3?OpenDocument,9883,2344,http://www.warwickshire.gov.uk/corporate/Elect09.nsf/ResultsByParty/4B3FCA1FB61B994C80256F8500561A5F,133,0,Labour,Lab,http://openelectiondata.org/id/parties/6,3015,Penelope,Angela,Freedman,PenelopeAngelaFreedman
1,council,04/06/2009,Stratford,Stratford Avenue & New Town  ,http://www.warwickshire.gov.uk/corporate/committe.nsf/d2d81776d1ed546080256a140057d7f9/dfc14e142f54de6380256ffc002c5df3?OpenDocument,9883,2344,http://www.warwickshire.gov.uk/corporate/Elect09.nsf/ResultsByParty/4B3FCA1FB61B994C80256F8500561A5F,192,0,Green,Green,http://openelectiondata.org/id/parties/64,3016,George,James Douglas,Hardwick,GeorgeJames DouglasHardwick
1,council,04/06/2009,Stratford,Stratford Avenue & New Town  ,http://www.warwickshire.gov.uk/corporate/committe.nsf/d2d81776d1ed546080256a140057d7f9/dfc14e142f54de6380256ffc002c5df3?OpenDocument,9883,2344,http://www.warwickshire.gov.uk/corporate/Elect09.nsf/ResultsByParty/4B3FCA1FB61B994C80256F8500561A5F,869,0,Conservative,Con,http://openelectiondata.org/id/parties/25,3017,Tony,,Jefferson,TonyJefferson
1,council,04/06/2009,Stratford,Stratford Avenue & New Town  ,http://www.warwickshire.gov.uk/corporate/committe.nsf/d2d81776d1ed546080256a140057d7f9/dfc14e142f54de6380256ffc002c5df3?OpenDocument,9883,2344,http://www.warwickshire.gov.uk/corporate/Elect09.nsf/ResultsByParty/4B3FCA1FB61B994C80256F8500561A5F,1150,1,Liberal Democrat,LibDem,http://openelectiondata.org/id/parties/26,3014,Peter,Dudley Norman,Balaam,PeterDudley NormanBalaam
1,council,04/06/2009,Stratford,Stratford South ,https://www.warwickshire.gov.uk/corporate/committe.nsf/d2d81776d1ed546080256a140057d7f9/4e80d2be9860cb0480256ffc002c5ddb?OpenDocument,9884,12476,http://www.warwickshire.gov.uk/corporate/Elect09.nsf/ResultsByParty/D4D8D0AA62F81A8C80256F460052B45D,301,0,Labour,Lab,http://openelectiondata.org/id/parties/6,3021,Samuel,,Hargreaves,SamuelHargreaves
1,council,04/06/2009,Stratford,Stratford South ,https://www.warwickshire.gov.uk/corporate/committe.nsf/d2d81776d1ed546080256a140057d7f9/4e80d2be9860cb0480256ffc002c5ddb?OpenDocument,9884,12476,http://www.warwickshire.gov.uk/corporate/Elect09.nsf/ResultsByParty/D4D8D0AA62F81A8C80256F460052B45D,505,0,Green,Green,http://openelectiondata.org/id/parties/64,3018,Suzi,,Caunce,SuziCaunce
1,council,04/06/2009,Stratford,Stratford South ,https://www.warwickshire.gov.uk/corporate/committe.nsf/d2d81776d1ed546080256a140057d7f9/4e80d2be9860cb0480256ffc002c5ddb?OpenDocument,9884,12476,http://www.warwickshire.gov.uk/corporate/Elect09.nsf/ResultsByParty/D4D8D0AA62F81A8C80256F460052B45D,349,0,Labour,Lab,http://openelectiondata.org/id/parties/6,3025,David,James,Talbot,DavidJamesTalbot
1,council,04/06/2009,Stratford,Stratford South ,https://www.warwickshire.gov.uk/corporate/committe.nsf/d2d81776d1ed546080256a140057d7f9/4e80d2be9860cb0480256ffc002c5ddb?OpenDocument,9884,12476,http://www.warwickshire.gov.uk/corporate/Elect09.nsf/ResultsByParty/D4D8D0AA62F81A8C80256F460052B45D,2349,0,Conservative,Con,http://openelectiondata.org/id/parties/25,3022,Lynda,Margaret,Organ,LyndaMargaretOrgan
1,council,04/06/2009,Stratford,Stratford South ,https://www.warwickshire.gov.uk/corporate/committe.nsf/d2d81776d1ed546080256a140057d7f9/4e80d2be9860cb0480256ffc002c5ddb?OpenDocument,9884,12476,http://www.warwickshire.gov.uk/corporate/Elect09.nsf/ResultsByParty/D4D8D0AA62F81A8C80256F460052B45D,714,0,Green,Green,http://openelectiondata.org/id/parties/64,3019,Hugh,Philip,Chatwin,HughPhilipChatwin
1,council,04/06/2009,Stratford,Stratford South ,https://www.warwickshire.gov.uk/corporate/committe.nsf/d2d81776d1ed546080256a140057d7f9/4e80d2be9860cb0480256ffc002c5ddb?OpenDocument,9884,12476,http://www.warwickshire.gov.uk/corporate/Elect09.nsf/ResultsByParty/D4D8D0AA62F81A8C80256F460052B45D,3185,1,Liberal Democrat,LibDem,http://openelectiondata.org/id/parties/26,3023,Kate,,Rolfe,KateRolfe
1,council,04/06/2009,Stratford,Stratford South ,https://www.warwickshire.gov.uk/corporate/committe.nsf/d2d81776d1ed546080256a140057d7f9/4e80d2be9860cb0480256ffc002c5ddb?OpenDocument,9884,12476,http://www.warwickshire.gov.uk/corporate/Elect09.nsf/ResultsByParty/D4D8D0AA62F81A8C80256F460052B45D,2890,1,Liberal Democrat,LibDem,http://openelectiondata.org/id/parties/26,3020,Ron,,Cockings,RonCockings
1,council,04/06/2009,Stratford,Stratford South ,https://www.warwickshire.gov.uk/corporate/committe.nsf/d2d81776d1ed546080256a140057d7f9/4e80d2be9860cb0480256ffc002c5ddb?OpenDocument,9884,12476,http://www.warwickshire.gov.uk/corporate/Elect09.nsf/ResultsByParty/D4D8D0AA62F81A8C80256F460052B45D,2183,0,Conservative,Con,http://openelectiondata.org/id/parties/25,3024,Vince,,Seaman,VinceSeaman
1,council,04/06/2009,Stratford,Studley ,http://www.warwickshire.gov.uk/corporate/committe.nsf/66313d7210fd430680256a140057d7fa/37c1a53912115e6580256ffc002c5dd1?OpenDocument,9885,2553,http://www.warwickshire.gov.uk/corporate/Elect09.nsf/ResultsByParty/9CD9AAAED93CBBA280256F460052B474,1089,0,Conservative,Con,http://openelectiondata.org/id/parties/25,3029,Mike,,Weddell,MikeWeddell
1,council,04/06/2009,Stratford,Studley ,http://www.warwickshire.gov.uk/corporate/committe.nsf/66313d7210fd430680256a140057d7fa/37c1a53912115e6580256ffc002c5dd1?OpenDocument,9885,2553,http://www.warwickshire.gov.uk/corporate/Elect09.nsf/ResultsByParty/9CD9AAAED93CBBA280256F460052B474,171,0,Green,Green,http://openelectiondata.org/id/parties/64,3028,Richard,John,Brayne,RichardJohnBrayne
1,council,04/06/2009,Stratford,Studley ,http://www.warwickshire.gov.uk/corporate/committe.nsf/66313d7210fd430680256a140057d7fa/37c1a53912115e6580256ffc002c5dd1?OpenDocument,9885,2553,http://www.warwickshire.gov.uk/corporate/Elect09.nsf/ResultsByParty/9CD9AAAED93CBBA280256F460052B474,123,0,Labour,Lab,http://openelectiondata.org/id/parties/6,3026,Jacqueline,,Abbott,JacquelineAbbott
1,council,04/06/2009,Stratford,Studley ,http://www.warwickshire.gov.uk/corporate/committe.nsf/66313d7210fd430680256a140057d7fa/37c1a53912115e6580256ffc002c5dd1?OpenDocument,9885,2553,http://www.warwickshire.gov.uk/corporate/Elect09.nsf/ResultsByParty/9CD9AAAED93CBBA280256F460052B474,1170,1,Liberal Democrat,LibDem,http://openelectiondata.org/id/parties/26,3027,Martin,Neil,Barry,MartinNeilBarry
1,council,04/06/2009,Warwick,Warwick North ,http://www.warwickshire.gov.uk/corporate/committe.nsf/d2d81776d1ed546080256a140057d7f9/4c55a6b19633176a80256ffc002c5dcd,9886,2640,http://www.warwickshire.gov.uk/corporate/Elect09.nsf/ResultsByParty/82355CAE4599A39C80256F460052B477,307,0,Liberal Democrat,LibDem,http://openelectiondata.org/id/parties/26,3033,Simon,,Wheeler,SimonWheeler
1,council,04/06/2009,Warwick,Warwick North ,http://www.warwickshire.gov.uk/corporate/committe.nsf/d2d81776d1ed546080256a140057d7f9/4c55a6b19633176a80256ffc002c5dcd,9886,2640,http://www.warwickshire.gov.uk/corporate/Elect09.nsf/ResultsByParty/82355CAE4599A39C80256F460052B477,1176,1,Conservative,Con,http://openelectiondata.org/id/parties/25,3030,Martyn,,Ashford,MartynAshford
1,council,04/06/2009,Warwick,Warwick North ,http://www.warwickshire.gov.uk/corporate/committe.nsf/d2d81776d1ed546080256a140057d7f9/4c55a6b19633176a80256ffc002c5dcd,9886,2640,http://www.warwickshire.gov.uk/corporate/Elect09.nsf/ResultsByParty/82355CAE4599A39C80256F460052B477,826,0,Labour,Lab,http://openelectiondata.org/id/parties/6,3031,Roger,William,Smith,RogerWilliamSmith
1,council,04/06/2009,Warwick,Warwick North ,http://www.warwickshire.gov.uk/corporate/committe.nsf/d2d81776d1ed546080256a140057d7f9/4c55a6b19633176a80256ffc002c5dcd,9886,2640,http://www.warwickshire.gov.uk/corporate/Elect09.nsf/ResultsByParty/82355CAE4599A39C80256F460052B477,331,0,Green,Green,http://openelectiondata.org/id/parties/64,3032,Glyn,,Thomas,GlynThomas
1,council,04/06/2009,Warwick,Warwick South ,http://www.warwickshire.gov.uk/corporate/committe.nsf/d2d81776d1ed546080256a140057d7f9/fdb46629c7fc9c3d80256ffc002c5dbd?OpenDocument,9887,3209,http://www.warwickshire.gov.uk/corporate/Elect09.nsf/ResultsByParty/07394E0BF2469D8280256F460052B46D,396,0,Green,Green,http://openelectiondata.org/id/parties/64,3036,Hannah,,Sassoon,HannahSassoon
1,council,04/06/2009,Warwick,Warwick South ,http://www.warwickshire.gov.uk/corporate/committe.nsf/d2d81776d1ed546080256a140057d7f9/fdb46629c7fc9c3d80256ffc002c5dbd?OpenDocument,9887,3209,http://www.warwickshire.gov.uk/corporate/Elect09.nsf/ResultsByParty/07394E0BF2469D8280256F460052B46D,1681,1,Conservative,Con,http://openelectiondata.org/id/parties/25,3037,Angela,,Warner,AngelaWarner
1,council,04/06/2009,Warwick,Warwick South ,http://www.warwickshire.gov.uk/corporate/committe.nsf/d2d81776d1ed546080256a140057d7f9/fdb46629c7fc9c3d80256ffc002c5dbd?OpenDocument,9887,3209,http://www.warwickshire.gov.uk/corporate/Elect09.nsf/ResultsByParty/07394E0BF2469D8280256F460052B46D,581,0,Labour,Lab,http://openelectiondata.org/id/parties/6,3034,Joanne,,Humphreys,JoanneHumphreys
1,council,04/06/2009,Warwick,Warwick South ,http://www.warwickshire.gov.uk/corporate/committe.nsf/d2d81776d1ed546080256a140057d7f9/fdb46629c7fc9c3d80256ffc002c5dbd?OpenDocument,9887,3209,http://www.warwickshire.gov.uk/corporate/Elect09.nsf/ResultsByParty/07394E0BF2469D8280256F460052B46D,551,0,Liberal Democrat,LibDem,http://openelectiondata.org/id/parties/26,3035,Deborah,,Pittarello,DeborahPittarello
1,council,04/06/2009,Warwick,Warwick West ,http://www.warwickshire.gov.uk/corporate/committe.nsf/d2d81776d1ed546080256a140057d7f9/41cd4a2928f0b51e80256ffc002c5dc9?OpenDocument,9888,3042,http://www.warwickshire.gov.uk/corporate/Elect09.nsf/ResultsByParty/76C21F8FFE59698080256F460052B470,1152,1,Conservative,Con,http://openelectiondata.org/id/parties/25,3040,Clare,,Hopkinson,ClareHopkinson
1,council,04/06/2009,Warwick,Warwick West ,http://www.warwickshire.gov.uk/corporate/committe.nsf/d2d81776d1ed546080256a140057d7f9/41cd4a2928f0b51e80256ffc002c5dc9?OpenDocument,9888,3042,http://www.warwickshire.gov.uk/corporate/Elect09.nsf/ResultsByParty/76C21F8FFE59698080256F460052B470,253,0,BNP,BNP,http://openelectiondata.org/id/parties/38,3041,Martin,,Smallwood,MartinSmallwood
1,council,04/06/2009,Warwick,Warwick West ,http://www.warwickshire.gov.uk/corporate/committe.nsf/d2d81776d1ed546080256a140057d7f9/41cd4a2928f0b51e80256ffc002c5dc9?OpenDocument,9888,3042,http://www.warwickshire.gov.uk/corporate/Elect09.nsf/ResultsByParty/76C21F8FFE59698080256F460052B470,407,0,Liberal Democrat,LibDem,http://openelectiondata.org/id/parties/26,3038,George,Henry Christopher,Begg,GeorgeHenry ChristopherBegg
1,council,04/06/2009,Warwick,Warwick West ,http://www.warwickshire.gov.uk/corporate/committe.nsf/d2d81776d1ed546080256a140057d7f9/41cd4a2928f0b51e80256ffc002c5dc9?OpenDocument,9888,3042,http://www.warwickshire.gov.uk/corporate/Elect09.nsf/ResultsByParty/76C21F8FFE59698080256F460052B470,288,0,Green,Green,http://openelectiondata.org/id/parties/64,3042,Jeremy,Peter,Worrell,JeremyPeterWorrell
1,council,04/06/2009,Warwick,Warwick West ,http://www.warwickshire.gov.uk/corporate/committe.nsf/d2d81776d1ed546080256a140057d7f9/41cd4a2928f0b51e80256ffc002c5dc9?OpenDocument,9888,3042,http://www.warwickshire.gov.uk/corporate/Elect09.nsf/ResultsByParty/76C21F8FFE59698080256F460052B470,942,0,Labour,Lab,http://openelectiondata.org/id/parties/6,3039,John,Richard,Holland,JohnRichardHolland
1,council,04/06/2009,North Warwickshire,Water Orton ,http://www.warwickshire.gov.uk/corporate/committe.nsf/d2d81776d1ed546080256a140057d7f9/59c5ea5860c3671980256ffc002c5ddc?OpenDocument,9889,2154,http://www.warwickshire.gov.uk/corporate/Elect09.nsf/ResultsByParty/D7B710AEC7F4BE5180256F460052B483,381,0,Labour,Lab,http://openelectiondata.org/id/parties/6,3043,Celia,,Banner,CeliaBanner
1,council,04/06/2009,North Warwickshire,Water Orton ,http://www.warwickshire.gov.uk/corporate/committe.nsf/d2d81776d1ed546080256a140057d7f9/59c5ea5860c3671980256ffc002c5ddc?OpenDocument,9889,2154,http://www.warwickshire.gov.uk/corporate/Elect09.nsf/ResultsByParty/D7B710AEC7F4BE5180256F460052B483,1355,1,Conservative,Con,http://openelectiondata.org/id/parties/25,3044,Joan,,Lea,JoanLea
1,council,04/06/2009,North Warwickshire,Water Orton ,http://www.warwickshire.gov.uk/corporate/committe.nsf/d2d81776d1ed546080256a140057d7f9/59c5ea5860c3671980256ffc002c5ddc?OpenDocument,9889,2154,http://www.warwickshire.gov.uk/corporate/Elect09.nsf/ResultsByParty/D7B710AEC7F4BE5180256F460052B483,418,0,Green,Green,http://openelectiondata.org/id/parties/64,3045,John,Francis,Liddamore,JohnFrancisLiddamore
1,council,04/06/2009,Stratford,Wellesbourne ,http://www.warwickshire.gov.uk/corporate/committe.nsf/d2d81776d1ed546080256a140057d7f9/9c892ea345b8f4d9802571b600445390?OpenDocument,9890,2971,http://www.warwickshire.gov.uk/corporate/Elect09.nsf/ResultsByParty/2852FCDB8ADB4FAD80256F460052B479,198,0,Green,Green,http://openelectiondata.org/id/parties/64,3046,Roger,,Fisher,RogerFisher
1,council,04/06/2009,Stratford,Wellesbourne ,http://www.warwickshire.gov.uk/corporate/committe.nsf/d2d81776d1ed546080256a140057d7f9/9c892ea345b8f4d9802571b600445390?OpenDocument,9890,2971,http://www.warwickshire.gov.uk/corporate/Elect09.nsf/ResultsByParty/2852FCDB8ADB4FAD80256F460052B479,1500,1,Liberal Democrat,LibDem,http://openelectiondata.org/id/parties/26,3047,David,William,Johnston,DavidWilliamJohnston
1,council,04/06/2009,Stratford,Wellesbourne ,http://www.warwickshire.gov.uk/corporate/committe.nsf/d2d81776d1ed546080256a140057d7f9/9c892ea345b8f4d9802571b600445390?OpenDocument,9890,2971,http://www.warwickshire.gov.uk/corporate/Elect09.nsf/ResultsByParty/2852FCDB8ADB4FAD80256F460052B479,1273,0,Conservative,Con,http://openelectiondata.org/id/parties/25,3048,Sue,,Main,SueMain
1,council,04/06/2009,Warwick,Whitnash ,http://www.warwickshire.gov.uk/corporate/committe.nsf/d2d81776d1ed546080256a140057d7f9/879d1029562c46d680256ffc002c5de3?OpenDocument,9891,2574,http://www.warwickshire.gov.uk/corporate/Elect09.nsf/ResultsByParty/FF0CEFB67190244480256F460052B48E,86,0,Liberal Democrat,LibDem,http://openelectiondata.org/id/parties/26,3053,Alun,Wynne,Wyburn-Powell,AlunWynneWyburn-Powell
1,council,04/06/2009,Warwick,Whitnash ,http://www.warwickshire.gov.uk/corporate/committe.nsf/d2d81776d1ed546080256a140057d7f9/879d1029562c46d680256ffc002c5de3?OpenDocument,9891,2574,http://www.warwickshire.gov.uk/corporate/Elect09.nsf/ResultsByParty/FF0CEFB67190244480256F460052B48E,1632,1,Whitnash Residents,Whit,http://openelectiondata.org/id/parties/197,3050,Bernard,,Kirton,BernardKirton
1,council,04/06/2009,Warwick,Whitnash ,http://www.warwickshire.gov.uk/corporate/committe.nsf/d2d81776d1ed546080256a140057d7f9/879d1029562c46d680256ffc002c5de3?OpenDocument,9891,2574,http://www.warwickshire.gov.uk/corporate/Elect09.nsf/ResultsByParty/FF0CEFB67190244480256F460052B48E,297,0,Labour,Lab,http://openelectiondata.org/id/parties/6,3051,Chris,,McKeown,ChrisMcKeown
1,council,04/06/2009,Warwick,Whitnash ,http://www.warwickshire.gov.uk/corporate/committe.nsf/d2d81776d1ed546080256a140057d7f9/879d1029562c46d680256ffc002c5de3?OpenDocument,9891,2574,http://www.warwickshire.gov.uk/corporate/Elect09.nsf/ResultsByParty/FF0CEFB67190244480256F460052B48E,394,0,Conservative,Con,http://openelectiondata.org/id/parties/25,3052,Tim,,Nash,TimNash
1,council,04/06/2009,Warwick,Whitnash ,http://www.warwickshire.gov.uk/corporate/committe.nsf/d2d81776d1ed546080256a140057d7f9/879d1029562c46d680256ffc002c5de3?OpenDocument,9891,2574,http://www.warwickshire.gov.uk/corporate/Elect09.nsf/ResultsByParty/FF0CEFB67190244480256F460052B48E,165,0,Green,Green,http://openelectiondata.org/id/parties/64,3049,James,Martin,Berreen,JamesMartinBerreen
