SOA Code,SOA Name,Ward Name,Locality,District/Borough,JSA Claimants June 2008,JSA Claimants June 2009,Working Age Population,JSA Claimant Count Rate June 2008,JSA Claimant Count Rate June 2009
E01031005,"New Arley East, Hill Top and Ansley",Arley and Whitacre,North Warwickshire - South ,North Warwickshire,19,31,885,2.1%,3.5%
E01031006,New Arley West and Old Arley,Arley and Whitacre,North Warwickshire - South ,North Warwickshire,19,44,924,2.1%,4.8%
E01031007,New Arley South and Over Whitacre,Arley and Whitacre,North Warwickshire - South ,North Warwickshire,10,23,786,1.3%,2.9%
E01031008,Ansley Common and Birchley Heath,Arley and Whitacre,North Warwickshire - South ,North Warwickshire,23,57,801,2.9%,7.1%
E01031009,Atherstone Central - Canal and Outwoods,Atherstone Central,North Warwickshire - East ,North Warwickshire,36,72,1407,2.6%,5.1%
E01031010,Atherstone Central - Centre,Atherstone Central,North Warwickshire - East ,North Warwickshire,37,98,1045,3.5%,9.4%
E01031011,Atherstone North - Town Centre North & Alder Mill,Atherstone North,North Warwickshire - East ,North Warwickshire,19,40,1287,1.5%,3.1%
E01031012,Atherstone North - St Georges and Carlyon,Atherstone North,North Warwickshire - East ,North Warwickshire,15,33,769,2.0%,4.3%
E01031013,Atherstone South,Atherstone South and Mancetter,North Warwickshire - East ,North Warwickshire,8,14,577,1.4%,2.4%
E01031014,Mancetter North,Atherstone South and Mancetter,North Warwickshire - East ,North Warwickshire,9,18,795,1.1%,2.3%
E01031015,Mancetter South and Ridge Lane,Atherstone South and Mancetter,North Warwickshire - East ,North Warwickshire,27,74,820,3.3%,9.0%
E01031016,Baddesley Ensor West,Baddesley and Grendon,North Warwickshire - North ,North Warwickshire,12,38,904,1.3%,4.2%
E01031017,"Grendon, Bradley Green and Whittington",Baddesley and Grendon,North Warwickshire - North ,North Warwickshire,9,22,792,1.1%,2.8%
E01031018,"Baddesley Common, Baxterley and Merevale",Baddesley and Grendon,North Warwickshire - North ,North Warwickshire,6,22,762,0.8%,2.9%
E01031019,Coleshill North - Grimstock Hill,Coleshill North,North Warwickshire - South ,North Warwickshire,10,23,1038,1.0%,2.2%
E01031020,Coleshill North - Cole End,Coleshill North,North Warwickshire - South ,North Warwickshire,5,34,951,0.5%,3.6%
E01031021,Coleshill South - Centre,Coleshill South,North Warwickshire - South ,North Warwickshire,14,42,972,1.4%,4.3%
E01031022,Coleshill South - Hospital & Southfields,Coleshill South,North Warwickshire - South ,North Warwickshire,10,36,1011,1.0%,3.6%
E01031023,Curdworth and Wishaw,Curdworth,North Warwickshire - West ,North Warwickshire,12,28,993,1.2%,2.8%
E01031024,Marston and Water Park,Curdworth,North Warwickshire - West ,North Warwickshire,11,19,1085,1.0%,1.8%
E01031025,Dordon Rural,Dordon,North Warwickshire - North ,North Warwickshire,11,41,880,1.3%,4.7%
E01031026,Dordon Village,Dordon,North Warwickshire - North ,North Warwickshire,25,56,1062,2.4%,5.3%
E01031027,Corley,Fillongley,North Warwickshire - South ,North Warwickshire,7,18,935,0.7%,1.9%
E01031028,Fillongley and The Packingtons,Fillongley,North Warwickshire - South ,North Warwickshire,12,37,1217,1.0%,3.0%
E01031029,Hartshill South,Hartshill,North Warwickshire - East ,North Warwickshire,14,36,893,1.6%,4.0%
E01031030,Hartshill North and Caldecote,Hartshill,North Warwickshire - East ,North Warwickshire,41,62,1352,3.0%,4.6%
E01031031,Piccadilly and Wood End,Hurley and Wood End,North Warwickshire - West ,North Warwickshire,20,72,1477,1.4%,4.9%
E01031032,Hurley,Hurley and Wood End,North Warwickshire - West ,North Warwickshire,13,44,948,1.4%,4.6%
E01031033,Kingsbury South,Kingsbury,North Warwickshire - West ,North Warwickshire,19,43,1138,1.7%,3.8%
E01031034,Kingsbury North,Kingsbury,North Warwickshire - West ,North Warwickshire,12,39,1328,0.9%,2.9%
E01031035,Warton and Shuttington,Newton Regis and Warton,North Warwickshire - North ,North Warwickshire,8,48,1077,0.7%,4.5%
E01031036,"Newton Regis, Austrey and Seckington",Newton Regis and Warton,North Warwickshire - North ,North Warwickshire,9,28,932,1.0%,3.0%
E01031037,Polesworth East - St Helena,Polesworth East,North Warwickshire - North ,North Warwickshire,16,52,833,1.9%,6.2%
E01031038,Polesworth East - Station,Polesworth East,North Warwickshire - North ,North Warwickshire,12,37,1270,0.9%,2.9%
E01031039,Polesworth West - School,Polesworth West,North Warwickshire - North ,North Warwickshire,11,34,1015,1.1%,3.3%
E01031040,Polesworth West - Birchmoor & Pooley Fields,Polesworth West,North Warwickshire - North ,North Warwickshire,9,31,1177,0.8%,2.6%
E01031041,Water Orton West,Water Orton,North Warwickshire - West ,North Warwickshire,17,39,1215,1.4%,3.2%
E01031042,Water Orton East,Water Orton,North Warwickshire - West ,North Warwickshire,9,24,1122,0.8%,2.1%
E01031043,Abbey Town Centre,Abbey,Abbey & Wem Brook ,Nuneaton and Bedworth,56,109,849,6.6%,12.8%
E01031044,Abbey North,Abbey,Abbey & Wem Brook ,Nuneaton and Bedworth,37,60,917,4.0%,6.5%
E01031045,Abbey West,Abbey,Abbey & Wem Brook ,Nuneaton and Bedworth,31,44,933,3.3%,4.7%
E01031046,Abbey Priory,Abbey,Abbey & Wem Brook ,Nuneaton and Bedworth,52,92,1014,5.1%,9.1%
E01031047,Abbey South,Abbey,Abbey & Wem Brook ,Nuneaton and Bedworth,47,79,1109,4.2%,7.1%
E01031048,Arbury Heath End,Arbury,Arbury & Stockingford ,Nuneaton and Bedworth,13,41,902,1.4%,4.5%
E01031049,Arbury George Elliott,Arbury,Arbury & Stockingford ,Nuneaton and Bedworth,21,66,1202,1.7%,5.5%
E01031050,Arbury Rural,Arbury,Arbury & Stockingford ,Nuneaton and Bedworth,22,51,935,2.4%,5.5%
E01031051,Arbury North,Arbury,Arbury & Stockingford ,Nuneaton and Bedworth,10,21,935,1.1%,2.2%
E01031052,Attleborough North East,Attleborough,Abbey & Wem Brook ,Nuneaton and Bedworth,19,51,986,1.9%,5.2%
E01031053,Attleborough North West,Attleborough,Whitestone & Bulkington/Abbey & Wem Brook,Nuneaton and Bedworth,24,36,789,3.0%,4.6%
E01031054,Attleborough Central,Attleborough,Whitestone & Bulkington ,Nuneaton and Bedworth,28,35,874,3.2%,4.0%
E01031055,Attleborough South West,Attleborough,Whitestone & Bulkington ,Nuneaton and Bedworth,8,36,1346,0.6%,2.7%
E01031056,Attleborough South East,Attleborough,Whitestone & Bulkington ,Nuneaton and Bedworth,24,39,862,2.8%,4.5%
E01031057,Bar Pool North & Crescents,Bar Pool,Arbury & Stockingford ,Nuneaton and Bedworth,68,94,809,8.4%,11.6%
E01031058,Bar Pool West & Recreation Ground,Bar Pool,Arbury & Stockingford ,Nuneaton and Bedworth,29,47,911,3.2%,5.2%
E01031059,Bar Pool East & Greenmoor,Bar Pool,Arbury & Stockingford ,Nuneaton and Bedworth,33,60,878,3.8%,6.8%
E01031060,Bar Pool Central,Bar Pool,Arbury & Stockingford ,Nuneaton and Bedworth,20,36,889,2.2%,4.0%
E01031061,Bar Pool South,Bar Pool,Arbury & Stockingford ,Nuneaton and Bedworth,18,36,1116,1.6%,3.2%
E01031062,Bede South West,Bede,Bedworth South ,Nuneaton and Bedworth,12,30,749,1.6%,4.0%
E01031063,Bede Cannons,Bede,Bedworth South ,Nuneaton and Bedworth,42,58,732,5.7%,7.9%
E01031064,Bede Bedworth Town Centre,Bede,Bedworth South ,Nuneaton and Bedworth,28,43,597,4.7%,7.2%
E01031065,Bede North,Bede,Bedworth South ,Nuneaton and Bedworth,30,62,924,3.2%,6.7%
E01031066,Bede East,Bede,Bedworth South ,Nuneaton and Bedworth,51,90,794,6.4%,11.3%
E01031067,Bulkington Village,Bulkington,Whitestone & Bulkington ,Nuneaton and Bedworth,20,34,822,2.4%,4.1%
E01031068,Bulkington South East,Bulkington,Whitestone & Bulkington ,Nuneaton and Bedworth,8,32,861,0.9%,3.7%
E01031069,Bulkington North,Bulkington,Whitestone & Bulkington ,Nuneaton and Bedworth,6,16,752,0.8%,2.1%
E01031070,Bulkington Arden,Bulkington,Whitestone & Bulkington ,Nuneaton and Bedworth,10,19,842,1.2%,2.3%
E01031071,Camp Hill Village Centre,Camp Hill,Camp Hill & Galley Common ,Nuneaton and Bedworth,48,88,724,6.6%,12.2%
E01031072,Camp Hill South West & Brook,Camp Hill,Camp Hill & Galley Common ,Nuneaton and Bedworth,39,45,659,5.9%,6.8%
E01031073,Camp Hill North & Pools,Camp Hill,Camp Hill & Galley Common ,Nuneaton and Bedworth,19,59,967,2.0%,6.1%
E01031074,Camp Hill North West & Allotments,Camp Hill,Camp Hill & Galley Common ,Nuneaton and Bedworth,47,77,929,5.1%,8.3%
E01031075,Camp Hill West & Quarry,Camp Hill,Camp Hill & Galley Common ,Nuneaton and Bedworth,47,82,915,5.1%,9.0%
E01031076,Exhall Grange,Exhall,Bedworth North ,Nuneaton and Bedworth,12,31,837,1.4%,3.7%
E01031077,Keresley North and Newlands,Exhall,Bedworth North ,Nuneaton and Bedworth,20,56,869,2.3%,6.4%
E01031078,Keresley South and Ash Green,Exhall,Bedworth North ,Nuneaton and Bedworth,30,42,1145,2.6%,3.7%
E01031079,Exhall West,Exhall,Bedworth South ,Nuneaton and Bedworth,21,59,882,2.4%,6.7%
E01031080,Exhall East,Exhall,Bedworth South ,Nuneaton and Bedworth,28,71,872,3.2%,8.1%
E01031081,Galley Common South East,Galley Common,Camp Hill & Galley Common ,Nuneaton and Bedworth,20,48,1128,1.8%,4.3%
E01031082,Galley Common South,Galley Common,Camp Hill & Galley Common ,Nuneaton and Bedworth,10,21,1059,0.9%,2.0%
E01031083,Galley Common West & Rural,Galley Common,Camp Hill & Galley Common ,Nuneaton and Bedworth,14,38,998,1.4%,3.8%
E01031084,Chapel End,Galley Common,Camp Hill & Galley Common ,Nuneaton and Bedworth,18,53,1298,1.4%,4.1%
E01031085,Galley Common East,Galley Common,Camp Hill & Galley Common ,Nuneaton and Bedworth,11,35,1060,1.0%,3.3%
E01031086,Goodyers End,Heath,Bedworth North ,Nuneaton and Bedworth,17,67,1031,1.6%,6.5%
E01031087,Heath Sports,Heath,Bedworth North ,Nuneaton and Bedworth,36,75,1180,3.1%,6.4%
E01031088,Market End and Newdigate,Heath,Bedworth North ,Nuneaton and Bedworth,22,57,1095,2.0%,5.2%
E01031089,Little Heath,Heath,Bedworth North ,Nuneaton and Bedworth,9,46,851,1.1%,5.4%
E01031090,Kingswood Grove Farm & Rural,Kingswood,Arbury & Stockingford ,Nuneaton and Bedworth,58,84,929,6.2%,9.0%
E01031091,Kingswood St Pauls,Kingswood,Arbury & Stockingford ,Nuneaton and Bedworth,12,38,827,1.5%,4.6%
E01031092,Kingswood Stockingford Schools,Kingswood,Arbury & Stockingford ,Nuneaton and Bedworth,25,55,858,2.9%,6.4%
E01031093,Kingswood Hills,Kingswood,Arbury & Stockingford ,Nuneaton and Bedworth,17,36,842,2.0%,4.3%
E01031094,Kingswood North East,Kingswood,Arbury & Stockingford ,Nuneaton and Bedworth,21,42,732,2.9%,5.7%
E01031095,Poplar Nicholas Chamberlain,Poplar,Bedworth South ,Nuneaton and Bedworth,23,56,727,3.2%,7.7%
E01031096,Poplar North West,Poplar,Bedworth South ,Nuneaton and Bedworth,21,42,880,2.4%,4.8%
E01031097,Poplar Coalpit Field,Poplar,Bedworth South ,Nuneaton and Bedworth,30,73,1019,2.9%,7.2%
E01031098,Poplar Bayton Road,Poplar,Bedworth South ,Nuneaton and Bedworth,15,38,885,1.7%,4.3%
E01031099,Poplar South,Poplar,Bedworth South ,Nuneaton and Bedworth,35,71,1500,2.3%,4.7%
E01031100,St Nicholas Horeston Grange West,St. Nicholas,Weddington & St. Nicolas ,Nuneaton and Bedworth,3,25,986,0.3%,2.5%
E01031101,St Nicholas Horeston Grange East,St. Nicholas,Weddington & St. Nicolas ,Nuneaton and Bedworth,5,24,998,0.5%,2.4%
E01031102,St Nicholas South West,St. Nicholas,Weddington & St. Nicolas ,Nuneaton and Bedworth,30,54,824,3.6%,6.6%
E01031103,St Nicholas East & The Long Shoot,St. Nicholas,Weddington & St. Nicolas ,Nuneaton and Bedworth,8,22,746,1.1%,2.9%
E01031104,St. Nicholas North & College,St. Nicholas,Weddington & St. Nicolas,Nuneaton and Bedworth,5,15,716,0.7%,2.1%
E01031105,Slough Mt Pleasant,Slough,Bedworth North ,Nuneaton and Bedworth,14,34,808,1.7%,4.2%
E01031106,Slough South & Heath,Slough,Bedworth North ,Nuneaton and Bedworth,27,53,897,3.0%,5.9%
E01031107,Slough Collycroft North,Slough,Bedworth North ,Nuneaton and Bedworth,9,31,795,1.1%,3.9%
E01031108,Slough West and Rural,Slough,Bedworth North ,Nuneaton and Bedworth,9,37,941,1.0%,3.9%
E01031109,Slough Collycroft South,Slough,Bedworth North ,Nuneaton and Bedworth,27,52,927,2.9%,5.6%
E01031110,Weddington St Nicholas West,Weddington,Weddington & St. Nicolas ,Nuneaton and Bedworth,11,25,832,1.3%,3.0%
E01031111,Weddington St Nicholas East,Weddington,Weddington & St. Nicolas ,Nuneaton and Bedworth,9,16,759,1.2%,2.1%
E01031112,Weddington South & Schools,Weddington,Weddington & St. Nicolas ,Nuneaton and Bedworth,7,16,896,0.8%,1.8%
E01031113,Weddington North,Weddington,Weddington & St. Nicolas ,Nuneaton and Bedworth,8,24,828,1.0%,2.9%
E01031114,Wedding South West & River,Weddington,Weddington & St. Nicolas ,Nuneaton and Bedworth,17,24,822,2.1%,2.9%
E01031115,Wem Brook Bridges,Wem Brook,Abbey & Wem Brook ,Nuneaton and Bedworth,26,53,930,2.8%,5.7%
E01031116,Middlemarch & Swimming Pool,Wem Brook,Abbey & Wem Brook ,Nuneaton and Bedworth,43,87,909,4.7%,9.6%
E01031117,Wem Brook East,Wem Brook,Abbey & Wem Brook ,Nuneaton and Bedworth,22,47,738,3.0%,6.4%
E01031118,Hill Top,Wem Brook,Abbey & Wem Brook ,Nuneaton and Bedworth,26,50,680,3.8%,7.4%
E01031119,Riversley,Wem Brook,Abbey & Wem Brook ,Nuneaton and Bedworth,62,87,967,6.4%,9.0%
E01031120,Whitestone North West & Attleborough Fields,Whitestone,Weddington & St. Nicolas/Whitestone & Bulkington,Nuneaton and Bedworth,7,21,938,0.7%,2.2%
E01031121,Whitestone North,Whitestone,Weddington & St. Nicolas/Whitestone & Bulkington,Nuneaton and Bedworth,#,19,849,#VALUE!,2.2%
E01031122,Whitestone South,Whitestone,Whitestone & Bulkington/Weddington & St. Nicolas,Nuneaton and Bedworth,14,35,936,1.5%,3.7%
E01031123,Whitestone East & Rural,Whitestone,Whitestone & Bulkington ,Nuneaton and Bedworth,5,15,794,0.6%,1.9%
E01031124,Whitestone South,Whitestone,Whitestone & Bulkington ,Nuneaton and Bedworth,12,21,842,1.4%,2.5%
E01031125,Admirals North,Admirals,Rugby Town West ,Rugby,11,36,973,1.1%,3.7%
E01031126,Cawston,Admirals,Rugby Town West ,Rugby,21,74,2450,0.9%,3.0%
E01031127,Admirals East,Admirals,Rugby Town West ,Rugby,36,49,899,4.0%,5.5%
E01031128,"Easenhall, Newton & Biggin and Harborough Magna",Avon and Swift,Rugby Rural ,Rugby,20,45,1494,1.3%,3.0%
E01031129,Clifton Upon Dunsmore,Avon and Swift,Rugby Rural ,Rugby,11,19,585,1.9%,3.2%
E01031130,Benn Station,Benn,Rugby Town North ,Rugby,25,52,1224,2.0%,4.2%
E01031131,Benn West,Benn,Rugby Town North ,Rugby,40,73,1053,3.8%,6.9%
E01031132,Benn South,Benn,Rugby Town North ,Rugby,34,72,1165,2.9%,6.2%
E01031133,Whinfield Park,Benn,Rugby Town North ,Rugby,42,88,942,4.5%,9.3%
E01031134,Bilton East,Bilton,Rugby Town West ,Rugby,8,18,859,0.9%,2.1%
E01031135,Bilton South Cock Robin,Bilton,Rugby Town West ,Rugby,4,3,735,0.5%,0.4%
E01031136,Bilton North West,Bilton,Rugby Town West ,Rugby,10,35,848,1.2%,4.1%
E01031137,Brownsover North Lake District,Brownsover North,Rugby Town North ,Rugby,26,40,773,3.4%,5.2%
E01031138,Brownsover North - East,Brownsover North,Rugby Town North ,Rugby,9,14,844,1.1%,1.7%
E01031139,Brownsover North Campion,Brownsover North,Rugby Town North ,Rugby,14,33,1260,1.1%,2.6%
E01031140,Brownsover South Lake District South,Brownsover South,Rugby Town North ,Rugby,15,36,810,1.9%,4.4%
E01031141,Brownsover South Junction One,Brownsover South,Rugby Town North ,Rugby,21,48,812,2.6%,5.9%
E01031142,Brownsover South Lake District North,Brownsover South,Rugby Town North ,Rugby,81,96,1006,8.1%,9.5%
E01031143,Caldecott South and Rural,Caldecott,Rugby Town West ,Rugby,6,13,903,0.7%,1.4%
E01031144,Caldecott North East,Caldecott,Rugby Town West ,Rugby,11,31,690,1.6%,4.5%
E01031145,Caldecott North West,Caldecott,Rugby Town West ,Rugby,11,10,915,1.2%,1.1%
E01031146,Caldecott Rokeby,Caldecott,Rugby Town West ,Rugby,10,46,751,1.3%,6.1%
E01031147,Thurlaston,Dunchurch and Knightlow,Rugby Rural ,Rugby,4,9,725,0.6%,1.2%
E01031148,Dunchurch,Dunchurch and Knightlow,Rugby Rural ,Rugby,9,21,784,1.1%,2.7%
E01031149,"Princethorpe, Marton, Frankton, Bourton & Draycote",Dunchurch and Knightlow,Rugby Rural ,Rugby,11,12,884,1.2%,1.4%
E01031150,Stretton on Dunsmore,Dunchurch and Knightlow,Rugby Rural ,Rugby,9,7,614,1.5%,1.1%
E01031151,Binley Woods North,Earl Craven and Wolston,Rugby Rural ,Rugby,6,22,856,0.7%,2.6%
E01031152,Binley Woods South,Earl Craven and Wolston,Rugby Rural ,Rugby,11,23,606,1.8%,3.8%
E01031153,Wolston South,Earl Craven and Wolston,Rugby Rural ,Rugby,16,31,847,1.9%,3.7%
E01031154,Brandon and Wolston North,Earl Craven and Wolston,Rugby Rural ,Rugby,13,20,966,1.3%,2.1%
E01031155,Eastlands South,Eastlands,Rugby Town East ,Rugby,11,18,758,1.5%,2.4%
E01031156,Eastlands South West,Eastlands,Rugby Town East ,Rugby,12,22,844,1.4%,2.6%
E01031157,Eastlands North,Eastlands,Rugby Town East ,Rugby,12,31,1004,1.2%,3.1%
E01031158,Eastlands Abbots,Eastlands,Rugby Town East ,Rugby,#,13,510,#VALUE!,2.5%
E01031159,Fosse West,Fosse,Rugby Rural ,Rugby,9,23,894,1.0%,2.6%
E01031160,Fosse East,Fosse,Rugby Rural ,Rugby,9,29,1242,0.7%,2.3%
E01031161,Hillmorton North and Locks,Hillmorton,Rugby Town East ,Rugby,12,30,1070,1.1%,2.8%
E01031162,Hillmorton East and Wharf,Hillmorton,Rugby Town East ,Rugby,13,31,924,1.4%,3.4%
E01031163,Hillmorton West,Hillmorton,Rugby Town East ,Rugby,25,47,801,3.1%,5.9%
E01031164,Long Lawford South,Lawford and King's Newnham,Rugby Rural ,Rugby,13,44,1111,1.2%,4.0%
E01031165,"Church Lawford, Kings Newnham & Long Lawford North",Lawford and King's Newnham,Rugby Rural ,Rugby,25,46,866,2.9%,5.3%
E01031166,Leam Valley,Leam Valley,Rugby Rural ,Rugby,9,19,1115,0.8%,1.7%
E01031167,New Bilton South East,New Bilton,Rugby Town West ,Rugby,11,30,850,1.3%,3.5%
E01031168,New Bilton West & Somers Rd,New Bilton,Rugby Town West ,Rugby,31,79,955,3.2%,8.3%
E01031169,New Bilton North,New Bilton,Rugby Town West ,Rugby,24,56,1011,2.4%,5.5%
E01031170,New Bilton East,New Bilton,Rugby Town West ,Rugby,39,76,982,4.0%,7.7%
E01031171,Newbold Riverside,Newbold,Rugby Town North ,Rugby,18,41,940,1.9%,4.4%
E01031172,Newbold on Avon,Newbold,Rugby Town North ,Rugby,31,62,881,3.5%,7.0%
E01031173,Town Centre,Newbold,Rugby Town North ,Rugby,58,93,855,6.8%,10.9%
E01031174,Cattlemarket,Newbold,Rugby Town North ,Rugby,31,61,1014,3.1%,6.0%
E01031175,Overslade South East,Overslade,Rugby Town West,Rugby,6,11,619,1.0%,1.8%
E01031176,Overslade North,Overslade,Rugby Town West ,Rugby,29,56,753,3.9%,7.4%
E01031177,Overslade North West,Overslade,Rugby Town West ,Rugby,29,58,791,3.7%,7.3%
E01031178,Overslade West,Overslade,Rugby Town West ,Rugby,16,29,710,2.3%,4.1%
E01031179,Paddox South,Paddox,Rugby Town East ,Rugby,13,26,1001,1.3%,2.6%
E01031180,Paddox North,Paddox,Rugby Town East ,Rugby,21,32,1114,1.9%,2.9%
E01031181,Ryton on Dunsmore,Ryton on Dunsmore,Rugby Rural ,Rugby,14,27,1030,1.4%,2.6%
E01031182,Wolvey,Wolvey,Rugby Rural ,Rugby,8,30,1510,0.5%,2.0%
E01031183,"Alcester South, Arrow & Weethley",Alcester,"Alcester, Studley & Henley ",Stratford-on-Avon,8,34,893,0.9%,3.8%
E01031184,"Abbey, Grammar & Kings Coughton",Alcester,"Alcester, Studley & Henley ",Stratford-on-Avon,#,16,867,#VALUE!,1.8%
E01031185,Alcester North & Conway,Alcester,"Alcester, Studley & Henley ",Stratford-on-Avon,23,38,873,2.6%,4.4%
E01031186,Alcester East & Island,Alcester,"Alcester, Studley & Henley ",Stratford-on-Avon,19,37,866,2.2%,4.3%
E01031187,Aston Cantlow,Aston Cantlow,"Alcester, Studley & Henley ",Stratford-on-Avon,6,20,1151,0.5%,1.7%
E01031188,Bardon,Bardon,"Alcester, Studley & Henley ",Stratford-on-Avon,12,18,1192,1.0%,1.5%
E01031189,Dunnington and Salford Priors,Bidford and Salford,"Alcester, Studley & Henley ",Stratford-on-Avon,16,34,902,1.8%,3.8%
E01031190,"Bidford East, Waterloo & Broom",Bidford and Salford,"Alcester, Studley & Henley ",Stratford-on-Avon,15,36,1168,1.3%,3.1%
E01031191,Bidford West and Wixford,Bidford and Salford,"Alcester, Studley & Henley ",Stratford-on-Avon,#,9,1010,#VALUE!,0.9%
E01031192,"Bidford South, Marlcliff and Barton",Bidford and Salford,"Alcester, Studley & Henley ",Stratford-on-Avon,9,29,1121,0.8%,2.6%
E01031193,Brailes,Brailes,Stratford-on-Avon & Shipston ,Stratford-on-Avon,14,26,1195,1.2%,2.2%
E01031194,Burton Dassett,Burton Dassett,"Southam, Wellesbourne & Kineton ",Stratford-on-Avon,18,23,1287,1.4%,1.8%
E01031195,Claverdon,Claverdon,"Alcester, Studley & Henley ",Stratford-on-Avon,9,18,1269,0.7%,1.4%
E01031196,Ettington,Ettington,Stratford-on-Avon & Shipston ,Stratford-on-Avon,10,20,1360,0.7%,1.5%
E01031197,Ladbroke & Priors,Fenny Compton,"Southam, Wellesbourne & Kineton ",Stratford-on-Avon,4,13,669,0.6%,1.9%
E01031198,"Fenny Compton, Farnborough & Avon Dassett",Fenny Compton,"Southam, Wellesbourne & Kineton ",Stratford-on-Avon,4,13,805,0.5%,1.6%
E01031199,"Deppers Bridge, Chester & Kings",Harbury,"Southam, Wellesbourne & Kineton ",Stratford-on-Avon,12,28,852,1.4%,3.3%
E01031200,Bishops Itchington,Harbury,"Southam, Wellesbourne & Kineton ",Stratford-on-Avon,11,20,1022,1.1%,2.0%
E01031201,Harbury,Harbury,"Southam, Wellesbourne & Kineton ",Stratford-on-Avon,7,15,837,0.8%,1.8%
E01031202,Henley West,Henley,"Alcester, Studley & Henley ",Stratford-on-Avon,5,15,817,0.6%,1.8%
E01031203,Henley East and Beaudesert,Henley,"Alcester, Studley & Henley ",Stratford-on-Avon,10,29,755,1.3%,3.8%
E01031204,Wootton Wawen,Henley,"Alcester, Studley & Henley",Stratford-on-Avon,7,12,628,1.1%,1.9%
E01031205,"Kineton, Chadshunt & Compton Verney",Kineton,"Southam, Wellesbourne & Kineton ",Stratford-on-Avon,10,15,954,1.0%,1.6%
E01031206,"Kineton Castle, Lt Kineton & Combrook",Kineton,"Southam, Wellesbourne & Kineton ",Stratford-on-Avon,19,23,839,2.3%,2.7%
E01031207,Lighthorne & Lighthorne Heath,Kineton,"Southam, Wellesbourne & Kineton ",Stratford-on-Avon,20,35,735,2.7%,4.8%
E01031208,Kinwarton,Kinwarton,"Alcester, Studley & Henley ",Stratford-on-Avon,15,34,1200,1.3%,2.8%
E01031209,Long Compton,Long Compton,Stratford-on-Avon & Shipston ,Stratford-on-Avon,9,18,1098,0.8%,1.6%
E01031210,Long Itchington West & Ufton,Long itchington,"Southam, Wellesbourne & Kineton ",Stratford-on-Avon,4,10,765,0.5%,1.3%
E01031211,Long Itchington East,Long itchington,"Southam, Wellesbourne & Kineton ",Stratford-on-Avon,4,22,659,0.6%,3.3%
E01031212,Quinton,Quinton,Stratford-on-Avon & Shipston ,Stratford-on-Avon,10,43,1611,0.6%,2.7%
E01031213,Sambourne,Sambourne,"Alcester, Studley & Henley ",Stratford-on-Avon,12,30,1044,1.1%,2.9%
E01031214,Shipston South & Furze Hill,Shipston,Stratford-on-Avon & Shipston ,Stratford-on-Avon,5,19,905,0.6%,2.1%
E01031215,Shipston North,Shipston,Stratford-on-Avon & Shipston ,Stratford-on-Avon,15,24,1075,1.4%,2.2%
E01031216,Shipston West and Town Centre,Shipston,Stratford-on-Avon & Shipston ,Stratford-on-Avon,8,22,757,1.1%,2.9%
E01031217,Snitterfield & Wolverton,Snitterfield,"Alcester, Studley & Henley ",Stratford-on-Avon,4,14,645,0.6%,2.2%
E01031218,Hampton Lucy & Fulbrook,Snitterfield,"Southam, Wellesbourne & Kineton/Alcester, Studley & Henley",Stratford-on-Avon,6,10,722,0.8%,1.4%
E01031219,Southam East,Southam,"Southam, Wellesbourne & Kineton ",Stratford-on-Avon,9,19,924,1.0%,2.1%
E01031220,Southam North,Southam,"Southam, Wellesbourne & Kineton ",Stratford-on-Avon,5,23,936,0.5%,2.5%
E01031221,Southam West,Southam,"Southam, Wellesbourne & Kineton ",Stratford-on-Avon,10,16,790,1.3%,2.0%
E01031222,Southam South & Town Centre,Southam,"Southam, Wellesbourne & Kineton ",Stratford-on-Avon,9,26,1215,0.7%,2.1%
E01031223,Stockton,Stockton and Napton,"Southam, Wellesbourne & Kineton ",Stratford-on-Avon,11,22,880,1.3%,2.5%
E01031224,Napton on the Hill,Stockton and Napton,"Southam, Wellesbourne & Kineton ",Stratford-on-Avon,5,20,695,0.7%,2.9%
E01031225,Bridgetown,Stratford Alveston,Stratford-on-Avon & Shipston ,Stratford-on-Avon,#,12,898,#VALUE!,1.3%
E01031226,Stratford South East & Alveston Hill,Stratford Alveston,Stratford-on-Avon & Shipston ,Stratford-on-Avon,14,36,1811,0.8%,2.0%
E01031227,Tiddington & Alveston,Stratford Alveston,Stratford-on-Avon & Shipston ,Stratford-on-Avon,5,25,1030,0.5%,2.4%
E01031228,Clopton & Welcombe Hills,Stratford Avenue and New Town,Stratford-on-Avon & Shipston ,Stratford-on-Avon,12,19,936,1.3%,2.0%
E01031229,Town Centre North,Stratford Avenue and New Town,Stratford-on-Avon & Shipston ,Stratford-on-Avon,17,36,1103,1.5%,3.3%
E01031230,The Avenue,Stratford Avenue and New Town,Stratford-on-Avon & Shipston ,Stratford-on-Avon,12,44,1403,0.9%,3.1%
E01031231,Maybird,Stratford Avenue and New Town,Stratford-on-Avon & Shipston ,Stratford-on-Avon,27,55,1158,2.3%,4.7%
E01031232,Shottery South & Racecourse,Stratford Guild and Hathaway,Stratford-on-Avon & Shipston ,Stratford-on-Avon,7,25,1443,0.5%,1.7%
E01031233,Shottery North & Racecourse,Stratford Guild and Hathaway,Stratford-on-Avon & Shipston ,Stratford-on-Avon,18,25,1009,1.8%,2.5%
E01031234,Old Town & Town Centre South,Stratford Guild and Hathaway,Stratford-on-Avon & Shipston ,Stratford-on-Avon,10,29,914,1.1%,3.2%
E01031235,Old Town,Stratford Guild and Hathaway,Stratford-on-Avon & Shipston ,Stratford-on-Avon,9,24,1072,0.8%,2.2%
E01031236,Bishopton,Stratford Mount Pleasant,Stratford-on-Avon & Shipston ,Stratford-on-Avon,12,28,1051,1.1%,2.7%
E01031237,Stratford Mount Pleasant West,Stratford Mount Pleasant,Stratford-on-Avon & Shipston ,Stratford-on-Avon,7,21,832,0.8%,2.5%
E01031238,Stratford Mount Pleasant East,Stratford Mount Pleasant,Stratford-on-Avon & Shipston ,Stratford-on-Avon,18,37,752,2.4%,4.9%
E01031239,Studley East & Priory,Studley,"Alcester, Studley & Henley ",Stratford-on-Avon,13,29,912,1.4%,3.2%
E01031240,Studley North,Studley,"Alcester, Studley & Henley ",Stratford-on-Avon,8,34,750,1.1%,4.5%
E01031241,Studley West & Common,Studley,"Alcester, Studley & Henley ",Stratford-on-Avon,7,20,862,0.8%,2.3%
E01031242,Studley South,Studley,"Alcester, Studley & Henley ",Stratford-on-Avon,17,44,819,2.1%,5.4%
E01031243,Earlswood,Tanworth,"Alcester, Studley & Henley ",Stratford-on-Avon,9,20,1097,0.8%,1.8%
E01031244,Tanworth,Tanworth,"Alcester, Studley & Henley ",Stratford-on-Avon,7,21,1128,0.6%,1.9%
E01031245,Tredington & Blackwell,Tredington,Stratford-on-Avon & Shipston ,Stratford-on-Avon,6,9,651,0.9%,1.4%
E01031246,"Newbold-on-Stour, Ilmington East & Whitchurch",Tredington,Stratford-on-Avon & Shipston ,Stratford-on-Avon,#,7,648,#VALUE!,1.1%
E01031247,Vale of the Red Horse,Vale of the Red Horse,Stratford-on-Avon & Shipston ,Stratford-on-Avon,6,29,1295,0.5%,2.2%
E01031248,Welford,Welford,"Alcester, Studley & Henley ",Stratford-on-Avon,6,17,1107,0.5%,1.5%
E01031249,Wellesbourne West,Wellesbourne,"Southam, Wellesbourne & Kineton ",Stratford-on-Avon,11,22,780,1.4%,2.8%
E01031250,"Wellesbourne East, Walton & Airfield",Wellesbourne,"Southam, Wellesbourne & Kineton ",Stratford-on-Avon,4,12,863,0.5%,1.4%
E01031251,Wellesbourne South,Wellesbourne,"Southam, Wellesbourne & Kineton ",Stratford-on-Avon,3,24,702,0.4%,3.4%
E01031252,"Moreton Morrell, Ashorne & Newbold Pacey",Wellesbourne,"Southam, Wellesbourne & Kineton ",Stratford-on-Avon,#,16,843,#VALUE!,1.9%
E01031253,Wellesbourne North,Wellesbourne,"Southam, Wellesbourne & Kineton ",Stratford-on-Avon,9,19,921,1.0%,2.1%
E01031254,Castle & Burton Green,Abbey,Kenilworth ,Warwick,#,11,859,#VALUE!,1.3%
E01031255,Castle Green & Malthouse,Abbey,Kenilworth ,Warwick,8,11,841,1.0%,1.3%
E01031256,Abbey Fields,Abbey,Kenilworth ,Warwick,9,17,932,1.0%,1.8%
E01031257,Abbey East,Abbey,Kenilworth ,Warwick,23,22,973,2.4%,2.3%
E01031258,Town Centre North,Abbey,Kenilworth ,Warwick,3,10,902,0.3%,1.1%
E01031259,Bishops Tachbrook North & Warwick Gates,Bishops Tachbrook,Warwick Rural ,Warwick,9,18,949,0.9%,1.9%
E01031260,Bishops Tachbrook South,Bishops Tachbrook,Warwick Rural ,Warwick,12,33,773,1.6%,4.3%
E01031261,Brunswick South West & kingsway,Brunswick,South Leamington & Whitnash ,Warwick,33,52,1079,3.1%,4.8%
E01031262,Brunswick South & Cemetary,Brunswick,South Leamington & Whitnash ,Warwick,27,53,1032,2.6%,5.1%
E01031263,Brunswick North East,Brunswick,South Leamington & Whitnash ,Warwick,33,52,1387,2.4%,3.7%
E01031264,Brunswick South East,Brunswick,South Leamington & Whitnash ,Warwick,27,64,1060,2.5%,6.0%
E01031265,Brunswick North West & Foundry,Brunswick,South Leamington & Whitnash ,Warwick,27,64,1104,2.4%,5.8%
E01031266,Old Town West & Railway Bridge,Brunswick,South Leamington & Whitnash ,Warwick,56,58,1584,3.5%,3.7%
E01031267,Hampton-on-the-Hill,Budbrooke,Warwick Rural ,Warwick,6,19,1086,0.6%,1.7%
E01031268,Hatton & Hampton Magna,Budbrooke,Warwick Rural ,Warwick,13,28,1779,0.7%,1.6%
E01031269,"Sherbourne, Barford & Wasperton",Budbrooke,Warwick Rural ,Warwick,7,17,865,0.8%,2.0%
E01031270,Town Centre,Clarendon,North Leamington ,Warwick,51,76,1398,3.6%,5.4%
E01031271,Campion Hills & Newbold Comyn,Clarendon,North Leamington ,Warwick,30,47,1063,2.8%,4.4%
E01031272,Clarendon North,Clarendon,North Leamington ,Warwick,14,23,1197,1.2%,1.9%
E01031273,Lillington East,Crown,North Leamington ,Warwick,84,124,943,8.9%,13.1%
E01031274,Lillington West,Crown,North Leamington ,Warwick,24,51,937,2.6%,5.4%
E01031275,Crown North East,Crown,North Leamington ,Warwick,7,21,758,0.9%,2.8%
E01031276,Lillington South,Crown,North Leamington ,Warwick,27,35,938,2.9%,3.7%
E01031277,Cubbington West & New Cubbington,Cubbington,Warwick Rural ,Warwick,9,23,928,1.0%,2.5%
E01031278,"New Cubbington, Blackdown & Old Milverton",Cubbington,Warwick Rural ,Warwick,5,16,889,0.6%,1.8%
E01031279,Cubbington East,Cubbington,Warwick Rural ,Warwick,6,12,757,0.8%,1.6%
E01031280,"Bubbenhall, Wappenbury, Weston & Eathorpe",Cubbington,Warwick Rural ,Warwick,10,13,823,1.2%,1.6%
E01031281,"Lapworth North, Baddesley Clinton & High Cross",Lapworth,Warwick Rural ,Warwick,6,18,945,0.6%,1.9%
E01031282,"Lapworth South, Bushwood, Lowsonford & Rowington",Lapworth,Warwick Rural ,Warwick,5,13,843,0.6%,1.5%
E01031283,"Wroxhall, Hasely & Honiley",Leek Wootton,Warwick Rural ,Warwick,5,12,746,0.7%,1.6%
E01031284,"Leek Wootton, Guys Cliffe & Beausale",Leek Wootton,Warwick Rural ,Warwick,#,13,749,#VALUE!,1.7%
E01031285,Manor South West,Manor,North Leamington ,Warwick,26,35,1379,1.9%,2.5%
E01031286,Manor South & Round Oaks,Manor,North Leamington ,Warwick,11,23,934,1.2%,2.5%
E01031287,Manor North,Manor,North Leamington ,Warwick,9,17,914,1.0%,1.9%
E01031288,Manor West,Manor,North Leamington ,Warwick,9,16,778,1.2%,2.1%
E01031289,Manor East,Manor,North Leamington ,Warwick,11,23,955,1.2%,2.4%
E01031290,Milverton Cliffe,Milverton,North Leamington ,Warwick,16,31,1155,1.4%,2.7%
E01031291,Milverton South East,Milverton,North Leamington ,Warwick,46,50,1048,4.4%,4.8%
E01031292,Milverton West,Milverton,North Leamington ,Warwick,9,27,975,0.9%,2.8%
E01031293,Milverton South West,Milverton,North Leamington ,Warwick,17,32,939,1.8%,3.4%
E01031294,Milverton East,Milverton,North Leamington ,Warwick,10,27,928,1.1%,2.9%
E01031295,Milverton North,Milverton,North Leamington ,Warwick,#,7,628,#VALUE!,1.1%
E01031296,Knowle Hill & Glasshouse,Park Hill,Kenilworth ,Warwick,16,33,1168,1.4%,2.8%
E01031297,Ladyes Hills & Mill End West,Park Hill,Kenilworth ,Warwick,21,31,1205,1.7%,2.6%
E01031298,Whitemoor,Park Hill,Kenilworth ,Warwick,10,23,934,1.1%,2.5%
E01031299,Glass House & Windy Arbour,Park Hill,Kenilworth ,Warwick,#,13,852,#VALUE!,1.5%
E01031300,Mill End East & Crackley,Park Hill,Kenilworth ,Warwick,5,18,1051,0.5%,1.7%
E01031301,Offchurch & Hunningham,Radford Semele,Warwick Rural ,Warwick,7,15,897,0.8%,1.7%
E01031302,Radford Semele,Radford Semele,Warwick Rural ,Warwick,4,26,662,0.6%,3.9%
E01031303,Town Centre South,St John's,Kenilworth ,Warwick,8,19,873,0.9%,2.2%
E01031304,Borrowell,St John's,Kenilworth ,Warwick,12,18,811,1.5%,2.2%
E01031305,Thickthorn & Castle End,St John's,Kenilworth ,Warwick,4,7,759,0.5%,0.9%
E01031306,St John's Playing Fields,St John's,Kenilworth ,Warwick,7,12,930,0.8%,1.3%
E01031307,Castle End & Windy Arbour,St John's,Kenilworth ,Warwick,3,14,805,0.4%,1.7%
E01031308,Stoneleigh,Stoneleigh,Warwick Rural/Kenilworth,Warwick,10,26,2319,0.4%,1.1%
E01031309,Emscote,Warwick North,Warwick ,Warwick,25,48,939,2.7%,5.1%
E01031310,Woodloes South East & Spinney Hill South,Warwick North,Warwick ,Warwick,17,24,799,2.1%,3.0%
E01031311,Emscote & Spinney Hill North East,Warwick North,Warwick ,Warwick,24,40,741,3.2%,5.4%
E01031312,Wedgenock & Woodloes West,Warwick North,Warwick ,Warwick,14,33,822,1.7%,4.0%
E01031313,Woodloes North,Warwick North,Warwick ,Warwick,11,20,938,1.2%,2.1%
E01031314,Woodloes East,Warwick North,Warwick ,Warwick,5,16,913,0.5%,1.8%
E01031315,"Warwick Gates North, Tachbrook Park & Myton South",Warwick South,Warwick ,Warwick,14,23,1332,1.1%,1.7%
E01031316,"St Nicholas Park, Myton & Emscote South",Warwick South,Warwick ,Warwick,10,32,868,1.2%,3.7%
E01031317,"Bridge End, Castle & Stratford Rd East",Warwick South,Warwick ,Warwick,3,19,781,0.4%,2.4%
E01031318,Warwick Gates,Warwick South,Warwick ,Warwick,12,28,1448,0.8%,1.9%
E01031319,Emscote Lawns,Warwick South,Warwick ,Warwick,16,36,1207,1.3%,3.0%
E01031320,The Moorings and Myton North,Warwick South,Warwick ,Warwick,15,33,969,1.5%,3.4%
E01031321,Packmores West & The Cape,Warwick West,Warwick ,Warwick,28,57,847,3.3%,6.7%
E01031322,The Cape & Wedgenock,Warwick West,Warwick ,Warwick,17,35,967,1.8%,3.6%
E01031323,"Priory Park, Packmores & Hospital",Warwick West,Warwick ,Warwick,10,33,931,1.1%,3.5%
E01031324,Town Centre & Racecourse,Warwick West,Warwick ,Warwick,19,46,1225,1.6%,3.8%
E01031325,Warwick West East,Warwick West,Warwick ,Warwick,20,19,922,2.2%,2.1%
E01031326,Kings Meadow & Longbridge,Warwick West,Warwick ,Warwick,19,50,1492,1.3%,3.4%
E01031327,Whitnash North,Whitnash,South Leamington & Whitnash ,Warwick,29,45,913,3.2%,4.9%
E01031328,Whitnash East & Millponds,Whitnash,South Leamington & Whitnash ,Warwick,20,51,1230,1.6%,4.1%
E01031329,Whitnash West,Whitnash,South Leamington & Whitnash ,Warwick,14,44,1588,0.9%,2.8%
E01031330,Whitnash St Margarets,Whitnash,South Leamington & Whitnash ,Warwick,17,35,1021,1.7%,3.4%
E01031331,Whitnash South,Whitnash,South Leamington & Whitnash ,Warwick,11,11,1155,1.0%,1.0%
E01031332,Sydenham West,Willes,South Leamington & Whitnash ,Warwick,33,55,991,3.3%,5.5%
E01031333,Sydenham North,Willes,South Leamington & Whitnash ,Warwick,32,61,1016,3.1%,6.0%
E01031334,Sydenham South & East,Willes,South Leamington & Whitnash ,Warwick,18,44,1103,1.6%,4.0%
E01031335,Old Town North,Willes,South Leamington & Whitnash ,Warwick,12,30,1139,1.1%,2.6%
E01031336,Old Town North West,Willes,South Leamington & Whitnash ,Warwick,33,54,1428,2.3%,3.8%
E01031337,Old Town East & Sydenham Ind. Est.,Willes,South Leamington & Whitnash ,Warwick,22,34,1096,2.0%,3.1%
