ESTAB,School name,District,Education Area,Type,Phase,2008 Information Not Yet Obtained,2008 Any Other Asian Background,2008 Any Other Black Background,2008 Any Other Ethnic Group,2008 Any Other Mixed Background,2008 Any Other White Background,2008 Bangladeshi,2008 Black - African,2008 Black Caribbean,2008 Chinese,2008 Gypsy / Roma,2008 Indian,2008 Pakistani,2008 Refused,2008 Traveller of Irish Heritage,2008 White - British,2008 White - Irish,2008 White and Asian,2008 White and Black African,2008 White and Black Caribbean,2009 Information Not Yet Obtained,2009 Any Other Asian Background,2009 Any Other Black Background,2009 Any Other Ethnic Group,2009 Any Other Mixed Background,2009 Any Other White Background,2009 Bangladeshi,2009 Black - African,2009 Black Caribbean,2009 Chinese,2009 Gypsy / Roma,2009 Indian,2009 Pakistani,2009 Refused,2009 Traveller of Irish Heritage,2009 White - British,2009 White - Irish,2009 White and Asian,2009 White and Black African,2009 White and Black Caribbean,2010 Information Not Yet Obtained,2010 Any Other Asian Background,2010 Any Other Black Background,2010 Any Other Ethnic Group,2010 Any Other Mixed Background,2010 Any Other White Background,2010 Bangladeshi,2010 Black - African,2010 Black Caribbean,2010 Chinese,2010 Gypsy / Roma,2010 Indian,2010 Pakistani,2010 Refused,2010 Traveller of Irish Heritage,2010 White - British,2010 White - Irish,2010 White and Asian,2010 White and Black African,2010 White and Black Caribbean
1000,Atherstone Early Years Centre,North Warwickshire,North Warwickshire,Nursery,Nursery,0,0,0,0,0,0,0,0,1.2,1.2,0,0,0,0,0,92.6,1.2,2.5,0,1.2,100,0,0,0,0,0,0,0,0,0,0,0,0,0,0,0,0,0,0,0,100,0,0,0,0,0,0,0,0,0,0,0,0,0,0,0,0,0,0,0
1001,Bedworth Early Years Centre and Nursery,Nuneaton and Bedworth,Nuneaton & Bedworth,Nursery,Nursery,0,0,0,0,0,0,0,0,0,0,0,1.5,0,0,0,92.6,0,4.4,0,1.5,100,0,0,0,0,0,0,0,0,0,0,0,0,0,0,0,0,0,0,0,100,0,0,0,0,0,0,0,0,0,0,0,0,0,0,0,0,0,0,0
1002,Bedworth Heath Nursery School and Children's Centre,Nuneaton and Bedworth,Nuneaton & Bedworth,Nursery,Nursery,0,0,1.3,1.3,0,0,0,0,0,1.3,0,6.3,0,0,0,88.8,0,0,0,1.3,100,0,0,0,0,0,0,0,0,0,0,0,0,0,0,0,0,0,0,0,100,0,0,0,0,0,0,0,0,0,0,0,0,0,0,0,0,0,0,0
1003,Whitnash Nursery School,Warwick,Central,Nursery,Nursery,12.5,1.3,0,0,1.3,2.5,0,0,0,0,0,13.8,1.3,10,0,46.3,2.5,3.8,1.3,3.8,100,0,0,0,0,0,0,0,0,0,0,0,0,0,0,0,0,0,0,0,100,0,0,0,0,0,0,0,0,0,0,0,0,0,0,0,0,0,0,0
1020,Kenilworth Children's Centre and Nursery School,Warwick,Central,Nursery,Nursery,0,0,0,0,1.3,2.5,0,0,0,1.3,0,0,0,0,0,89.9,1.3,2.5,0,1.3,100,0,0,0,0,0,0,0,0,0,0,0,0,0,0,0,0,0,0,0,100,0,0,0,0,0,0,0,0,0,0,0,0,0,0,0,0,0,0,0
1022,Warwick Children's Centre & Nursery School,Warwick,Central,Nursery,Nursery,6.8,1.4,0,0,2.7,2.7,0,0,0,0,0,1.4,1.4,1.4,0,81.1,0,0,0,1.4,100,0,0,0,0,0,0,0,0,0,0,0,0,0,0,0,0,0,0,0,100,0,0,0,0,0,0,0,0,0,0,0,0,0,0,0,0,0,0,0
1041,Stockingford Early Years Centre,Nuneaton and Bedworth,Nuneaton & Bedworth,Nursery,Nursery,1.3,0,0,1.3,0,1.3,0,0,0,0,0,1.3,0,0,0,94.8,0,0,0,0,100,0,0,0,0,0,0,0,0,0,0,0,0,0,0,0,0,0,0,0,100,0,0,0,0,0,0,0,0,0,0,0,0,0,0,0,0,0,0,0
2001,Nursery Hill Primary School,North Warwickshire,North Warwickshire,Primary,Primary,0.7,1.4,0,0,0,0,0,0,0,0,0,0.7,1.4,2.2,0,92.8,0.7,0,0,0,0,0,0,0,0,0,0,0,0,0,0,0.7,1.5,0,0,97.8,0,0,0,0,2.1,0,0,0,0,0,0,0,0,0,0,0,2.8,0,0,95,0,0,0,0
2002,Gun Hill Infant School,North Warwickshire,North Warwickshire,Infant,Primary,0,0,0,0,0,0.9,0,0,0,0.9,0,0,0,0.9,0,93.6,0,3.6,0,0,0,0,0,0,0,0,0,0,0,0.9,0,0,0,0.9,0,94.5,0,3.7,0,0,0,0,0,0,0,0.9,0,0,0,0.9,0,0,0,0.9,0,94.5,0,2.7,0,0
2004,Arden Hill Infant School,North Warwickshire,North Warwickshire,Infant,Primary,4.5,0,0,0,0,0.6,0,0,0,0,0,0,0,0,0,94.9,0,0,0,0,13.7,0,0,0,1.1,1.6,0,0,0,0,0,1.6,0,0,0.5,80.8,0,0,0.5,0,0,0,0,0,0.6,1.1,0,0,0,0,0,1.1,0,0,1.1,94.9,0,0,1.1,0
2014,Bishops Itchington Primary School,Stratford on Avon,Central,Primary,Primary,0,0,0,0,0.7,0.7,0,0,0,0,0,0,0,1.3,0,96.7,0,0.7,0,0,0,0,0,0,0,0.7,0,0,0,0,0,0,0,0.7,0,97.2,0,1.4,0,0,0,0,0,0,0,1.6,0,0,0,0,0,0,0,0,0,98.4,0,0,0,0
2017,Claverdon Primary School,Stratford on Avon,Southern,Primary,Primary,0,1.1,0,0,0.5,1.1,0,0,0,0,0,0,0,0,0,94.6,0.5,0,0,2.2,0,1.1,0,1.1,1.1,0.6,0,0,0,0,0,0,0,0,0,94.3,0.6,0,0,1.1,0,1.1,0,0,0.5,3.2,0,0,0,0,0,0,0,0,0,92,1.1,0,1.1,1.1
2018,Dordon Community Primary School,North Warwickshire,North Warwickshire,Primary,Primary,0,0.7,0,0,2.9,0.7,0,0,0,0,0,0.7,0,0,0,91.2,0.7,0,1.5,1.5,0,0.9,0,0,3.7,0.9,0,0,0,0,0,0,0,0,0,90.7,0.9,0,0.9,1.9,0,1,0,0,2,1,0,0,0,0,0,0,0,0,0,93.1,1,0,1,1
2021,Wheelwright Lane Primary School,Nuneaton and Bedworth,Nuneaton & Bedworth,Primary,Primary,0.4,2.5,0,0.8,0,0.4,0,0.8,0,0,1.2,5.3,0,1.2,0,86.4,0,0.4,0,0.4,0,2.9,0,0.4,0,0.4,0.4,1.3,0,0,1.7,5.4,0.8,0.4,0,84.9,0,0.8,0,0.4,0,0,0,0.4,0,1.2,0.4,0.8,0,0,2,10.6,0.8,0.8,0,82.4,0,0.4,0,0
2024,Great Alne Primary School,Stratford on Avon,Southern,Primary,Primary,0,0,0,0,0,0,0,0,0,0,0,0,0,0,0,98.3,0.9,0.9,0,0,0,0,0,0,0,0,0,0,0,0,0,0,0,0,0,99.1,0.9,0,0,0,0,0,0,0,0,0,0,0,0,0,0,0,0,0,0,97.4,0.9,1.8,0,0
2028,Michael Drayton Junior School,North Warwickshire,North Warwickshire,Junior,Primary,0,0.2,0.2,0,1.1,1.5,0,0.2,0,0,0,0.2,0,0,0,95.8,0,0.2,0,0.4,0,0,0.2,0.2,1.3,0.9,0,0,0,0,0,0,0,0,0,96.3,0,0.2,0,0.9,0,0,0.2,0.7,1.1,0.7,0,0.2,0,0,0,0.2,0,0.4,0,96,0,0,0,0.4
2029,Nathaniel Newton Infant School,North Warwickshire,North Warwickshire,Infant,Primary,0,0.6,0.6,0.6,0,1.8,0,0,0,0,0,0,0,2.4,0,93.5,0,0,0,0.6,0,1.2,0.6,0.6,0.6,1.2,0,0,0,0,0,0,0,2.3,0,93.6,0,0,0,0,0,0.6,0.6,0,1.1,1.7,0,0,0,0,0,0,0,1.1,0,95,0,0,0,0
2031,Henley-In-Arden Primary School,Stratford on Avon,Southern,Primary,Primary,0,0,0,0,0,3,0,0,1.8,0,0,0,0,0,0,93.3,1.2,0,0,0.6,0,0.6,0,0.6,0,1.1,0,0,0.6,0,0,0,0,0,0,95.4,0.6,0.6,0,0.6,16.5,1.1,0,0,0,0.5,0,0,0.5,0,0,0,0,0,0,80.8,0,0.5,0,0
2032,Hurley Primary School,North Warwickshire,North Warwickshire,Primary,Primary,0.8,0,0,0.8,0,0,0,0,0,0,0,0,0,0,0,98.4,0,0,0,0,0,0,0,0,0,1.5,0,0,0,0,0,0,0,0,0,98.5,0,0,0,0,0,0,0,0,0,3.3,0,0,0,0,0,0,0,0,0,96.7,0,0,0,0
2043,Quinton Primary School,Stratford on Avon,Southern,Primary,Primary,0,2.2,0,0,2.2,2.2,0,0,0,0,0,2.2,0,0,0,87.6,0,2.2,0,1.1,0,1.4,0,0,2.7,1.4,0,0,0,0,0,2.7,0,0,0,86.5,0,2.7,1.4,1.4,0,1.4,0,0,4.2,2.8,0,0,0,0,0,2.8,0,0,0,83.3,0,4.2,0,1.4
2046,Snitterfield Primary School,Stratford on Avon,Southern,Primary,Primary,0,0,0,0,0,2.9,0,0,0,0,1,0,0,4.9,0,90.2,0,1,0,0,0,0,0,0,0,2,0,0,0,0,2,0,0,4,0,91,0,1,0,0,0,0,0,0,0,2.1,0,0,0,0,0,0,0,4.3,0,91.5,0,2.1,0,0
2049,Stockton Primary School,Stratford on Avon,Central,Primary,Primary,0,0,0,0,1,0,0,0,0,0,0,0,0,0,0,99,0,0,0,0,0,0,0,0,3.3,0,0,0,0,0,0,0,0,0,0,96.7,0,0,0,0,0,0,2,0,0,0,0,0,0,0,0,0,0,2,0,94.1,0,0,0,2
2050,Stratford-upon-Avon Primary School,Stratford on Avon,Southern,Primary,Primary,0,0,0,0,2.3,5.1,0,0,0,0,0,0,0,0,0,88,0,3.7,0.5,0.5,0,0,0,0,2.3,5.6,0,0,0,0.5,0,0,0,0,0,87.9,0,2.8,0.5,0.5,0,0.5,0,0,1.9,4.6,0,0,0,0.9,0,0,0,0,0,89.4,0,2.8,0,0
2052,Thomas Jolyffe Primary School,Stratford on Avon,Southern,Primary,Primary,0.7,0.2,0,0,1,8.7,0,0.2,0,0.5,0.2,0.7,0.2,0.7,0,84.1,0.2,1.7,0.2,0.2,2.3,0,0,0,1,9.5,0,0.3,0,0.3,0,0.3,0,0.5,0,83.7,0.3,1.5,0.3,0.3,0.5,0.3,0,0,0.8,9.6,0,0.3,0,0.5,0,1,0.8,0.3,0,83.4,0.3,1.8,0.5,0
2053,Bridge Town Primary School,Stratford on Avon,Southern,Primary,Primary,0,0,0,1,1,5.9,0,0,0,0.7,0,2,0,4.6,0,82.4,1.3,0.7,0,0.7,0,0,0,1,2.3,5.2,0,0,0,0.3,0,1.9,0.3,3.9,0,81.9,1.3,0.6,0,1.3,0,0.3,0,1.3,2.3,6.2,0,0,0,0.3,0,1,0,3.2,0,81.8,1.6,0.6,0,1.3
2055,Studley Infant School,Stratford on Avon,Southern,Infant,Primary,0,0,0,0,0.4,3.1,0,0,0,0,0,0.9,2.7,0,0,90.2,0,0.4,0.4,1.8,0,0,0,0,1.4,0.9,0,0,0,0,0,0.5,2.3,0,0,92.8,0,0.5,0.5,1.4,0,0.4,0,0,0,0,0,0,0,0,0,0.4,1.7,0,0,96.1,0.4,0,0.4,0.4
2058,Welford-On-Avon Primary School,Stratford on Avon,Southern,Primary,Primary,0,0,0,0,1.6,0.8,0,0,0,0,0,0.8,0,0,0,93.3,0,1.2,0,2.4,0,0,0,0,0.8,0.4,0,0,0,0,0,0.4,0,0.4,0,93.6,0,1.6,0,2.8,0,0,0,0,2,0.4,0,0,0,0,0,0.4,0,0.8,0,92.6,0,1.6,0,2.3
2063,Wood End Primary School,North Warwickshire,North Warwickshire,Primary,Primary,0,0,0,0,0,1.9,0,0,0,0,0,1.3,0,2.6,0,94.2,0,0,0,0,0,0,0,0,0,2,0,0,0,0,2,1.3,0,1.3,0,93.3,0,0,0,0,0,0,0,0,0,0.7,0,0,0,0,5.5,1.4,0,1.4,0,91.1,0,0,0,0
2064,Lighthorne Heath Primary School,Stratford on Avon,Southern,Primary,Primary,0,0,0,0,0,0,0,0,0,0,0,0,0,2.4,0,96.5,0,0,1.2,0,2.7,0,0,0,0,1.4,0,0,0,0,0,0,0,1.4,0,93.2,0,1.4,0,0,0,0,0,0,0,2.6,0,0,0,0,0,0,0,0,0,96.1,0,1.3,0,0
2103,Chilvers Coton Community Infant School,Nuneaton and Bedworth,Nuneaton & Bedworth,Infant,Primary,0,3.6,0,0.6,0.6,0.6,0,1.2,0.6,0,0,60,9.7,0.6,0,18.8,0,1.2,0.6,1.8,0,4.7,0,0,0,2.7,0,0.7,2,0,0,57.7,10.1,0.7,0,18.8,0,0,0,2.7,0,4.6,0,0.7,0.7,4,0,0,3.3,0.7,0,55,7.3,0.7,0,19.9,0,1.3,0,2
2107,Galley Common Infant School,Nuneaton and Bedworth,Nuneaton & Bedworth,Infant,Primary,0,0,0,0,1.5,0,0,0.7,0,0,0,0,0,0.7,0,96.3,0,0,0,0.7,0,0,0,0,0.8,0.8,0,0.8,0,0,0,0,0,0.8,0,96.8,0,0,0,0,0,0,0,0,0.8,0.8,0,0,0,0,0,0.8,0,0,0,97.7,0,0,0,0
2120,Stockingford Junior School,Nuneaton and Bedworth,Nuneaton & Bedworth,Junior,Primary,0,0.5,0,0.5,0.3,0.5,0,0.5,0.5,0,0,0.5,0.3,0.3,0,94.3,0.3,0,0,1.6,0,0.6,0,0.3,0.3,1.1,0,0.6,0.3,0,0,0.8,0.8,0,0,93.5,0,0,0,1.7,0,0.6,0,0.6,0.3,1.2,0,0.3,0.3,0,0,0.3,0.6,0.3,0.3,93.5,0.3,0,0,1.5
2121,Stockingford Infant School,Nuneaton and Bedworth,Nuneaton & Bedworth,Infant,Primary,0,0.4,0,0.7,0.7,0,0,0.4,0,0,0,1.1,0,0,0,94.6,0.7,0,0,1.4,0,0,0,1.9,1.1,0,0,0.4,0.4,0,0,1.1,0.4,0,0,93.7,0.4,0,0,0.7,0,0,0,0.4,0.7,1.5,0,0.4,1.1,0,0,1.9,0.4,0,0,92.9,0,0.4,0,0.4
2123,Whitestone Infant School,Nuneaton and Bedworth,Nuneaton & Bedworth,Infant,Primary,0,0.8,0,0.8,1.6,0.8,0,0.4,0,0.8,0,5.4,0,0.4,0,87.6,0,0.4,0,1.2,0,0.4,0,0.4,0.4,0.8,0,0.8,0.4,0.4,0,7.3,0.4,0.4,0,87.4,0,0.4,0,0.8,0,0.4,0,0.4,0.4,0.8,0,0.4,0.4,0.4,0,5,0.8,0.4,0,88.9,0,1.1,0,0.8
2307,Thorns Community Infant School,Warwick,Central,Infant,Primary,0,0.6,0,1.7,3.4,1.7,0,0,0.6,0,0,1.1,0,5.1,0,84.7,0,1.1,0,0,0,0,0,2.2,5.1,2.8,0,0,0,0.6,0,1.7,0,1.7,0,84.8,0,1.1,0,0,0,0,0,2.2,3.9,3.4,0,0,0,0,0,0.6,0,2.8,0,86,0,0.6,0,0.6
2308,Clinton Primary School,Warwick,Central,Primary,Primary,0,0,0,0,1,3.1,0,0,0,0,0,0,0,0.5,0,93.9,0,1.5,0,0,0,0,0,0,1.5,4.1,0,0,0,0.5,0,0,0,0,0,91.9,0,1.5,0,0.5,0,0,0,0,2.4,3.3,0,0,0,1.4,0,0,0,0,0,89,0,1.9,1.4,0.5
2309,Park Hill Junior School,Warwick,Central,Junior,Primary,0,1.6,0,0.8,1.2,1.6,0,0,0.4,0,0,0,0,0,0,92.6,0,1.9,0,0,0,0.8,0,1.2,1.6,2.9,0,0,0.4,0,0,0,0,0,0,91,0,2,0,0,0,0.8,0,0.8,1.6,3.7,0,0,0.4,0.4,0,1.2,0,0,0,86.8,0,4.1,0,0
2312,Clapham Terrace Community Primary School,Warwick,Central,Primary,Primary,0,0.4,0,0,2.2,9,0,1.3,0.4,0,0,9.4,0.4,0,0,73.5,0.4,0.9,0,1.8,0.5,0.9,0,0.5,1.4,8.7,0,1.4,1.4,0.5,0,8.7,0.5,0.5,0,72,0.5,1.4,0,1.4,1.5,1,0,1,3.6,13.4,0,1.5,1,0,0,7.7,0.5,0,0,66,0,1,0,1.5
2315,Telford Junior School,Warwick,Central,Junior,Primary,0,0.9,0,0,1.5,1.8,0,0.9,0,0.6,0,4.4,0,0.6,0,87.4,0,0.6,0.3,1.2,0,1.5,0.3,0,2.1,1.8,0,0.6,0,0.3,0,4.7,0.3,0.6,0,86.8,0,0.3,0,0.9,0,0.9,0.3,0,2.1,3.3,0,0.6,0,0.3,0,5.8,0.3,0.6,0,85.4,0,0,0,0.3
2322,Westgate Primary School,Warwick,Central,Primary,Primary,0.7,3.7,0,4.5,2.2,3.7,0,0.7,0,0,0,0.7,0,1.5,0,81.3,0,0.7,0,0,0,2.4,0,3.3,4.1,4.9,0,0.8,0,0,0,0.8,0,1.6,0,81.3,0,0.8,0,0,0.7,3,0,2.2,9,7.5,0,0.7,0,0,0,1.5,0.7,1.5,0,71.6,0,0.7,0.7,0
2324,Whitnash Primary School,Warwick,Central,Primary,Primary,0,0.9,0,2.8,3.7,0,0,1.9,0,0,0,9.3,0,0.9,0,77.8,0,0.9,0,1.9,0.9,0.9,0,3.5,1.7,0,0,1.7,0,0,0,9.6,0,0,0,79.1,0,2.6,0,0,0.8,0.8,0,2.3,2.3,2.3,0.8,0.8,0,0,0,10.6,0,0.8,0,75,0,3,0,0.8
2325,Newburgh Primary School,Warwick,Central,Primary,Primary,0,0,0,0.6,1.2,0,0.6,0.6,0,0.6,0,0.6,2.5,0,0,91.3,0,1.2,0,0.6,0,0,0,0.6,1.1,1.7,0,0.6,0,0.6,0,1.7,4.5,0,0,87.7,0,0.6,0.6,0.6,0,1,0,0.5,1.5,3.6,0,0.5,0,0.5,0,2,3.6,0,0,85.2,0,1,0,0.5
2326,Telford Infant School,Warwick,Central,Infant,Primary,0.8,0.8,0.4,0,1.5,1.9,0,0,0,0,0,7.6,0,0,0,87.1,0,0,0,0,0,0.8,0,0.4,1.9,1.5,0,0,0,0,0,7.6,0,0,0,87,0,0.4,0,0.4,0,0,0,1.1,2.6,0.7,0,0,0,0,0,8.6,0.4,0,0,85.4,0,0.7,0,0.4
2327,Briar Hill Infant School,Warwick,Central,Infant,Primary,0,0,0,1.1,1.1,1.1,0,0,0,0,0,18.6,0,0.8,0,73.8,0.4,1.9,0,1.1,0,0,0,0.4,0.7,0.7,0,0,0.4,0,0,21,0.4,1.5,0,71.2,0.4,1.5,0,1.9,0,0,0,0.4,0.4,0.7,0,0,0.4,0,0,19.6,0.4,2.2,0,71.1,0.4,1.5,0,3
2329,Budbrooke Primary School,Warwick,Central,Primary,Primary,0,0,0,0.8,3.4,1.1,0,0,0,0,0,1.9,0.4,0,0,92.4,0,0,0,0,0.7,0,0,0.4,1.5,1.1,0,0,0,0,0,1.1,0.4,0,0,94.9,0,0,0,0,0,0,0,0.4,1.8,1.1,0,0,0,0,0,2.2,1.1,0,0,93.1,0,0,0.4,0
2330,Brookhurst Primary School,Warwick,Central,Primary,Primary,0,0.3,0,0,1.9,1.9,0,0,0.3,0,0,4.9,0,1.1,0,86.6,0.3,1.4,0.3,1.1,0,0.3,0,0,1.6,3.2,0,0.3,0.3,0,0,4.6,0.3,0.8,0,84.4,0.3,3,0.3,0.8,0,0,0,0.3,1.4,3.8,0,0.5,0,0.3,0,3.8,0.3,0.5,0,84.6,0,3.3,0.3,0.8
2332,Emscote Infant School,Warwick,Central,Infant,Primary,0,0,0,0.8,1.6,4.1,0,0.8,0,0,0,4.1,0,0,0,83.6,0.8,1.6,0,2.5,0,0,0,0,1.3,3.1,0,0.6,0,0.6,0,3.8,0,0,0,86.8,0.6,0,0.6,2.5,0,0,0,0,1.9,0.6,0,0.6,0,0,0,3.2,0,0,0,92.9,0,0,0,0.6
2405,Long Lawford Primary School,Rugby,Eastern,Primary,Primary,0,0.5,0.5,0,0,4.8,0,0,0,1.4,0,0,0,0,0,92.3,0.5,0,0,0,0,1.5,0,0,0,5.6,0,0,0,1.5,0,0,0,0,0,90.4,0.5,0,0.5,0,0,1.4,0,0,0.5,6.2,0,0,0,1.4,0,0,0,0,0,89.5,0.5,0,0.5,0
2410,Abbots Farm Infant School,Rugby,Eastern,Infant,Primary,0,0,0,0.7,0,1.4,0,0,0,0,0,0.7,0,0,0,95.8,0,0.7,0,0.7,0,0,0,0.8,0,1.6,0,1.6,0,0,0,0.8,0,0,0,91,0,0.8,0.8,2.5,0.8,0,0,1.5,0,3,0,2.3,0,0,0,1.5,0,0,0,85.7,0,1.5,0,3.8
2415,Eastlands Primary School,Rugby,Eastern,Primary,Primary,0,0,0,0,0,3.9,0,1.5,0.5,0,0,2.5,0,1,0,88.7,0,0.5,0,1.5,0,0,0,0.5,0,3.5,0,2,1.5,0,0,3.5,0.5,1.5,0,85,0,0,0,2,0,0,0,0.5,0,3.3,0,1.9,1.4,0.5,0,2.9,0.5,0.5,0,83.3,0,1,0.5,3.8
2417,Northlands Primary School,Rugby,Eastern,Primary,Primary,0,2.8,2,1.6,2.4,4.3,0.4,1.6,2.4,0.4,0,9.5,8.3,1.2,0,51.8,0.8,2,0.8,7.9,0,1.7,2.1,1.7,3.4,5.2,0.9,1.7,3,0.4,0,7.3,9.9,0.4,0,50.6,0.9,2.1,0.9,7.7,0,1.7,3,2.2,3.9,4.8,0.9,2.6,3.5,0.4,0,8.2,8.7,0,0,49.4,0.9,1.7,0.9,7.4
2419,Oakfield Primary School,Rugby,Eastern,Primary,Primary,0,0,0,2.3,2.3,5.7,0,2.3,0,0,0,2.3,0,1.1,0,77.3,0,1.1,1.1,4.5,0.6,0,0,1.7,5.2,4.6,0,2.9,0,0,0,2.3,0,0.6,0,75.7,0,2.3,1.2,2.9,0,0,0,2.2,4.9,7.1,0,1.6,0,1.1,0,2.2,0,0,0,74.5,0,1.6,1.6,3.3
2420,Bilton Infant School,Rugby,Eastern,Infant,Primary,0,3.2,0,1.3,0.6,1.3,0,0,0,0,0,2.5,0,0,0,90.4,0,0,0,0.6,0,1.8,0,0,1.8,0.6,0.6,0.6,0,0,0,1.2,0,1.2,0,91.1,0,0.6,0,0.6,0,2.3,0,0.6,0.6,1.1,0.6,0.6,0,0.6,0,1.7,0,1.1,0,88.1,0,2.8,0,0
2421,Abbots Farm Junior School,Rugby,Eastern,Junior,Primary,0,0,0,0.4,0.4,1.2,0,0,0,0,0,3.2,0,0.4,0,90.9,0,2.4,0.4,0.8,0,1.2,0,0.4,0,2.4,0,0,0,0,0,2.4,0.4,0,0,88.8,0,3.2,0.8,0.4,0.4,0,0,0.4,0,2.6,0,0,0,0,0,2.2,0.9,0,0,88.2,0,3.5,1.3,0.4
2423,Bawnmore Infant School,Rugby,Eastern,Infant,Primary,0,1.7,0,0,1.7,1.7,0,0,0,0.6,0,0.6,1.1,0.6,0.6,88.5,0,1.7,0,1.1,0,1.7,0,0,2.3,1.7,0,0,0,0,0,1.1,0,0,0,89.1,0,2.9,0,1.1,0,2.8,0,0,1.7,3.4,0,0,0,0,0,2.2,0,0,0,86,0,2.2,0,1.7
2424,Henry Hinde Infant School,Rugby,Eastern,Infant,Primary,0.6,1.3,0,0,0,3.8,0,0,0.6,1.3,0,0,0,3.2,0,84.7,0,0,1.3,3.2,0,1.2,0,0,0,2.9,0,0.6,0.6,0.6,0,0,1.2,1.2,0,88.3,0,0,1.2,2.3,0,0.6,0,0,0.6,1.7,0,0.6,1.7,0,0,0.6,1.1,2.3,0,86.9,0,1.1,1.1,1.7
2502,Curdworth Primary School,North Warwickshire,North Warwickshire,Primary,Primary,0,1,2.1,1,0,3.1,0,0,1,0,0,0,0,0,0,91.8,0,0,0,0,0,1,1,1,0,1,0,0,1,0,0,0,0,0,0,95,0,0,0,0,0,0,0,0.9,0,0,0,0,1.9,0,0,0.9,0,0,0,94.4,1.9,0,0,0
2569,High Meadow Infant School,North Warwickshire,North Warwickshire,Infant,Primary,0,0,0,0,0,2.8,0,0,0,0,0,0,0,1.4,0,93,0,0,1.4,1.4,0,0,0,0,0,2.7,0,0,0,0,0,0,0,1.4,0,91.9,1.4,0,0,2.7,0,0,0,0,2.4,3.7,0,0,1.2,0,0,0,0,2.4,0,85.4,1.2,0,0,3.7
2571,St. Giles Junior School,Nuneaton and Bedworth,Nuneaton & Bedworth,Junior,Primary,0,0.5,0,0,1,0,0,1,1.5,0,0,20.9,1.5,0,0,70.6,0,2,0,1,0,0.5,0,0,1,0,0,1,1.5,0,0,20.3,2,0,0,70.3,0,2.5,0,1,0,1,0,0,1,1,0,2.9,0.5,0,0,20.1,2,0,0,68.6,0,2.9,0,0
2577,Oakfield Junior School,North Warwickshire,North Warwickshire,Junior,Primary,0,0,0,0,0,0,0,0,0,0,0,0,0,0,0,98.4,0,0,0.5,1.1,0,0,0,0,0,0,0,0,0,0,0,0,0,0,0,98.8,0,0,0.6,0.6,0,0,0,0,0.5,0,0,0,0,0,0,0.5,0,0,0,96.7,0,1.1,0.5,0.5
2581,Chetwynd Junior School,Nuneaton and Bedworth,Nuneaton & Bedworth,Junior,Primary,0,1,0,0.3,0.8,1,0,0.5,0.3,0,0,3.3,0.3,0.3,0,90.8,0.3,0.5,0,0.8,0,0.3,0,0,1.1,1.4,0,0.5,0.3,0,0,2.7,0.5,6.8,0,84.6,0,1.1,0,0.8,0,0.3,0,0,1.2,1.2,0,0.6,0.3,0,0,3.2,0,6.7,0,85.2,0,0.6,0,0.9
2585,Glendale Infant School,Nuneaton and Bedworth,Nuneaton & Bedworth,Infant,Primary,0,0,0,0.5,0.5,0.9,0,0,0,0.9,0,4.5,0.5,0.5,0,90.5,0,0.5,0,0.9,0,0.4,0,0,0.4,1.3,0,0,0,0.9,0,5.2,0,0.4,0,89.5,0,0,0.4,1.3,0,0.5,0,0,0,0.9,0,0,0,1.4,0,2.7,0,0.5,0,91.8,0,0,0.9,1.4
2588,Henry Hinde Junior School,Rugby,Eastern,Junior,Primary,0,0.7,0.4,0.4,2.2,2.2,0,0.4,0,0.7,0,2.2,0,0.4,0,86,0.7,1.5,0,2.2,0,0.7,0.4,0.4,1.5,1.5,0,0.4,0,0.4,0,1.1,0.4,0.4,0,88.2,0.7,1.1,0.4,2.6,0,1.1,0.4,0,1.5,2.3,0,0,0,0.8,0,1.1,0.4,0,0,87.5,0.8,1.1,0.4,2.7
2590,Boughton Leigh Junior School,Rugby,Eastern,Junior,Primary,0,0.7,0.3,0.3,1.4,3.1,0,1.4,0.3,0.3,0,3.5,0.3,0,0,85.1,0,0.3,0.7,2.1,0,1,1,0,2.4,3.4,0,1.4,0,0,0,4.5,0.7,0,0,82.4,0,0.7,1,1.4,0,0,0,0.3,1.7,2,0,0,1.3,0,0,6,0,0.3,0,85.4,0,0,1.7,1.3
2594,Herbert Fowler Junior School,North Warwickshire,North Warwickshire,Junior,Primary,0,0,0,0,0,0.9,0,0,0,0,0,0,0,0,0,97.2,0,1.9,0,0,0,0,0,0,0,0,0,0,0,0,0,0,0,0,0,98,0,2,0,0,0,0,0,0,0,0,0,0,0,0,0,0,0,0,0,97.8,0,2.2,0,0
2598,Boughton Leigh Infant School,Rugby,Eastern,Infant,Primary,1.8,0.6,2.4,0.6,4.1,5.9,0.6,2.4,0,0,0,1.8,0,0,0,78.8,0,0,0,1.2,3,1.8,0.6,0,3.6,5.3,0.6,1.2,0,0,0,0.6,0.6,0,0,80.5,0,0,0.6,1.8,4.6,1,0.5,0.5,2.1,5.1,0,3.1,0.5,0,0,1.5,0.5,0,0,77.9,0,0,0.5,2.1
2601,Croft Junior School,Nuneaton and Bedworth,Nuneaton & Bedworth,Junior,Primary,0,1.9,0.3,0.3,0.3,0,0,0.6,0.3,0.6,0,3.4,1.2,0,0,89.4,0,0.6,0.3,0.6,0,2,0.3,0.7,0,0,0,0,0,1,0,3,0.3,0,0,91,0,0.7,0.3,0.7,0,1.7,0,1,1,0.7,0,0,0,0.3,0,3.5,0.3,0,0,90.2,0,0.3,0.3,0.3
2603,Bishopton Primary School,Stratford on Avon,Southern,Primary,Primary,0.7,0,0,4.3,0,7.2,0,0,0,0,3.6,0,0,0,0,84.2,0,0,0,0,0,0.7,0,5.5,0,6.9,0,0,0,0,13.8,0,0,0,0,73.1,0,0,0,0,0,0.7,0,6.5,0,4.3,0,0,0,0,11.5,0,0,0,0,77,0,0,0,0
2605,Priors Field Primary School,Warwick,Central,Primary,Primary,0,0.5,0,0,1.9,3.3,0,0,0,0.9,0,0,0.5,1.4,0,90.1,0,0.9,0.5,0,0,0,0,0,1.9,4.3,0,0,0,0.5,0,0,0.5,1.4,0,90,0,0.5,0.5,0.5,0,0,0,0,1.4,5.6,0,0,0,0.9,0,0,0.9,0.9,0,88.3,0,0.5,0.5,0.9
2606,Milverton Primary School,Warwick,Central,Primary,Primary,0.3,0.6,1,0,2.6,8.4,0.3,0.3,0,1.3,0,5.1,0.3,0.3,0,75.2,1.3,1.6,0.6,0.6,0,0.3,0.6,0,2.4,8,0.3,0.3,0,0.6,0,4.3,0.9,0,0,78.6,0.9,1.5,0.6,0.6,0,0.3,0.6,0,2.5,6.6,0.3,0.3,0,0,0,3.4,0.9,0.3,0,81.6,0.9,1.3,0.6,0.3
2610,Temple Herdewyke Primary School,Stratford on Avon,Southern,Primary,Primary,0,0,0,2.8,0,1.4,0,0,0,0,0,0,0,11.3,0,83.1,0,0,0,1.4,0,0,0,2.6,0,0,0,0,0,0,0,0,0,6.6,0,86.8,0,1.3,0,2.6,0,0,1.3,1.3,0,0,0,0,0,0,0,0,0,0,0,94.8,0,1.3,0,1.3
2613,Keresley Newland Primary School,Nuneaton and Bedworth,Nuneaton & Bedworth,Primary,Primary,0,0,0,0,1.1,5.7,0,1.7,1.1,0,0,2.3,0.6,0,0,85.1,0.6,0,0.6,1.1,0,0,0,0,0.6,7.2,0,0.6,0.6,0,0,2.2,0.6,0,0,86.7,0.6,0,0.6,0.6,0,0.5,0,0,2,7.1,0,1.5,0,0,0,1.5,1,0,0,84.8,0,0,1,0.5
2614,Race Leys Infant School,Nuneaton and Bedworth,Nuneaton & Bedworth,Infant,Primary,0.6,0,0,0,0.6,1.1,0,0.6,0,0,0,2.2,0.6,0,0,91.7,0,0.6,0.6,1.7,0,0,0,0,0.5,1.6,0,0.5,0,0,0,0.5,0.5,0,0,94,0,0.5,0.5,1.1,0,0,0,0,0,2.1,0,0,0,0,0,1.6,0,0,0,94.2,0,0.5,0,1.6
2615,Race Leys Junior School,Nuneaton and Bedworth,Nuneaton & Bedworth,Junior,Primary,0,0,0,0,0.8,1.2,0,0.4,0,0,0,0.8,0,0,0,94.1,0.4,1.2,0.4,0.8,0,0,0,0,0,0,0,0.4,0,0,0,1.6,0,0,0,93.6,0,2.4,0.4,1.6,0,0.9,0,0,1.3,0,0,0.4,0,0,0,2.2,0,0,0,92.6,0,1.3,0.4,0.9
2616,Brownsover Community School,Rugby,Eastern,Infant,Primary,0,0,0,0,0.5,4.1,0,1.5,0.5,2,0,5.6,2,0,0,81.2,0,0.5,0,2,0,1.1,0,0,1.1,6.3,0,1.6,0.5,2.1,0,5.3,1.6,0,0,77.8,0,0.5,0,2.1,0,1.5,0.5,0,2.5,10.6,0,1,0.5,1.5,0,2.5,1.5,0,0,74.9,0,1,0,2
2617,Racemeadow Primary School,North Warwickshire,North Warwickshire,Primary,Primary,0,0,0,0,0,0.7,0,0,0,1.7,0,0.3,0,0,0,97,0,0,0,0.3,0,0.4,0,0,0,0.7,0,0,0,0.7,0,0.4,0,0,0,97.2,0,0.4,0,0.4,0,0.4,0,0,0,0.7,0,0,0,0.7,0,0.4,0,0,0,97.1,0,0.4,0,0.4
2618,Water Orton Primary School,North Warwickshire,North Warwickshire,Primary,Primary,0,0,0.6,0.3,0.6,0,0,0,0,0,0,0.3,0,9.2,0,86.9,1,0,0.6,0.3,1.3,0,0.3,0.6,0.3,0,0,0,0,0,0,0.3,0,8.4,0,86.8,0.6,0,0.6,0.6,0,0,0.3,0.6,1.6,0.6,0,0,0.3,0,0,0.3,0.3,8.3,0,84.7,0.6,0,0,2.2
2619,Birchwood Primary School,North Warwickshire,North Warwickshire,Primary,Primary,0,0.2,0.7,0,0,0.7,0,0,0,0,0,0,0,0,0,97.3,0,0.7,0,0.2,0,0.3,1,0,0,0.8,0,0,0,0,0,0,0,0,0,97.5,0,0.5,0,0,0,0.2,1,0,0.2,0.7,0,0,0,0,0,0,0,0,0,97,0,0.7,0,0
2620,"St. John's Primary School, Nursery and Children's Centre",Warwick,Central,Primary,Primary,0,0,0,0,3.2,3.6,0,0,0,0.9,0,0.5,0.5,0,0,91,0.5,0,0,0,0.4,0,0,0,2.2,3.9,0,0,0,0,0,0.9,0.9,0.4,0,90.9,0.4,0,0,0,0.8,0.4,0,0.4,1.3,5,0,0,0,0,0,0.8,0.8,0.8,0,88.3,0.4,0.4,0.4,0
2621,Lillington Nursery and Primary School,Warwick,Central,Primary,Primary,0,0,0,0,0,0.7,1.4,1.4,0,0,0,2.8,1.4,0,0,84.7,0,0.7,0,6.9,0,0,0,0,0,1.5,1.5,1.5,0,0,0,1.5,0,0,0,85.8,0,1.5,0,6.7,0,1.1,0,0,0.5,3.7,1.1,0,0.5,0,0,2.1,0,0,0,81.3,0.5,2.1,0.5,6.4
2622,Sydenham Primary School,Warwick,Central,Primary,Primary,0,0,0,2,2.4,13.7,0,2,0.5,0,0,20.5,0,0,0,52.2,0,2.9,0,3.9,0,0.5,0,2.9,1,14.2,0,2.9,0,0,0,19.1,0.5,0,0,52.9,0,2.9,0,2.9,0,0.5,0,1.5,1.5,12.2,0,4.6,0,0,0,21.8,0.5,0,0,53.3,0,1.5,0,2.5
2623,Coten End Primary School,Warwick,Central,Primary,Primary,0,1.1,0,0.7,2.3,1.6,0,0.2,0,1.1,0,5,0.9,0,0,82.5,0.5,3,0.2,0.9,0,2.3,0.5,0.7,1.6,2.3,0,0.5,0,0.7,0,6.1,0.9,0,0,80,0.5,3,0.5,0.7,0,2.5,0.5,0.9,0.7,1.6,0,0.5,0,0.5,0,7.3,1.1,0,0,80.8,0.5,2.1,0.5,0.7
2624,Southam Primary School,Stratford on Avon,Central,Primary,Primary,0,0.4,0,0.4,0,2.4,0,0,0,0.4,0,0,0,2,0,93.7,0,0.8,0,0,0,0.4,0.8,0,1.2,2.4,0,0,0,0,0,0,0,1.6,0,92.9,0,0.8,0,0,0,0,0.8,0,1.2,2.3,0,0,0,0,0,0,0,1.2,0,93.4,0,0.4,0.4,0.4
2625,Paddox Primary School,Rugby,Eastern,Primary,Primary,0,0.7,0,1.5,1.5,0.7,0,0.5,0,0,0,3,0.7,1,0,87.2,0,2.2,0.5,0.5,0,0.5,0,1.2,1.9,2.2,0,0.2,0,0.2,0,2.9,1,0.7,0,85.7,0,2.4,0.5,0.5,0,0.7,0,0.5,1.4,3.9,0,0.2,0,0.7,0,3.1,1,0.2,0,84.3,0,2.4,0.5,1
2626,Binley Woods Primary School,Rugby,Eastern,Primary,Primary,0,0,0,1.4,0.5,0.5,0,0,0,0,0,3.9,1.4,1.9,0,88.9,0,1,0,0.5,0,0,0,0.5,0.5,0.5,0,0,0,0,0,4.6,0.5,1.5,0,89.3,0,1.5,0,1,0,0,0,0.5,0.5,0.5,0,0,0,0,0,5.3,0,1.5,0.5,86.9,0,2.9,0,1.5
2627,Newbold Riverside Primary School,Rugby,Eastern,Primary,Primary,0,0,0,0,0,3.1,0,0.5,0,0,0,1,0,0,0,90.7,0.5,0,0,4.1,0,0,0,0,0,4.1,0,0.5,0,0,0,0.9,0,0,0,83.7,0.5,0.9,0,9.5,0,0.5,0,0,0,5.9,0,1,0,0,0,1,0,0,0,84.9,0.5,1.5,0,4.9
2628,Hillmorton Primary School,Rugby,Eastern,Primary,Primary,0,1,0,0.5,0.5,1.5,1.5,0,1.5,0,0,0,1,0,0,89,0,0,1,2.5,0,0.5,0.5,0,1.5,1,1,0,0,0,0,0,0.5,0,0,92.3,0,0,0.5,2.1,0,0.5,0.5,0,2,1,0.5,0.5,0,0,0,0.5,0,0,0,92.4,0,0,0.5,1.5
2629,Wembrook Primary School,Nuneaton and Bedworth,Nuneaton & Bedworth,Primary,Primary,0,2.7,0,0,0.7,0.7,0,0,0,0,0,11,0.8,0,0,82.5,0,0.3,0,1.3,0,3.2,0,0,0.3,0.5,0,0,0,0,0,14.3,1.9,0,0,77.7,0,0.5,0.2,1.4,0,3.7,0,0,0.6,0.6,0,0.2,0.2,0,0,15.9,1.9,0,0,74.8,0,0.5,0.2,1.6
2630,Arden Forest Infant School,Nuneaton and Bedworth,Nuneaton & Bedworth,Infant,Primary,0.6,4.3,0,0,0.6,1.2,0,0,0,0,4.3,1.2,0,0,0,85.9,0,0,0.6,1.2,0,4.7,0,0,0.6,0.6,0,0,0,0,3,3,0,0,0,86.4,0,0,0.6,1.2,0,2.9,0,0,1.7,1.1,0,0.6,0,0,2.3,2.9,0,0,0.6,85.7,0,0.6,0.6,1.1
2631,Milby Primary School,Nuneaton and Bedworth,Nuneaton & Bedworth,Primary,Primary,0,1,0,0.7,1.4,0.7,0,0.7,0,0.2,0,3.8,0.7,0.7,0,89.1,0,0.5,0,0.5,0,1.7,0,0.2,2.2,1,0,0.5,0,0,0,4.3,1,0.2,0,87.5,0,0.7,0,0.7,0,1.2,0,0.2,1.9,0.7,0,0.2,0,0,0,5.1,1.5,0.2,0,87.4,0.2,0.7,0.2,0.2
2632,Weddington Primary School,Nuneaton and Bedworth,Nuneaton & Bedworth,Primary,Primary,0,1.6,0,0.5,2.1,0.3,0,0,0,0.3,0,1.3,1.3,0,0,91.6,0,0.5,0,0.5,0,3.3,0,0.3,1.8,0.3,0,0,0,0.3,0,1.8,1,0,0,88.2,0,1.5,0,1.5,0,4.3,0,0,1.3,1.1,0,0,0,0,0,1.9,0.5,0,0,88,0,1.3,0,1.6
2633,Newdigate Primary School and Nursery,Nuneaton and Bedworth,Nuneaton & Bedworth,Primary,Primary,0,0,0,1.6,0,1.6,0,0,0,0,0,0.8,0,0,0,94.7,1.2,0,0,0,0,0,0,0,0.4,2.6,0,0.9,0,0,0,0.9,0,0,0,94.4,0.9,0,0,0,0,0,0,0,0.8,2.5,0,0.8,0,0,0,0.8,0,0,0,94.9,0,0,0,0
2634,Goodyers End Primary School,Nuneaton and Bedworth,Nuneaton & Bedworth,Primary,Primary,0,2.2,0.3,0.3,1.9,1.6,0,0,0.3,0,0,4.1,0.3,0,0,88.3,0,0,0,0.6,0,1.5,0.3,1.5,1.8,1.5,0,0,0.3,0,0,4.6,0.6,0,0,86.8,0,0.6,0,0.3,0,1.2,0,1.2,1.6,2.2,0,0,0.3,0.3,0,4.3,1.2,0,0,86,0,1.2,0,0.3
2635,Exhall Cedars Infant School,Nuneaton and Bedworth,Nuneaton & Bedworth,Infant,Primary,1.2,6.1,0.6,0.6,1.2,1.8,0,1.2,0.6,0,0,18.4,0,0,0.6,64.4,0,1.8,0,1.2,0,5.2,1,1.6,1.6,3.6,0,2.1,0.5,0,0,17.2,0.5,0,0,65.1,0,1.6,0,0,0,8.3,2,1,2,3.4,0,3.4,0.5,0,0,16.6,0.5,0,0,60,0,2.4,0,0
2636,Park Lane Primary School,Nuneaton and Bedworth,Nuneaton & Bedworth,Primary,Primary,0,0,0,0.3,1.9,0.3,0,0,0,0,0,0.5,0,0,0,95.3,0,0.8,0,0.8,0,0,0,0.3,1.4,0.8,0,0,0,0,0,0.6,0,0,0,96.1,0,0.3,0,0.6,0,0.3,0.3,0.3,1.8,1.8,0,0.3,0,0,0,0,0,0,0,93.6,0,0.6,0,0.9
2637,Shrubland Street Community Primary School,Warwick,Central,Primary,Primary,3,1.2,0.6,0.6,1.2,1.8,0,0,0.6,0,0,15.4,0,0,0,74,0,0.6,0.6,0.6,0,2.6,0,0.7,0.7,1.3,0,0.7,0,0.7,0,11.9,0,0,0,76.2,0,1.3,0,4,0,2.2,0,0.7,0,2.2,0,1.4,0,0.7,0,11.5,0,0,0,74.8,0,2.9,0,3.6
2638,Kingsway Community Primary School,Warwick,Central,Primary,Primary,0,0.9,0,0,1.8,4.5,0,0,0.9,0,0,19.1,6.4,0,0,64.5,0,0.9,0,0.9,0,2.9,1.9,0,1.9,5.7,0,0,1,0,0,15.2,3.8,0,0,63.8,0,1,1.9,1,0,2.6,1.7,0,4.3,4.3,0,0.9,0.9,0,0,17.2,2.6,0,0,62.1,0,0.9,0.9,1.7
2639,Acorns Primary School,Stratford on Avon,Southern,Primary,Primary,0,0,0,0,4.3,2.1,0,0,0,0,0,0,0,0,0,93.6,0,0,0,0,0,0,0,0,4.8,2.4,0,0,0,0,0,0,0,0,0,92.9,0,0,0,0,0,0,0,0,5.4,1.8,0,0,0,0,0,0,0,0,0,92.9,0,0,0,0
2640,Camp Hill Primary School,Nuneaton and Bedworth,Nuneaton & Bedworth,Primary,Primary,0,1.7,0,0,0.7,0,0,0,0,0,0,0,0,0,0,97.2,0,0,0,0.3,0,1.8,0,0.4,0.7,0,0,0,0,0,0,0,0,0,0,96.7,0,0,0,0.4,0,1.4,0,0,1.7,0.7,0,0,0,0,0,0.3,0.7,0,0,94.9,0,0,0,0.3
2641,St. Michael's C.Of E. Primary School,Nuneaton and Bedworth,Nuneaton & Bedworth,Primary,Primary,0.5,1,0,0,0,1.5,0,2,0,0,0,0,0,0,0,94,0,0,0,1,0,1.4,0,0,0,0.9,0,0.5,0,0,0,0.9,0,0,0,94.4,0,0.9,0,0.9,0,1.5,0,0,0,0.5,0,0.5,0,0,0,0,0,0,0,96.1,0,1,0,0.5
2642,Woodside C.Of E. Primary School,North Warwickshire,North Warwickshire,Primary,Primary,0,0,0,0,0.4,0.4,0,0,0,0,0,0,0,0,0,99.2,0,0,0,0,0,0,0,0,0.5,0.9,0,0,0,0,0,0,0,0,0,97.2,0.5,0.5,0,0.5,0,0,0,0,0.5,1,0,0,0,0,0,0,0,0,0,96.6,0.5,1,0,0.5
3002,Alveston C.Of E. Primary School,Stratford on Avon,Southern,Primary,Primary,0,0,0,0.7,0.7,7.3,0,0,0,0,0,3.6,0,0.7,0,83.9,0,0,2.2,0.7,0.7,0,0,0,0.7,7.4,0,0,0,0,0,3.4,0,0,0,85.2,0,0,2,0.7,0,0,0,0,0,9.1,0,0,0,0,1.8,1.2,0,0,0,86.1,0,0,1.8,0
3007,Austrey C.Of E. Primary School,North Warwickshire,North Warwickshire,Primary,Primary,0,0,0,0,1.9,0,0,0,0,0,0,0,0,5.8,0,91.3,1,0,0,0,0,0,0,0,2,0,0,0,0,0,0,0,0,3.9,0,94.1,0,0,0,0,0,0,0,0,1.9,0,0,0,0,0,0,0,0,3.8,0,94.2,0,0,0,0
3011,Bidford-On-Avon C.Of E. Primary School,Stratford on Avon,Southern,Primary,Primary,0,0,0.8,0,0.8,1.9,0,1.2,0,0,4.6,0,0,2.3,0.4,86.9,0,0.4,0.4,0.4,0,0,0.4,0,0.4,2.2,0,0,0,0,3.7,0,0,2.6,0.4,89.6,0,0.4,0.4,0,0,0,0.3,0,0.3,3.1,0,0,0,0,4.5,0,0,2.4,0,88.6,0,0,0.3,0.3
3014,Brailes C.Of E. Primary School,Stratford on Avon,Southern,Primary,Primary,0,0,0,0,0,0,0,0,0,0,0,0,0,4.9,0,95.1,0,0,0,0,0,0,0,0,0,0,0,0,0,0,0,0,0,3.2,0,96.8,0,0,0,0,0,0,0,0,0,0,0,0,0,0,0,0,0,3.5,0,96.5,0,0,0,0
3015,St. James C.Of E. Junior School,Nuneaton and Bedworth,Nuneaton & Bedworth,Junior,Primary,0,0.4,0,3,0.9,0.4,0,0,0.4,0,2.6,0,0,0,0,92.2,0,0,0,0,0,0,0,2.7,2.3,0.5,0,0,0.5,0,4.1,0.5,0,0,0.5,89.1,0,0,0,0,0,0.9,0,1.8,1.8,0.9,0,0,0.9,0,3.6,0.9,0,0,0,89.1,0,0,0,0
3021,Coughton C.Of E. Primary School,Stratford on Avon,Southern,Primary,Primary,0,0,0,0,0.7,1.4,0,0,0,0,0,2.2,0,2.2,0,89.9,0.7,2.9,0,0,0,0,0,0,1.5,0.7,0,0,0,0,0,2.2,0,3.7,0,88.2,0.7,2.9,0,0,0,0,0,0,1.5,0.7,0,0,0,0,0,2.2,0,3.7,0,88.8,0.7,2.2,0,0
3024,Ettington C.Of E. Primary School,Stratford on Avon,Southern,Primary,Primary,0,0,0,0,0.7,0.7,0,0,0,0,0,0,0,0,0,97.4,0,1.3,0,0,0,0,0,0,0,2,0,0,0,0,0,0,0,0,0,96.6,0,1.4,0,0,0,0,0,0,0,1.9,0,0,0,0,0,0,0,0,0,96.8,0,1.3,0,0
3031,Hampton Lucy C.Of E. Primary School,Stratford on Avon,Southern,Primary,Primary,0,0,0,0,0,0,0,0,0,0,0,1,0,0,0,97.9,0,0,0,1,0,0,0,0,0,3,0,0,0,0,0,1,0,0,0,95,0,0,0,1,0,0,0,0,0,3.1,0,0,0,0,0,0,0,0,0,95.9,0,0,0,1
3032,Harbury C.Of E. Primary School,Stratford on Avon,Central,Primary,Primary,0,0,0,0,2.6,0.5,0,0,0,0,0,0,0,0,0,95.9,0,1,0,0,0,0,0,0,3.1,0,0,0,0,0,0,0,0,0,0,95.9,0,1,0,0,0,0,0,0,3.6,0,0,0,0,0,0,0,0,0,0,95.4,0,1,0,0
3035,Ilmington C.Of E. Primary School,Stratford on Avon,Southern,Primary,Primary,0,0,0,1.9,1,1,0,0,0,0,0,0,0,1,0,95.2,0,0,0,0,0,0,0,1.8,0.9,0,0,0,0,0,0,0,0,0.9,0,96.5,0,0,0,0,12.8,0,0,1.8,0.9,0,0,0,0,0,0,0,0,0,0,84.4,0,0,0,0
3040,Loxley C.Of E. Community Primary School,Stratford on Avon,Southern,Primary,Primary,0,2.6,0,0,0,0,0,0,0,0,0,0,0,2.6,0,92.3,0,0,0,2.6,0,2.9,0,0,0,0,0,0,0,0,0,0,0,2.9,0,94.3,0,0,0,0,0,0,0,8,0,0,0,0,0,0,0,0,0,4,0,88,0,0,0,0
3041,Mappleborough Green C.Of E. Primary School,Stratford on Avon,Southern,Primary,Primary,0,0,0,0,0,0,0,0,0,0,0,1.8,0,1.8,0,95.5,0,0,0,0.9,0,0,0,0,0,0,0,0,0,0,0,1.7,0,0.8,0,96.6,0,0,0,0.8,0,0,0,0,0,0,0,0,0,0,0,0.9,0,0.9,0,97.4,0,0,0,0.9
3047,Newton Regis C.Of E. Primary School,North Warwickshire,North Warwickshire,Primary,Primary,0,0,0,0,0.8,0,0,0,0,0,5.9,2.5,0,0,0,90.8,0,0,0,0,0,0,0,0,0.9,0,0,0,0,0,0.9,2.7,0,0,0,95.5,0,0,0,0,0,0,1.6,0,0.8,0,0,0,0.8,0,2.5,2.5,0,0,0,91.8,0,0,0,0
3056,Salford Priors C.Of E. Primary School,Stratford on Avon,Southern,Primary,Primary,2.1,0,0,0,0,0,0,0,0,0,0,0,0,2.1,0,95.8,0,0,0,0,2.1,0,0,0,0,0,0,0,0,0,0,0,0,3.1,0,94.8,0,0,0,0,2.1,0,0,0,0,0,0,0,0,0,0,0,0,3.1,0,94.8,0,0,0,0
3057,Shottery St. Andrew's C.Of E. Primary School,Stratford on Avon,Southern,Primary,Primary,0,1.5,0,0,1.5,5.9,0,0,0,0,0,2.9,0,0,0,75,0,8.8,2.9,1.5,0,1.4,0,0,0,4.3,0,0,0,2.9,0,2.9,0,0,0,76.8,0,7.2,2.9,1.4,0,1.3,0,0,1.3,1.3,0,0,0,2.7,0,1.3,0,0,0,82.7,0,5.3,2.7,1.3
3066,Temple Grafton C.Of E. Primary School,Stratford on Avon,Southern,Primary,Primary,0,0,0,0,0.9,4.7,0,0,0,0.9,0,1.9,0,0,0,91.5,0,0,0,0,0,0,0,0,1.9,3.8,0,0,0,1,0,1.9,0,0,0,91.3,0,0,0,0,0,1,0,0,0,3.9,0,0,0,1,0,1,0,0,0,91.2,0,0,0,2
3068,Tysoe C.Of E. Primary School,Stratford on Avon,Southern,Primary,Primary,0,0,0,0,0.5,3.1,0,0,0,0,0,0,0,1,0,94.3,0,0,0,1,0,0,0,0,0.5,3.6,0,0,0,0,0,0,0,0.5,0,94.4,0,0,0,1,0,0,0,0,1,4.5,0,0,0,0,0,0,0,0,0,93.5,0,0,0,1
3072,Warton Nethersole's C.Of E. Primary School,North Warwickshire,North Warwickshire,Primary,Primary,0,1.5,0,0,0,1.5,0,0,0,0,0,1.5,0,1.5,0,94,0,0,0,0,0,0,0,0,0,1.4,0,0,0,0,0,1.4,0,1.4,0,95.7,0,0,0,0,0,0,0,0,0,1.6,0,0,0,0,0,1.6,0,0.8,0,96.1,0,0,0,0
3073,Wellesbourne C.Of E. Primary School,Stratford on Avon,Southern,Primary,Primary,0,0.3,0,0,0,0.9,0,0,0,0,0,0.9,0.9,0,0,96.7,0,0,0,0.3,0,0.3,0,0,0,1.5,0,0,0,0,0,0.9,0.9,0,0,96.1,0,0,0,0.3,0,0.3,0,0.6,0.3,1.5,0,0,0,0,0,0,0.9,0,0,96.2,0,0,0,0.3
3074,Wootton Wawen C.Of E. Primary School,Stratford on Avon,Southern,Primary,Primary,0,0.6,0,0,0.6,0.6,0,0,0,1.2,0,0,0,0,0,97,0,0,0,0,0,0,0,0,0,2.4,0,0,0,1.2,0,0,0,0,0,95.9,0.6,0,0,0,0,0,0,0,0,1.8,0,0,0,1.2,0,0,0,0,0,95.7,1.2,0,0,0
3101,"All Saints C.Of E. Primary School, Nuneaton",Nuneaton and Bedworth,Nuneaton & Bedworth,Primary,Primary,18.5,0,0.7,0,2.7,0.7,0,0.7,0,0.7,3.4,0.7,0,0,3.4,67.8,0,0,0.7,0,8.4,0.7,0,0,2.1,2.1,0,1.4,0,0.7,3.5,0.7,0,0.7,2.8,76.2,0,0,0.7,0,1.4,0,0,0,4.8,2.7,0,1.4,0,1.4,3.4,2.1,1.4,0.7,4.1,76,0,0,0.7,0
3103,Abbey C.Of E. Infant School,Nuneaton and Bedworth,Nuneaton & Bedworth,Infant,Primary,0.6,1.1,0.6,0.6,2.2,0,0,1.7,0,5.6,0,2.8,0,0,0,83.8,0,0.6,0.6,0,0.5,0,1,7.5,2.5,1,0,1,0,1.5,0,2.5,0,0,0,82.1,0,0,0.5,0,1.6,0,0,6,3.3,2.7,0,1.1,0,0.5,0,2.2,0,0,0,82,0,0,0.5,0
3106,"St. Paul's C.Of E. Primary School, Nuneaton",Nuneaton and Bedworth,Nuneaton & Bedworth,Primary,Primary,0,0.2,0,0,0.4,0.9,0,0,0,0,0,0,0.7,0,0,96.7,0.2,0.2,0,0.7,0,0.2,0,0,0.2,1.1,0,0.2,0,0,0,0,0.6,0,0,96.3,0.2,0.2,0,0.9,0,0.2,0,0.2,0.4,1.1,0,0,0,0,0,0,0.6,0,0,96.1,0,0.4,0,0.9
3141,Bishops Tachbrook C.Of E. Primary School,Warwick,Central,Primary,Primary,0,0,0,0,0,0.5,0,1,0,0,0,4.9,1,0.5,0.5,89.2,0.5,0.5,0,1.5,0,0,0,0,0,0.5,0,0,0,0,0,5.1,0.5,0.5,0,90.3,0.5,0.5,0,2.1,0,0,0,0,0,0,0,0,0,0.5,0,6,0.5,0,0,88.4,0.5,0.5,0,3.5
3143,Burton Green C.Of E. Primary School,Warwick,Central,Primary,Primary,0,2,0,0,3,1,0,1,0,0,0,5.1,2,2,0,82.8,0,1,0,0,0,1,0,0,3,2,0,0,0,0,0,4,2,0,0,86.9,0,1,0,0,0,1,0,0,5,2,0,0,0,0,0,3,2,0,0,87.1,0,0,0,0
3144,Cubbington C.Of E. Primary School,Warwick,Central,Primary,Primary,0,0.5,0,0.5,2,3,0,0,0,1,0,1.5,0,2.5,0,87.9,0,1,0,0,0,0.5,0,0.5,2,2.5,0,0,0,1,0,1,0,1.5,0,90.4,0,0.5,0,0,0,0.5,0,0,2.5,2.5,0,0,0,1,0,1,0,0.5,0,91.5,0,0.5,0,0
3146,"St. Nicholas C.Of E. Primary School, Kenilworth",Warwick,Central,Primary,Primary,0,1.2,0.2,0.7,1.5,3.7,0,0.2,0,0.7,0,2.5,0,1.7,0,85.4,0,0.7,0,1.2,0,1.8,0.3,0.5,1.5,3.8,0,0.3,0,0.3,0,2,0,1.8,0,85.6,0,0.8,0,1.5,0,1.7,0.2,0.2,1.2,2.9,0,0.2,0,0.2,0,2.2,0.5,1.7,0,86,0,1.2,0,1.5
3147,Lapworth C.Of E. Primary School,Warwick,Central,Primary,Primary,0,0,0,0,3.5,0,0,0,0,0,0,0.7,0,0,0,93.1,1.4,1.4,0,0,0,0,0,0,3.6,1.4,0,0,0,0,0,0,0,0,0,92.1,2.2,0.7,0,0,0,0,0,0,2.7,1.4,0,0,0,0,0,0,0,0,0,93.2,1.4,1.4,0,0
3152,Radford Semele C.Of E. Primary School,Warwick,Central,Primary,Primary,0,2.5,1.2,0,1.2,1.2,0,0,0,1.9,0,0.6,0,0,0,88.3,0,2.5,0.6,0,0,3,1.8,0.6,1.8,2.4,0,0,0,1.8,0,2.4,0,0,0,82,0,2.4,0.6,1.2,0,1.7,1.1,0.6,1.7,2.2,0,0,0,1.7,0,1.7,0,0,0,84.8,0,2.8,0.6,1.1
3154,All Saints C.Of E. Junior School,Warwick,Central,Junior,Primary,0,0.5,0.5,0,3,1.5,1,0,0,0,0,3.9,0,0,0,88.2,0,0,0,1.5,0,0.5,0.5,0,2.7,3.8,1.1,0,0,0,0,3.3,0,0.5,0,85.8,0.5,0,0,1.1,0,0,0,0,2.3,4.5,0,0,0,0,0,4,0,0.6,0,86.4,0.6,0,0,1.7
3157,St. Margaret's C.Of E. Junior School,Warwick,Central,Junior,Primary,0,4.2,0,0,0.8,0.3,0,0.3,0,0,0,17.9,0.6,0.6,0,70,0,2.5,0,2.8,0,4.5,0,0.6,0.8,1.7,0,0,0,0,0,17,0.3,0.6,0,70,0,2.8,0,1.7,0,4.9,0,0.9,0.9,2,0,0,0,0,0,16.9,0,0.3,0,70.3,0,2.6,0,1.4
3177,Clifton-Upon-Dunsmore C.Of E. Primary School,Rugby,Eastern,Primary,Primary,0,0,0,0,1.4,1.4,0,0,0,0.5,0,2.3,0,0,0,89.1,0.5,0.9,0.5,3.6,0,0.4,0,0,1.3,1.8,0,0,0,0,0,3.5,0,0,0,88.1,0.4,0.9,0.4,3.1,0,0,0,0,1.8,1.8,0,0,0,0,0,4,0,0,0,87.1,0.9,1.3,0,3.1
3180,Leamington Hastings C.Of E. Infant School,Rugby,Eastern,Infant,Primary,0,0,0,0,2.6,0,0,0,0,0,0,2.6,0,0,0,94.9,0,0,0,0,0,0,0,0,2.3,0,0,0,0,0,0,2.3,0,2.3,0,93,0,0,0,0,0,0,0,0,2.6,0,0,0,0,0,0,0,0,2.6,0,94.9,0,0,0,0
3192,Wolston St. Margaret's C.Of E. Primary School,Rugby,Eastern,Primary,Primary,0,0,0,0.5,0,1.1,0,0,0.5,2.2,0,0,0,0,2.7,90.7,0,0,0,2.2,0,0,0,0.5,0,1.1,0,0,0,1.1,0,0.5,0,0,2.7,93.1,0,0,0,1.1,0,0,0,0.5,0,1.1,0,0,0,0.5,0,2.2,0,0,3.8,90.2,0,0.5,0.5,0.5
3193,Wolvey C.Of E. Primary School,Rugby,Nuneaton & Bedworth,Primary,Primary,0,11.7,0,0,1.1,1.1,0,0,0,0.6,27.9,0,0,0,0.6,55.9,0,0,0,1.1,0,12,0,0,1.7,1.1,0,0,0.6,0.6,26.3,0,0,0,0.6,56,0,0,0,1.1,0,10.4,0,0,1.1,2.2,0,0,0.5,0.5,26.4,0,0,1.1,0.5,56,0,0.5,0,0.5
3200,Queen's C.Of E. Junior School,Nuneaton and Bedworth,Nuneaton & Bedworth,Junior,Primary,0,11.3,0,0,0.5,0.9,0,2.3,0,0.9,0,30.2,1.4,0,0,51.4,0.5,0.9,0,0,0,14.4,0,0,1,0.5,0,2.4,0,1,0,25.8,2.9,0,0,50.7,0,1.4,0,0,0,11.8,0,0.5,0.5,1,0,1,0,1,0,24.6,2.6,0,0,54.9,0,2.1,0,0
3204,The Willows C.Of E. Primary School,Stratford on Avon,Southern,Primary,Primary,0,0.7,0,0,2.2,4.4,0,0.4,0,0.4,0,0.7,0.4,0,0,88.3,0,0.7,0,1.8,0,0.4,0.4,0.4,4.8,5.1,0,0,0,0.4,0,0.7,0.4,0,0,85.3,0,0.7,0,1.5,0,0.7,0.3,0.7,4.9,3.9,0,0,0,0.7,0,0.7,0.3,0.3,0,85.6,0,0.7,0.3,1
3205,Bilton C.Of E. Junior School,Rugby,Eastern,Junior,Primary,0,1,0,0.8,1.5,2,0.3,0,0,0.5,0,2.8,0.8,2.6,0,85.7,0,1.5,0,0.5,0,1.3,0,0.8,1.3,3.1,0.8,0,0,0.5,0,2.3,0.5,2,0,86.3,0,0.8,0,0.5,0,1.3,0,0.5,1,3,0.8,0,0,0.8,0,3.3,1,1.8,0,85.4,0,0.5,0,0.8
3206,St. Oswald's C.Of E. Primary School,Rugby,Eastern,Primary,Primary,0,0.5,0,0,0.5,2.7,0,0,0.9,0.5,0,1.4,0,0,0,85.5,0,0.9,1.4,5.9,0,0.9,0,0,0,3.3,0,0.9,1.9,0,0,1.4,0,0,1.4,83.1,0,0.9,0.9,5.2,0,0.9,0,0,0.9,4.1,0,1.8,2.7,0.5,0,1.4,0.5,0,0,81.4,0,0.5,0.5,5
3207,Shustoke C.Of E. Primary School,North Warwickshire,North Warwickshire,Primary,Primary,0,1.2,0,0,0.6,1.8,0,0,0,1.2,0,0,0,0,0,92.2,0,0,0,3,0,1.2,0,0,0,1.2,0,0,0.6,0.6,0,0,0,0,0,93.5,0,0,0,3,0,1.1,0.6,0,1.1,2.2,0,0,0.6,0.6,0,0,0,0,0,88.8,0,1.1,0,3.9
3209,The Nethersole C.Of E. Primary School,North Warwickshire,North Warwickshire,Primary,Primary,0.6,0.3,0,0,0.6,0.3,0,0.3,0,0,0,0,0,1,0,96.5,0,0,0,0.3,0.6,0,0,0,0.6,0.3,0,0,0,0,0,0,0,1.3,0,96.8,0,0,0,0.3,1,0,0.3,0,3,0,0,0.3,0,0,0,0,0,0.7,0,94.7,0,0,0,0
3210,The Ferncumbe C.Of E. Primary School,Warwick,Central,Primary,Primary,5,0,0,0,0,1,0,0,0,0,0,0,0,2,0,87.1,0,4,0,1,0,0.9,0,0,0,0.9,0,0,0,0,0,0,0,5.3,0,89.5,0,2.6,0,0.9,0,1.8,0,0,0,0,0,0,0.9,0,0,0,0,1.8,0,91,0,4.5,0,0
3211,Long Itchington Primary School,Stratford on Avon,Central,Primary,Primary,0,0,0,0,1.3,0,0,0,0,0,0,0,0,3.2,0,94.8,0,0.6,0,0,0,0.7,0,0,1.3,0,0,0,0,0,0,0,0,2,0,94.8,0,0.7,0,0.7,0,0.7,0,0,1.3,0,0,0,0,0,0,0,0,2,0,94.6,0,0.7,0,0.7
3212,Provost Williams C.Of E. Primary School,Rugby,Eastern,Primary,Primary,0,0,0,0,0.5,0,0,0,0,0,0,2.6,0,4.1,0,90.8,0,0.5,0,1.5,0,0.5,0,0,0,0,0,0,0,0,0,1.5,0,3.6,0,92.3,0,1,0,1,0,0,0,0,0,0,0,0,0,0,0,1.6,0,3.7,0.5,92,0,0.5,0,1.6
3213,St. Matthew's Bloxam C.Of E. Primary School,Rugby,Eastern,Primary,Primary,0,0.8,0.8,0,0.4,3.8,0.4,0,0.4,0,0,6.7,0,1.3,0,79,0.4,1.7,0.8,3.4,0,1.7,0.4,0,1.3,2.5,1.3,0,0.4,0.4,0,5.8,0,0.4,0,77.9,0.8,2.1,0.8,4.2,0,2.1,0.4,0.4,0.8,3.8,0.4,0,0,0,0,5,0,0.4,0.4,79.2,1.3,2.1,0.8,2.9
3214,Newbold And Tredington C.Of E. Primary School,Stratford on Avon,Southern,Primary,Primary,0,0,0,0,0,1.2,0,0,0,0,0,0,0,0,0,98.8,0,0,0,0,0,0,0,0,0,2.5,0,0,0,0,14.8,0,0,0,0,81.5,0,1.2,0,0,0,0,0,0,0,2.4,0,0,0,0,12.2,0,0,0,0,84.1,0,1.2,0,0
3215,Bournebrook C.Of E. Primary School,North Warwickshire,North Warwickshire,Primary,Primary,0,0,0,0,2,0,2.6,0,0,0,0,0.7,0,0,0,93.4,0,0,0,1.3,0,0,0,0,0.6,0,2.5,0,0,0,0,0.6,0,0,0,94.3,0,0,0,1.9,0,0,0,0,1.3,0,2.7,0,0,0,0,0,0,0,0,94,0,0,0,2
3216,The Dassett C.Of E. Primary School,Stratford on Avon,Southern,Primary,Primary,0,1.1,0,0,1.1,2.7,0,0,0,0,0,0,0,1.6,0,93.4,0,0,0,0,0,0,0,0,2.3,3.4,0,0,0,0,0,0,0,1.7,0,92.6,0,0,0,0,0,0,0,0,2.2,4.4,0,0,0,0,1.1,0,0,4.4,0,88,0,0,0,0
3301,All Saints C.Of E. Infant School,Nuneaton and Bedworth,Nuneaton & Bedworth,Infant,Primary,0,0.8,0,0,0,0.8,0,0,0,0.8,0,1.6,0,0,0,92.9,0.8,0.8,0.8,0.8,0,1.7,0,0,0.9,1.7,0,0,0.9,2.6,1.7,0,0,0,0,89.7,0,0,0,0.9,0,1.6,0,0,1.6,0.8,0,0,0.8,2.4,0,0.8,0.8,0,0,89.8,0,0,0,1.6
3302,Canon Maggs C.Of E. Junior School,Nuneaton and Bedworth,Nuneaton & Bedworth,Junior,Primary,0,0.8,0,0,0.6,0.8,0,0,0.3,0,0,2,0,0.3,0,93.6,0.3,0.3,0.6,0.6,0,1.2,0,0,0.6,0.6,0,0,0.3,1.2,0,2,0,0,0,92.8,0.3,0,0.6,0.6,0,0.6,0,0,0.6,0.6,0,0,0,0.6,0,2.1,0,0,0,93.8,0,0,0.9,0.9
3308,Kineton C.Of E. (Voluntary Aided) Primary School,Stratford on Avon,Southern,Primary,Primary,0.6,0,0,0,0,0.6,0,0,0,0,0,0,0,0,0,95.4,0,2.9,0,0.6,0,0,0,0,0,1.2,0,0,0,0,0,1.2,0,0,0,95.8,0,1.8,0,0,0,0,0,0,0,1.2,0,0,0,0,0,1.2,0,0,0,94.5,0,1.8,0,1.2
3310,Studley St. Mary's C.Of E. Junior School,Stratford on Avon,Southern,Junior,Primary,0,0,0,0.4,0.4,2.5,0,0,0,0,0.4,0.4,0,0,0,94.3,0,0.4,0,1.2,0,0,0,0,0.8,3.3,0,0,0,0,0,0.8,0.8,0,0,92.6,0,0.4,0,1.2,0,0,0,0,0.9,3,0,0,0,0.4,0,0.4,2.6,0,0,90.9,0,0.9,0,0.9
3311,Tanworth-In-Arden C.Of E. Primary School,Stratford on Avon,Southern,Primary,Primary,0,0,0,0,0.9,0.5,0,0,0,0,0.5,0.9,0,0.5,0,95.9,0,0.5,0,0.5,0,0,0,0,0.9,0.9,0,0,0,0,0.9,0.5,0,0.5,0,95.9,0,0,0,0.5,0,0,0,0,0.9,0.9,0,0,0,0,0.9,0.5,0,0.5,0,96.4,0,0,0,0
3313,Wilmcote C.Of E. (Voluntary Aided) Primary School,Stratford on Avon,Southern,Primary,Primary,0,0,0,0,1,5,0,0,0,0,7,0,0,0,0,85,2,0,0,0,0,0,0,0,1.1,4.3,0,0,0,0,11.7,0,0,0,0,81.9,1.1,0,0,0,0,0,0,0,0,7.5,0,0,0,0,13.8,0,0,0,0,78.8,0,0,0,0
3315,Canon Evans C.Of E. Infant School,Nuneaton and Bedworth,Nuneaton & Bedworth,Infant,Primary,0,0,0,0,0.8,0.4,0,0,0,0.4,0,2.1,0,0,0,93.2,0,0.8,0.4,1.7,0,0,0,0,0,0.4,0,0,0,0,0,1.7,0,0,0,95.7,0,0.4,0,1.7,0,0,0,0,0,0.4,0,0,0.4,0.4,0,2.9,0,0,0.4,92.2,0,0.4,0,2.9
3371,"St. Paul's C.Of E. Primary School, Leamington Spa",Warwick,Central,Primary,Primary,0,0.6,0,0,1.2,3,0,0,0,0.6,0,7.4,1.5,0,0,78.9,0,3.6,0.9,2.4,0,0.3,0,0.8,1.7,2.5,0,0,0,0.8,0,6.2,0.6,0,0,80.7,0,3.1,1.1,2,0,0,0,0.8,2.8,3.3,0,0,0,0.8,0,6.4,0.3,0,0,78.6,0.3,3.3,1.4,1.9
3391,Dunchurch Boughton C.Of E. (Voluntary Aided) Junior School,Rugby,Eastern,Junior,Primary,1.1,0.4,0,0,0,1.5,0,0,0,0.4,0,1.9,0,3.4,0,88.4,0.4,2.2,0,0.4,4.6,0,0,0.4,0.4,1.9,0,0,0,0,0,1.5,0,3.8,0,84.3,0,2.7,0,0.4,1.9,0.4,1.1,0,0.4,1.5,0,0.8,0,0,0,1.5,0.4,2.6,0,86.8,0,2.3,0,0.4
3500,"Our Lady's Catholic Primary School, Alcester",Stratford on Avon,Southern,Primary,Primary,0,0,0,1.1,0,2.2,0,0,0,0,0,0,0,2.2,0,88.9,0,2.2,0,3.3,0,0,0,1.1,0,4.3,0,0,0,0,0,0,0,2.2,0,87,0,3.3,0,2.2,0,0,0,1,0,4.2,0,0,0,0,0,0,0,0,0,88.5,1,2.1,0,3.1
3501,St. Benedict's Catholic Primary School,North Warwickshire,North Warwickshire,Primary,Primary,0,0,0,0,1.9,5.6,0,0,0,0,0,1.2,0,0,0,90.1,0.6,0,0.6,0,0.6,0,0,0,1.8,5.4,0,0,0.6,0,0,1.2,0,0,0,89.3,0.6,0,0.6,0,1.7,0,0,0,1.7,7.6,0,0,0.6,0,0,0,0,1.2,0,86,0.6,0,0.6,0
3502,St. Francis Catholic Primary School,Nuneaton and Bedworth,Nuneaton & Bedworth,Primary,Primary,0,0,0,0.5,3.4,1,0,1,0,0,0,3.4,0,0,0,86.9,1.5,0,0,2.4,0,0,0.5,0.5,2.5,1.5,0,1.5,0,0,0,3.5,0,0,0,85.5,1.5,0,0.5,2.5,0,0,0,0,1.4,2.9,0,1.9,0,0,0,2.9,0,0,1,85.7,1,0.5,1,1.9
3503,St. Edward's Catholic Primary School,North Warwickshire,North Warwickshire,Primary,Primary,0,0,0,0,0.5,0.9,0,0,0,0,0,0.5,0.5,0.5,0,91.8,0.9,0.5,0,4.1,0,0.5,0,0,0.5,0.9,0,0.5,0.5,0,0,0,0.5,0,0,91.2,1.4,0.5,0,3.7,0,0,0,0,0.5,0.5,0,0,0,0,0,0,0,0,0,94.4,1.9,0.5,0,2.3
3505,"St. Mary's Catholic Primary School, Southam",Stratford on Avon,Central,Primary,Primary,0.5,0,0,0,0.5,5.1,0,0,0,0,0,0,0,0,0,93.4,0,0,0,0.5,0.6,0,0,0,0,5.4,0,0,0,0,0,0,0,0,0,94,0,0,0,0,0,0,0,0,0,6,0,0,0,0,0,0,0,0,0,93.4,0,0.7,0,0
3506,St. Gregory's Catholic Primary School,Stratford on Avon,Southern,Primary,Primary,0,0.5,0,0,0.9,6.9,0,0.5,0,0,0,1.4,0,0,0,87.6,1.8,0.5,0,0,0,1.8,0.5,0.5,0.9,6.8,0,0.9,0,0,0,0.5,0,0,0,85.1,1.8,0.9,0,0.5,0,1.4,0.5,0.5,1.4,10.9,0,0.5,0,0,0,0.5,0,0,0,78.7,3.6,1.4,0.5,0.5
3507,"St. Mary's Catholic Primary School, Studley",Stratford on Avon,Southern,Primary,Primary,0.5,0,0.5,0,4.1,7.7,0,0,0.5,0,0,2.3,0,0,0,73.2,4.5,1.4,2.3,3.2,0,0,0,0,4,8,0,0.9,0,0,0,1.8,0,0,0,76.4,3.6,1.3,1.3,2.7,0.4,0,0,0.4,4,7.6,0,0.9,0,0,0,2.2,0,0,0,76.9,2.7,1.3,1.3,2.2
3508,"St. Mary's Catholic Primary School, Henley in Arden",Stratford on Avon,Southern,Primary,Primary,2.6,2.6,0,0,2.6,7.9,0,0,0,0,0,0,5.3,13.2,0,57.9,7.9,0,0,0,2.2,2.2,0,0,2.2,0,0,0,4.4,0,0,0,0,11.1,0,62.2,15.6,0,0,0,0,0,0,0,0,2.5,0,0,5,0,0,0,0,7.5,0,72.5,10,0,0,2.5
3520,Our Lady Of The Angels Catholic Infant School,Nuneaton and Bedworth,Nuneaton & Bedworth,Infant,Primary,3.5,0.4,0,0,0.7,3.2,0,0.7,0,0,0,9.9,0.4,3.2,0.4,75.2,1.1,0,0.4,1.1,0.7,0.4,0,0.7,0.7,4.6,0,0.4,0,0,0,10,0.4,3.9,0,74.6,1.1,0.7,0.4,1.4,0.3,0.7,0,0.3,0,3.8,0,0.3,0,0,0,11.8,0,3.1,0,75.4,0.7,1,0.7,1.7
3541,St. Augustine's Catholic Primary School,Warwick,Central,Primary,Primary,0,0,0.5,0.5,1.9,7.7,0,0.5,0.5,0,0,1,0,1,0,80.4,2.9,2.9,0.5,0,0,0,0,0,0.5,9.4,0,0.5,0.5,0,0,1,0,0,0,77.3,5.4,4.9,0.5,0,0,0,0,0.5,1,9.1,0,1.5,0,0,0,1,0,0,0,77.3,4,4.5,0.5,0.5
3542,St. Peter's Catholic Primary School,Warwick,Central,Primary,Primary,0,0.9,0,0,2.8,27.1,0,0,0,0,0,0,0,0,0,64.5,1.9,2.8,0,0,0,0,0,0,2.8,29.6,0,0,0,0.9,0,0,0,0,0,60.2,1.9,4.6,0,0,0,0,0,0,1.8,27.4,0,0,0,0.9,0,0,0,0,0,61.9,3.5,4.4,0,0
3543,St. Patrick's Catholic Primary School,Warwick,Central,Primary,Primary,0,0,0,0,0,22,0,1.2,0,0,0,1.2,0,0,0,74,0.6,0.6,0,0.6,0,0.6,0,0.6,0,23.3,0,0,0,0,0,1.1,0,0,0,71.1,1.1,1.1,0,1.1,0,1,0,0,0.5,21.8,0,0,0,0.5,0,1.5,0,0,0,70.6,1.5,1,0,1.5
3544,St. Anthony's Catholic Primary School,Warwick,Central,Primary,Primary,0,1.8,0,0.4,3.9,14.5,0,0.4,0,0.4,0,16.7,0,0,0,57.9,1.8,1.3,0,0.9,0.5,3.7,0,0.5,5.5,15.1,0,0,0,0,0,18.3,0,0,0,54.3,1.4,0.5,0,0.5,0,4.8,0,0,6.6,16.7,0,0.4,0,0,0,19.4,0,0,0,49.3,1.3,0.9,0,0.4
3545,St. Mary Immaculate Catholic Primary School,Warwick,Central,Primary,Primary,0,1.2,0,2.4,0,2.4,0,0,0,0,0,5.9,0,1.2,0,82.4,3.5,0,0,1.2,0,1.1,0,3.4,0,9.2,0,0,0,0,0,4.6,0,0,0,78.2,2.3,0,0,1.1,0,3.8,0,3.8,0,6.3,0,0,0,0,0,6.3,0,0,0,77.2,2.5,0,0,0
3546,Our Lady & St. Teresa's Catholic Primary School,Warwick,Central,Primary,Primary,0,0,0,0,3.6,0.9,0,0.9,0,0,0,0.9,0,6.3,0,79.5,0.9,1.8,0.9,4.5,0,0,0.9,0,0.9,0.9,0,0.9,0,0.9,0,3.7,0,1.9,0,81.3,0,1.9,1.9,4.7,0,0,0,0,3.6,0,0,0,0,0.9,0,3.6,0.9,0,0,78.6,0,2.7,2.7,7.1
3547,St. Joseph's Catholic Primary School,Warwick,Central,Primary,Primary,0,0,0,0,0.5,5.3,0,1.5,0,0,0,6.3,1,0.5,0,80.6,0.5,1.9,1,1,0,0,0,0,0.5,4.4,0,2,0,0,0,5.4,1,0.5,0,80.5,1.5,2,1.5,1,0,0,0,0.5,1.5,3.9,0,2,0,0,0,4.9,1,0,0,79.9,2,1.5,1.5,1.5
3561,"Our Lady's Catholic Primary School, Princethorpe",Rugby,Eastern,Primary,Primary,0,0,0,0,0,3.5,0,0,0,0,0,1.8,0,0,1.8,85.1,7,0.9,0,0,0,0,0,0,0,4.5,0,0,0,0,0,1.8,0,0,1.8,82.9,6.3,0.9,0,1.8,0,0,0,0,1.6,2.5,0,0,0,0,0,1.6,0,0,5.7,82,4.9,0,0,1.6
3562,St. Marie's Catholic Junior School,Rugby,Eastern,Junior,Primary,0,1,3.8,1.4,0.5,13.4,0,5.3,1,0.5,0,1,1.4,0,0,66.5,1,1,0,2.4,0,1.4,1.8,1.4,0.5,17.3,0,5.5,0.5,0.5,0,1.8,0.9,0,0,64.5,1.4,0.5,0.5,1.8,0,2.4,1,1,1.4,21.9,0,5.2,0.5,0,0,1.9,0,0.5,0,61.4,1,0.5,0.5,1
3563,St. Marie's Catholic Infant School,Rugby,Eastern,Infant,Primary,0,1,1,0,2.5,18.6,0,3.9,0,0.5,0,3.4,0,5.4,0,56.4,1,1,1,4.4,0,0.9,1.4,0.5,2.3,24.8,0,5,0,0.5,0,4.1,0,2.8,0,54.6,0,0.5,0.5,2.3,0,1.4,1.9,0.5,1.4,23.1,0,5.6,0,0.5,0,5.1,0,2.8,0,54.6,0,0.9,0.5,1.9
3564,English Martyrs Catholic Primary School,Rugby,Eastern,Primary,Primary,0,0.5,0.5,1,0.5,2.4,0,0,0.5,0,0,1,0,0,0,91.9,1,1,0,0,0,1.9,1,1,1.4,1.4,0,0,0.5,0.5,0,2.4,0,0,0,87.6,1.9,0.5,0,0,0,0.9,0.9,1.4,1.4,0.5,0,0,0,0.9,0,4.7,0,0,0,87.4,1.4,0.5,0,0
3583,St. Anne's Catholic Primary School,Nuneaton and Bedworth,Nuneaton & Bedworth,Primary,Primary,0.9,0,0,0,0.9,2.3,0,0.9,0,0,0,0,0,0,0,91.7,0,0,0.5,2.8,0,0,0,0,1,4.4,0,0.5,0,0,0,0,0,0,0,91.2,0,0,0.5,2.4,0,0,0,0,1,5.1,0,1,0,0,0,0,0,0,0,90.4,0,0,0.5,2
3584,St. Joseph's Catholic Junior School,Nuneaton and Bedworth,Nuneaton & Bedworth,Junior,Primary,0,0.4,0,0,2.6,1.5,0,0,0,0,0,4.5,0.4,1.5,1.5,82.5,1.9,0.4,0.4,2.6,0,0.4,0,0,2.2,2.2,0,0.7,0,0,0,4.1,0,3,2.2,80.8,1.1,0.4,0.4,2.6,0,2.6,0,0,2.2,3,0,0.4,0,0,0,3.7,0,3,1.8,80.4,1.1,0,0,1.8
3585,Southam St. James (Voluntary Aided) C. Of E. Primary School,Stratford on Avon,Central,Primary,Primary,0.5,0.5,0,0.5,1,1.5,0,0,0,0,0,0,0,0.5,0,92.6,0,2.5,0,0.5,0,0.5,0,0,1.5,1,0,0,0,0,0,0.5,0,0.5,0,94,0,2,0,0,0.6,0.6,0,0,1.1,1.1,0,0,0,0,0,0.6,0,1.1,0,93.3,0,1.7,0,0
3586,Coleshill C.Of E. Primary School,North Warwickshire,North Warwickshire,Primary,Primary,0,0.7,0.3,0,1.3,1.7,0,1.3,0.3,0,0,0,0,0,0,91.7,0,0.3,0.3,2,0,0.7,0,0,2.8,1.7,0,1,0.3,0,0,0.3,0,0,0,88.9,0.3,0.3,1,2.4,0,0,0.7,0.7,2.7,2.4,0,0.7,0.3,0,0,0.3,0,0,0,87.8,0.3,0.3,0,3.7
3587,Barford St. Peter's C.Of E. Primary School,Warwick,Southern,Primary,Primary,0,1.7,0,0,1.7,0,0,0,0,0,0,1.7,0,0,0,94.8,0,0,0,0,0,0,0,0,3.5,0,0,0,0,0,0,2.6,0,0,0,93.9,0,0,0,0,0,0,0,0,3.5,0.9,0,0,0,0,0,2.6,0,0,0,93,0,0,0,0
3588,"All Saints C.Of E. (VA) Primary School, Leek Wootton",Warwick,Central,Primary,Primary,0,0,0,0,3.3,2.4,0,0,0,0,0,2.4,0,0,0,87.8,0,1.6,0,2.4,0,0.8,0,0,4.1,0.8,0,0,0,0,0,1.6,0,0,0,89.3,0,0.8,0,2.5,0,0.8,0,0,3.9,0.8,0,0,0,0,0,1.6,0,0,0,90.6,0,0,0,2.4
3589,St. Lawrence C.Of E. (Voluntary Aided) Primary School,Stratford on Avon,Central,Primary,Primary,0,0,0,0,0.7,2.1,0,0,0,0,0,0,1.4,0,0,94.5,1.4,0,0,0,0,0,0,0,0.7,1.4,0,0,0,0,0,0,1.4,0,0,95.3,0.7,0,0,0.7,0,0,0,0,0.7,0.7,0,0,0,0,0,0,0.7,0,0,96,0.7,0.7,0,0.7
3590,Knightlow C.Of E. Primary School,Rugby,Eastern,Primary,Primary,0,0,0,0,0,0,0,0,0,0,0,1.7,0,0,0,97.2,0,0,1.1,0,0,0,0,0,0,0,0,0,0,0,0,0.5,0,0,0,97.3,0,1.1,1.1,0,0,0,0,1.1,0,0,0,0,0,0,0,0,0,0,0,94.7,0,2.7,1.1,0.5
3591,St. Andrew's Benn C.Of E. (Voluntary Aided) Primary School,Rugby,Eastern,Primary,Primary,0,0.9,0,15.2,0.4,0,0,4.3,2.2,0,0,2.6,6.9,0,0,58.4,0.4,1.7,1.3,5.6,0,0.9,0,19.2,0.4,3.1,0,3.6,3.1,0.4,0,2.2,5.8,0,0,52.2,0,1.8,0.9,6.3,0,1.8,0,19.3,0.9,1.8,1.3,3.1,2.6,0.4,0,2.2,5.7,0,0,51.3,0,2.6,0.9,6.1
3592,St. Nicolas C.Of E. (Voluntary Aided) Primary School,Nuneaton and Bedworth,Nuneaton & Bedworth,Primary,Primary,0,1.1,0,0,0.2,0,0,0,0.5,0,0,3.8,0.9,0.5,0,89.4,0,1.4,0,2.3,0,0.9,0,0,0.2,0,0,0,0.4,0,0,4.2,0.9,0.9,0,88.2,0,2,0.2,2,0,0.5,0,0,0,0,0,0,0.7,0,0,4.1,1.1,0.9,0,88,0.2,2.1,0.2,2.1
3593,The Revel C.Of E. (Aided) Primary School,Rugby,Eastern,Primary,Primary,0,0.9,0,0.3,0.3,1.4,0,0.3,0.3,0,0,1.7,0,0,0,93.4,0,0,0.9,0.6,0.3,0.6,0.3,0.3,2.3,1.4,0,0.3,0,0,0,1.7,0,0,0,91.9,0,0,0.3,0.6,0,0.3,0.3,0.3,2.1,0.3,0,0,0,0.3,0,1.5,0,0,0,93.7,0,0,0,1.2
3594,Cawston Grange Primary School,Rugby,Eastern,Primary,Primary,0,0,0,0,1.3,0.9,0,0,0,0.4,0,9.8,0,2.2,0,83.6,0,0,0,1.8,0,0,0,0,1.7,4.8,0,0.4,0,0,0,8.7,0,2.6,0,79.7,0,0,0,2.2,0,0.4,0,0,1.7,3.9,0,0.4,0,0,0,7.8,1.3,1.3,0,80,0,0,0,3
3595,"St. Nicholas' C. Of E. Primary School, Alcester",Stratford on Avon,Southern,Primary,Primary,0,0.6,0,0,1.5,1.5,0.6,0.3,0,1.2,0,0.3,0,0,0,92.9,0,0.3,0.3,0.3,0.3,0.3,0,0,1,1,1,0.3,0,1,0,0,0,0,0,93.6,0,1,0.3,0.3,0,0,0,0,0.9,0.9,0.6,0.3,0,0.6,0,0.3,0.3,0,0.6,94.3,0,0.9,0,0.3
3596,Kingsbury Primary School,North Warwickshire,North Warwickshire,Primary,Primary,0,0,0,0,1,0.3,0,0,0,0,0,0,0,0,0,98.6,0,0,0,0,0,0,0,0.3,2.7,0.3,0,0,0,0,0,0,0,0.3,0,96.2,0,0,0,0,0,0,0,0.4,2.2,0,0,0,0,0,0,0.4,0,0,0,97.1,0,0,0,0
3597,Rokeby Primary School,Rugby,Eastern,Primary,Primary,0.7,0.7,0,0,0.4,1.9,0.4,1.1,0.4,0,0,0.7,0.4,0,0,90,0,0.7,0.4,2.2,0,1.3,0,0,0.9,3,0.4,1.3,0.4,0,0,0.4,0,1.7,0,87.1,0,0.9,0.4,2.2,0,1.8,0,0,0.9,3.2,0.5,1.4,0.5,0,0,0.5,0,0.9,0,87.8,0,0.9,0.5,1.4
4002,Stratford-upon-Avon Grammar School for Girls A Specialist College for Language and Science,Stratford on Avon,Southern,Secondary,Secondary,5.5,0.7,0,0.7,0.5,3.5,0,0,0,1.2,0,2.2,0.2,2,0,81.9,0.7,0.8,0.2,0.2,3.6,0.7,0,0.5,1.5,2.9,0,0.2,0,1.8,0,2,0.2,1.5,0,83.4,0.5,1,0.2,0.3,0.8,0.6,0,0.5,1.3,2.4,0.2,0.5,0,1.5,0,1.6,0.2,4.4,0,84.7,0.2,1,0,0.3
4004,Etone Technology Language Vocational College,Nuneaton and Bedworth,Nuneaton & Bedworth,Secondary,Secondary,0,1.3,0.1,0.1,0.7,0.8,0,0,0.3,0,0,6.7,0.5,0.3,0,87.1,0,0.8,0.1,1.2,0,2.7,0.3,0,0.6,1.1,0,0,0.1,0,0,6.6,0.9,0.1,0,85.6,0,1,0,1,0,3.4,0.3,0.1,0.8,1.4,0.1,0.3,0.1,0,0,8.9,1,0,0,81.5,0.1,0.8,0.3,1
4103,Nicholas Chamberlaine Technology College,Nuneaton and Bedworth,Nuneaton & Bedworth,Secondary,Secondary,0.1,0.8,0.2,0.1,0.5,0.4,0,0.1,0.2,0.2,0.1,4.6,0.2,0.7,0.1,89.9,0.1,0.7,0.1,1,0,1,0.2,0.1,0.6,0.4,0,0.1,0.1,0.2,0.1,4.4,0.2,0.7,0,90.3,0.2,0.9,0,0.7,0,0.8,0.1,0.1,0.4,0.4,0,0.2,0.1,0.3,0,3.9,0.4,0.6,0,90.7,0.2,1,0,0.7
4108,Henley-In-Arden High School,Stratford on Avon,Southern,Secondary,Secondary,0,0.7,0.2,0.5,1.3,0.7,0.2,0,1,0,0,0.5,1.8,0.2,0,92.4,0.3,0.2,0,0.2,0,1.3,0.2,0.5,1.5,1.5,0.2,0,1.1,0,0,1.1,0.8,0.3,0,90.4,0.5,0.5,0,0.2,0,1,0.2,0.5,1.1,1.5,0.2,0,0.7,0,0,1.1,0.7,0.3,0,91.9,0.3,0.5,0,0.2
4110,"Kineton High School, A Specialist Sports College",Stratford on Avon,Southern,Secondary,Secondary,0,0.4,0,0.3,0.4,1.9,0,0,0,0,0,0.2,0,10.3,0,86.2,0,0.1,0,0.2,0,0.5,0,0,0.3,1.7,0,0.1,0,0,0,0.2,0.1,8.8,0,87.7,0,0.3,0,0.2,0,0.5,0,0,0.2,1.3,0,0.1,0,0,0,0.4,0.1,8.8,0,88,0,0.4,0,0.2
4111,"Kingsbury School, a Specialist Science and Mathematics College",North Warwickshire,North Warwickshire,Secondary,Secondary,0,0,0.3,0,1.3,0.2,0,0,0.7,0,0,1.3,0,0.8,0,94.4,0,0.2,0.2,0.7,0,0,0.3,0,1.1,0.2,0,0,0.8,0,0,1,0,0.5,0,94.9,0,0.2,0.2,0.8,0,0,0.5,0.2,1.1,0,0,0,0.6,0,0,0.8,0.2,0.2,0,95.5,0.2,0.2,0.2,0.5
4112,The Polesworth School - A Specialist Language College,North Warwickshire,North Warwickshire,Secondary,Secondary,0.1,0,0,0.3,0.2,0.7,0,0.1,0.1,0.3,0,0.1,0,1.7,0.1,95.7,0,0.1,0.1,0.3,5.7,0.2,0,0.1,0.4,0.6,0,0.1,0.1,0.2,0,0.3,0,0.7,0,90.9,0.1,0.1,0.1,0.3,5.8,0.2,0,0.1,0.3,0.6,0,0.1,0.1,0.2,0,0.1,0,0.1,0,91.6,0.1,0.1,0.1,0.4
4113,"Shipston High School, a Specialist Technology College",Stratford on Avon,Southern,Secondary,Secondary,0,0.3,0,0.3,0.3,1.5,0,0,0,0,0,0,0,18.2,0,78.8,0,0.3,0,0.3,0,0.6,0.6,0.6,0.3,1.1,0,0,0,0.3,0,0.3,0,16.5,0.6,78.7,0,0.3,0,0.3,0,0.6,0.3,0.3,0.6,1.4,0,0,0,0.3,0.8,0.3,0,16.3,0,78.6,0,0.3,0,0.3
4114,Southam College,Stratford on Avon,Central,Secondary,Secondary,0,0.3,0,0.1,0.5,1.5,0,0,0,0.4,0,0.4,0,1.8,0,94.5,0.2,0.2,0,0.2,0.1,0.3,0,0.2,0.6,1.6,0,0,0,0.3,0,0.3,0,1.3,0,94.6,0.3,0.3,0,0.3,0.7,0.3,0,0.2,0.5,0.9,0,0,0,0.3,0,0.4,0,1.6,0,94,0.2,0.6,0.1,0.1
4124,"Stratford-upon-Avon High School, A Maths and Computing Specialist College",Stratford on Avon,Southern,Secondary,Secondary,0,0.5,0,0.6,0.4,1.8,0,0.3,0.2,0,0,0.1,0,3.3,0,92.2,0.2,0.2,0.1,0.2,0,0.4,0.1,1.3,0.5,1.6,0,0.4,0.1,0,0,0.4,0,2.4,0,92,0.3,0.2,0.1,0.2,0,0.4,0.3,1.4,0.4,2.1,0,0.3,0.1,0,0.1,0.6,0,1.3,0,92.1,0.3,0.2,0.1,0.2
4150,Alderman Smith School And Sports College,Nuneaton and Bedworth,Nuneaton & Bedworth,Secondary,Secondary,0,0.3,0,0.2,0.3,0.6,0,0,0.2,0.1,0,0.9,0,0.7,0,95.6,0,0.3,0,1,0,0.3,0,0.2,0.5,1,0,0,0.2,0.2,0,0.9,0,0.6,0,94.9,0,0.1,0,1.1,0.1,0.5,0,0.2,0.6,0.9,0,0.1,0.2,0,0,1.1,0,0.6,0,94.9,0,0.1,0,0.8
4153,Higham Lane School A Business and Enterprise College,Nuneaton and Bedworth,Nuneaton & Bedworth,Secondary,Secondary,0,1.2,0.2,0.3,0.9,0.6,0,0,0.2,0.2,0,5.4,0.8,0.3,0,88.4,0,0.6,0.1,0.8,0,0.9,0.2,0.3,1.2,0.6,0,0,0.2,0.3,0,5.9,1,0.2,0,87.7,0,0.5,0.1,1,0,1.5,0.2,0.6,1.2,0.7,0,0.1,0.2,0.3,0,6.2,1.1,0.2,0,85.6,0,0.6,0,1.6
4154,Manor Park Community School and Specialist Arts College,Nuneaton and Bedworth,Nuneaton & Bedworth,Secondary,Secondary,0,1.8,0.2,0.4,0,0.4,0,0.7,0.7,0,0,13.5,0.9,0.5,0,79.1,0.2,0.9,0,0.7,0,1.8,0.2,0.4,0.2,0.4,0,0.8,0.8,0,0,14.5,0.8,0.2,0,77.9,0.2,1.4,0,0.4,0.4,1.7,0.4,0.2,0,0.4,0,0.4,0.4,0,0,12.4,1.5,0.6,0,79.2,0.4,1.5,0,0.4
4190,Aylesford School. A specialist Language and Music College,Warwick,Central,Secondary,Secondary,0.4,1,0.1,0.4,0.1,2,0,0.4,0.2,0.4,0,3,0.2,0.5,0,90.6,0.1,0.1,0,0.2,0.2,1.1,0.2,0.6,0.1,2,0,0.6,0.2,0.4,0,2.5,0.4,0.4,0,90.1,0.1,0.4,0,0.4,0.2,1,0.2,0.8,0.2,2.3,0,0.4,0.2,0.5,0,2.8,0.4,0.3,0,89.5,0.1,0.4,0,0.5
4192,Campion School,Warwick,Central,Secondary,Secondary,0.5,0.9,0,0.4,0.4,10.5,0,0.5,0.2,0.5,0,9.6,0.7,0.2,0,73.6,0,0.9,0,1.1,0.8,2.1,0,0.9,0.8,11.1,0,0.2,0.2,0.6,0,7.7,0.6,0,0,73.5,0,0.9,0,0.8,0,2.8,0.2,0.6,1.3,13.5,0.2,0.6,0.2,0.6,0,6.3,0.6,0,0,71.2,0,1.1,0,1.1
4233,The Coleshill School - a Maths and Computing College,North Warwickshire,North Warwickshire,Secondary,Secondary,4.6,0.2,0.1,0.2,1.3,0.5,0,0,0.5,0,0,0.2,0,1.9,0,87.8,0,0.1,0,2.6,9.3,0.1,0.2,0.2,1.2,0.5,0,0,0.5,0,0,0.2,0,1.4,0,83.8,0,0.1,0,2.5,13,0,0,0,1.1,0.5,0,0.1,0.6,0,0,0.1,0,1.2,0,80,0,0.1,0.1,3.1
4236,Kenilworth School and Sports College,Warwick,Central,Secondary,Secondary,0,0.7,0.2,0.2,1,2.6,0.1,0.1,0,0.3,0,2.1,0.3,3.9,0.1,86.9,0.2,0.5,0.2,0.7,6.6,0.7,0.1,0.2,0.9,2.5,0,0.1,0.1,0.3,0,2.2,0.3,1.8,0.1,82.8,0.3,0.5,0.1,0.6,0.7,0.7,0.1,0.2,0.7,3.1,0.1,0.1,0.1,0.2,0,2.3,0.6,0.8,0.1,88.6,0.4,0.6,0.1,0.5
4237,North Leamington School,Warwick,Central,Secondary,Secondary,0,2.4,0.1,0.3,1.7,1.7,0.1,0.4,0.4,0.3,0,6.1,0.4,0.8,0,83.1,0.1,1,0.1,1.1,0,3.8,0.1,0.2,1.7,2.1,0.1,0.5,0.4,0.2,0,5.5,0.3,0.4,0,82.3,0,0.9,0.1,1.2,0.2,4.1,0.1,0.7,2.3,1.7,0.1,0.6,0.3,0.1,0,4.9,0.2,0.4,0,82,0,1.1,0.1,1.1
4238,Bilton School A Maths and Computing College,Rugby,Eastern,Secondary,Secondary,0,0.6,0.1,0.4,0.7,2.4,0.4,0.6,0.4,0.3,0,2.1,0.4,1.5,0,87.2,0.3,0.6,0.1,1.9,0,0.8,0.1,0.3,1.1,4,0.4,1.3,0.7,0.4,0,2.2,0.5,1.5,0,83.7,0.3,0.6,0.1,2,0,1,0.1,0.3,1.1,5.1,0.3,1.8,0.8,0.5,0,2.4,0.8,0.9,0,82.3,0.2,0.6,0.3,1.7
4240,Alcester High School Technology College,Stratford on Avon,Southern,Secondary,Secondary,0,0,0,0.1,0.9,0.5,0.2,0.4,0.2,0.2,0.1,0.2,0,0.5,0,96.3,0,0.1,0,0.1,0,0,0,0,0.5,1,0.2,0.2,0.2,0.2,0,0.4,0,0.5,0,96.2,0.1,0.2,0,0.2,0,0.2,0.1,0,0.5,1.2,0,0.2,0.1,0.2,0.1,0.6,0,0.4,0,95.5,0.1,0.4,0,0.2
4241,Ashlawn School,Rugby,Eastern,Secondary,Secondary,0,2,0,0.6,1,2.3,0,0.6,0.3,0.7,0,6.1,1.1,0.4,0,82.1,0.3,1,0.4,1.2,0,2.4,0,0.8,0.8,1.5,0.1,0.7,0.2,0.7,0,5.2,1.1,0.3,0,84.1,0.1,0.9,0.1,1,0,3.3,0,0.7,0.9,1.4,0.1,0.5,0.2,0.5,0,4.7,1.1,0.6,0,84,0,0.9,0.1,1.1
4601,King Edward VI School,Stratford on Avon,Southern,Secondary,Secondary,0.2,1.2,0,0.8,1.5,2.9,0,0.2,0,1.2,0,3.1,0.6,0.6,0,86.7,0,0.8,0,0.4,0,1,0,0.8,1.7,2.7,0,0.2,0,1.3,0,3.2,0.6,0.6,0,86.5,0,1.1,0.2,0.2,0,1.3,0,0.6,1.8,2.4,0,0,0,1.8,0,3.5,0.7,0.4,0,86.2,0,0.9,0.2,0.2
4620,Lawrence Sheriff School,Rugby,Eastern,Secondary,Secondary,0,0.6,0,0,0.7,1.2,0.1,0.3,0,0.8,0,4.3,0.7,1.2,0,88.5,0.2,0.9,0.1,0.3,0,0.6,0,0,1,1.2,0.1,0.3,0,1.1,0,4.8,0.8,0.7,0,87.8,0.1,0.8,0,0.7,0.7,0.6,0.1,0,1.4,1.2,0.2,0.2,0,1.2,0,5.9,0.9,0.7,0,85,0.1,0.8,0.1,0.7
4730,St. Benedict's Catholic High School,Stratford on Avon,Southern,Secondary,Secondary,0.2,0,0,0,0.5,4,0,0,0,0,0,0,0,0.2,0,92.4,1.4,0,0.4,0.9,0,0,0,0.2,0.2,4.4,0,0,0,0,0,0,0,0,0,91.2,1.6,0.2,0.4,1.8,0,0,0,0.2,0.2,4.9,0,0.2,0,0,0,0.2,0,0,0,90.1,1.6,0.4,0.4,2
4752,Trinity Catholic School - A Specialist Arts and Technology College,Warwick,Central,Secondary,Secondary,0.1,0.2,0.2,0.1,1.8,4.7,0,0.5,0.1,0.1,0,2,0,0.9,0,86.7,0.8,0.8,0.3,0.7,0,0.2,0.5,0.2,1.5,5.3,0,0.5,0,0.2,0,2.3,0,1,0,85.5,0.8,1,0.3,0.7,0,0.2,0.4,0.4,1.6,4.5,0,0.5,0,0.3,0,2.4,0,0.6,0,86.1,0.9,0.9,0.1,1.2
4802,Harris School,Rugby,Eastern,Secondary,Secondary,0.3,0.3,0.9,0.4,0.5,2.6,0,2.1,0.8,0,0,0.5,0.9,1.7,0,87.4,0,0.8,0,0.9,0,0.1,0.5,0.2,0.5,3.3,0.1,2,0.5,0.1,0,0.5,0.6,1.5,0,87.7,0,1,0.2,1.2,0,0.2,0.3,0.2,0.6,3,0.2,1.6,0.5,0.1,0,0.9,0.5,1.2,0,87.4,0,1,0.6,1.6
4803,St. Thomas More Catholic School and Technology College,Nuneaton and Bedworth,Nuneaton & Bedworth,Secondary,Secondary,0,0.1,0,0.1,0.1,4.2,0,0.4,0,0,0,0.4,0,0.8,0,91.2,1.1,0.6,0,0.9,0.1,0.1,0.1,0.3,0.5,4.4,0,0.4,0,0,0,0.8,0,1.1,0,88.7,1.6,0.5,0,1.4,0,0,0.3,0.5,0.5,3.5,0,0.3,0,0,0,1,0,1.3,0,89,1.5,0.3,0,2
5200,Haselor School,Stratford on Avon,Southern,Primary,Primary,0,0,0,0,2.2,1.1,0,0,0,0,0,0,0,0,0,96.8,0,0,0,0,0,0,0,0,2.1,1,0,0,0,0,0,0,0,0,0,96.9,0,0,0,0,0,0,0,0,2.4,1.2,0,0,0,0,0,0,0,0,0,96.4,0,0,0,0
5201,Wolverton Primary School,Stratford on Avon,Southern,Primary,Primary,0,0,0,0,0,1,0,0,0,0,0,3,1,1,0,91,0,3,0,0,0,0,0,0,1,2,0,0,0,0,0,4.9,1,0,0,89.2,0,2,0,0,0,0,0,0,1,1.9,0,0,0,0,0,5.8,1,0,0,88.3,0,1.9,0,0
5202,Middlemarch School,Nuneaton and Bedworth,Nuneaton & Bedworth,Junior,Primary,0,0.5,0,1,1.4,1.9,0,1,0,0,0,16.9,3.4,0,0,70.5,0,0,0,3.4,0,0,0,1,1.5,1.5,0,1,0,0,0,13.6,1.5,0,0,75.7,0,0.5,0,3.9,0,0.6,0,1.1,1.1,1.1,0,1.1,0,0,0,12,1.1,0,0,77.1,0,0.6,0,4
5203,Dunnington C Of E Primary School,Stratford on Avon,Southern,Primary,Primary,1.8,0,0,0,1.8,0.9,0,0,0,1.8,0,0,0,0,0,93.6,0,0,0,0,0,0,0,0,1.9,0.9,0,0,0,1.9,0,0,0,0,0,94.4,0,0,0,0.9,0,0,0,0,1,1,0,0,0,1,0,0,0,0,0,97.1,0,0,0,0
5204,Dunchurch Infant School,Rugby,Eastern,Infant,Primary,0,0,0,0.7,2.6,2,0.7,0,0,0.7,0,0,0,0.7,0,89.4,0.7,1.3,0.7,0.7,0,0,0,0.6,1.8,0.6,0.6,0.6,0,0.6,0,0.6,0.6,1.2,0,89.5,1.2,1.2,0.6,0.6,0,0,0,0,1.8,0.6,0,0,0,1.2,0,1.2,0,1.8,0,88.2,1.2,1.8,0.6,1.8
5205,Moreton Morrell C Of E Primary School,Stratford on Avon,Southern,Primary,Primary,0,0,0,0,1.1,0,0,0,0,0,0,0,0,0,0,98.9,0,0,0,0,0,0,0,0,0,0,0,0,0,0,0,0,0,0,0,100,0,0,0,0,0,0,0,0,0,0,0,0,0,0,0,0,0,0,0,100,0,0,0,0
5206,Shipston Primary School,Stratford on Avon,Southern,Primary,Primary,0,0,0,0,1.9,2.2,0,0,0,0.6,0,0,0,0,0,94.3,0,0.6,0,0.3,0.6,0,0,0,2.2,2.5,0,0,0,0.6,0,0.3,0,0,0,92.4,0,0.6,0.3,0.3,0.3,0,0,0,2.7,2.1,0,0,0,0.6,0,0.3,0,0,0,93.4,0,0.3,0,0.3
5207,Woodloes Primary School,Warwick,Central,Primary,Primary,,,,,,,,,,,,,,,,,,,,,,,,,,,,,,,,,,,,,,,,,0.9,0.9,1.3,0.6,4.1,3.1,0.3,1.3,0,0.3,0,3.1,0.6,0.3,0,80.8,0.3,0.9,0,0.9
5400,The Avon Valley School and Performing Arts College,Rugby,Eastern,Secondary,Secondary,0,0.4,0.4,0.3,1.8,1.5,0,0.5,1.1,0.5,0,3.3,0.4,0,0,87,0.3,0.7,0,2,0,0.5,0.8,0.6,1.9,2.1,0,0.7,0.6,0.5,0,2.8,0.6,0.1,0,86.3,0.1,0.6,0,1.9,0,0.5,0.5,0.6,2.2,2.5,0,1.3,0.2,0.4,0,3,0.6,0.1,0,84.8,0.1,0.7,0.1,2.4
5401,Ash Green School and Arts College,Nuneaton and Bedworth,Nuneaton & Bedworth,Secondary,Secondary,0.5,1.6,0.2,0.3,1.1,0.2,0,0.5,0,0,0.3,2.2,0,0.3,0,92.5,0.3,0,0,0,0,1.6,0.2,0.3,1,0.3,0,0.5,0,0.2,0,2.2,0,0.2,0,93.3,0.3,0,0,0,0,1.9,0.3,0.3,0.8,0.2,0,0.6,0,0.3,0,2.3,0,0.2,0,92.1,0.2,0.2,0,0.6
5402,Hartshill School,North Warwickshire,North Warwickshire,Secondary,Secondary,0,0,0,0.2,0.2,0.7,0,0,0,0.1,0,0.3,0.3,1.6,0,95.4,0,0.9,0,0.2,0.1,0.2,0.1,0.2,0.3,0.8,0,0.2,0.1,0.1,0,0.1,0.3,1.4,0,95,0,0.8,0,0,1.5,0.4,0.2,0.1,0.6,1.1,0,0.2,0.1,0,0,0.3,0.1,0.9,0,93.4,0,0.8,0,0.2
5403,Myton School A Specialist Science College and Training School,Warwick,Central,Secondary,Secondary,0,1.1,0,0.4,1.2,2.4,0.2,0.1,0.2,0.4,0,14.8,0.3,1.2,0,75.5,0.1,1.3,0,0.8,0,1.8,0.1,0.6,1.7,2.2,0.3,0.1,0.1,0.4,0.1,15,0.2,0.8,0,74.4,0.1,1.2,0,1.2,0,1.5,0.1,0.8,2.1,2.1,0.3,0.1,0.1,0.4,0.1,15.4,0.2,0.9,0,72.9,0,1.5,0.1,1.5
5404,Queen Elizabeth School and Sports College,North Warwickshire,North Warwickshire,Secondary,Secondary,0,0,0,0.2,0.2,1.2,0,0,0,0,0,0,0,1.5,0,96.2,0.3,0.2,0,0.2,0,0,0,0.2,0.2,0.9,0,0,0,0,0,0,0,1.4,0,96.8,0.4,0,0.2,0,0,0,0,0.2,0.2,0.3,0,0,0,0,0,0,0,1,0,98,0.2,0,0.2,0
5406,Rugby High School,Rugby,Eastern,Secondary,Secondary,0.3,0.5,0.1,0.5,1.5,1.7,0.1,0.7,0.4,0.5,0,4.2,0.7,9,0,78.3,0.1,1.1,0,0.3,0,0.7,0,0.5,1.3,1.7,0.1,1.1,0.4,0.8,0,4.6,0.5,7.5,0,78.8,0.1,1.3,0,0.4,3.5,0.6,0,0.4,1.5,2,0.2,1,0.1,0.7,0,4,0.7,5.2,0,78.3,0.2,1,0,0.5
5407,Alcester Grammar School,Stratford on Avon,Southern,Secondary,Secondary,0,0.5,0.1,0.2,1,1.3,0.1,0.1,0.1,0.2,0,0.7,0.3,0.3,0,93.7,0,0.9,0.1,0.3,0,0.3,0.1,0.1,0.6,1.3,0,0.2,0.1,0.2,0,1,0.4,0.1,0,94,0,1,0.2,0.3,0,0.3,0.1,0.2,0.6,1.2,0,0.2,0.1,0.1,0,1.3,0.2,0,0,94.4,0.1,0.7,0.2,0.2
5408,"Studley High School, Humanities and Music College",Stratford on Avon,Southern,Secondary,Secondary,0,0.3,0,0.3,0.3,0.4,0,0,0.3,0,0.1,0.3,0.3,0,0,96.3,0.3,0.5,0.1,0.7,0.1,0.5,0,0.1,0.3,0.4,0,0.1,0.3,0,0.3,0.5,0.4,0,0,95.7,0.1,0.4,0.1,0.5,0.1,0.5,0,0.1,0.1,1,0,0.1,0.3,0,0.3,0.7,1,0,0,94.4,0.1,0.8,0,0.4
5409,The George Eliot School,Nuneaton and Bedworth,Nuneaton & Bedworth,Secondary,Secondary,0,2.2,0.1,0.1,0.3,1,0,0.4,0,0,0.3,1.9,0.1,0.4,0.1,90.6,0,1.2,0,1,0,2.9,0.2,0,0.2,1,0,0.6,0,0,0.3,1.7,0.2,0.3,0.2,90,0,1.4,0,1.1,0,2.2,0.2,0,0.3,1,0,0.5,0.2,0,0.5,2.2,0.3,0.2,0.2,90,0,1.3,0,1.1
7000,Exhall Grange School and Science College,Nuneaton and Bedworth,Nuneaton & Bedworth,Special,Special,0,0,0,0.5,0.5,2.6,0,0,0.5,0,0.5,5.3,0.5,6.3,0,80.5,0.5,1.1,0,1.1,0,0,0,0.5,1.6,2.2,0,0,0.5,0,0,3.8,0.5,6.6,0,80.3,1.1,1.1,0,1.6,0,0,0,0.6,1.7,2.8,0,0,0.6,0,0,3.9,0.6,3.9,0,82.6,1.1,0.6,0,1.7
7001,River House School,Stratford on Avon,Southern,Special,Special,0,0,0,0,2.1,0,0,0,0,0,0,0,0,0,0,95.8,0,0,2.1,0,0,0,0,0,0,0,0,0,0,0,0,0,0,0,0,96.1,0,2,0,2,0,0,0,0,0,0,0,0,0,0,0,0,0,0,0,96.4,0,0,0,3.6
7002,Oak Wood Primary School,Nuneaton and Bedworth,Nuneaton & Bedworth,Special,Special,0,0,0,1.1,0,0,0,0,0,0,0,6.8,0,0,0,89.8,2.3,0,0,0,2.4,0,1.2,0,0,0,0,0,0,0,0,4.8,0,0,1.2,88.1,2.4,0,0,0,0,1.1,0,0,1.1,0,0,1.1,0,0,0,4.5,0,0,0,89.8,2.3,0,0,0
7023,Brooke School,Rugby,Eastern,Special,Special,0,0,0.7,2.1,1.4,0.7,0.7,0,0,0.7,0,2.1,0.7,9.7,0,79.3,0,0,0,2.1,0.7,0.7,0.7,0.7,1.3,2,0,0,0,0,0,2,0.7,13.2,0,76.2,0,0,0,2,0,2.5,0.6,1.3,1.3,3.1,0,0,0,0,0,1.3,1.3,10.7,0,76.1,0,0,0,1.9
7028,Ridgeway School,Warwick,Central,Special,Special,0,0,0,1.1,0,5.3,0,0,1.1,0,0,3.2,0,0,0,87.2,0,0,1.1,1.1,0,0,0,1,0,7.3,0,1,0,0,0,2.1,0,2.1,0,85.4,0,0,0,1,2.2,0,0,0,1.1,4.3,0,1.1,0,0,0,3.2,0,1.1,0,82.8,1.1,2.2,0,1.1
7030,"Round Oak School, Support Service and Sports College",Warwick,Central,Special,Special,0,0,0,0,0.8,0.8,0,0,0,0,0,2.4,0,0,0,93.7,0,1.6,0.8,0,0,0,1.4,0,0.7,0,0,0,0,0,0,2.9,0,0,0,92.9,0,1.4,0.7,0,0,0,2.1,0,1.4,0,0,0,0,0,0,3.4,0,0,0,91,0,1.4,0.7,0
7044,Welcombe Hills School,Stratford on Avon,Southern,Special,Special,0,0,0.5,0,1.6,1.6,0,0,0,0,0.5,0.5,0.5,1.6,0,92.3,0,0.5,0,0,0,0,0.6,0,1.7,1.7,0,0,0,0,0.6,0.6,0.6,1.1,0,93.3,0,0,0,0,0,0,0.6,0,2.3,1.7,0,0,0,0,0.6,0.6,0,0,0,93.8,0,0,0,0.6
7046,Oak Wood Secondary School,Nuneaton and Bedworth,Nuneaton & Bedworth,Special,Special,0.8,0,0.8,0,4.2,1.7,0,0,0,0,0,4.2,0,16.9,0,67.8,0.8,0.8,0,1.7,6.5,0,0.8,0,3.2,9.7,0,0,0,0,0,5.6,0,13.7,0,58.1,0.8,0.8,0,0.8,6.1,0,0.9,0,3.5,11.3,0,0,0.9,0,0,4.3,0,7.8,0.9,62.6,0.9,0.9,0,0
7047,Woodlands School,North Warwickshire,North Warwickshire,Special,Special,0,1,0,1,0,1,0,0,0,0,0,1,0,0,0,92.2,0,0,2,2,0,0,0,1.9,0,0,0,0,0,0,0,1.9,0,1,0,92.4,0,0,1,1.9,0,0,0,0,0.9,0.9,0,0,0,0,0.9,1.8,0,0,0,93.6,0,0,0.9,0.9
