INSPECTOR,EDUCATION_AREA,DISTRICT_AREA_DESC,DFES,TYPE,PHASE,SCHOOL_NAME,Headteacher,ACTING,ADDRESS1,ADDRESS2,ADDRESS3,ADDRESS4,POST_CODE,TEL_NO,EXTRA_TELEPHONE,FAX,E_MAIL,COST_CODE,START_AGE,LEAVE_AGE,GOVERNANCE_DESC,SCH_DELIVERY_NO,CLOSED
Adrienne Holland,Nuneaton & Bedworth,Nuneaton and Bedworth,3103,Infant,Primary,Abbey C.Of E. Infant School,Mrs. Deborah Middleton,31/12/2010,ASTON ROAD,,NUNEATON,WARWICKSHIRE,CV11 5EL,(024) 7638 6101,,,admin3103@we-learn.com,E53,4,7,Voluntary Controlled,B38,N
Peter Rayers,Eastern,Rugby,2410,Infant,Primary,Abbots Farm Infant School,Mrs. Linda Teague,,ABBOTTS WAY,,RUGBY,WARWICKSHIRE,CV21 4AP,(01788) 543093,,(01788) 543093,admin2410@we-learn.com,D14,4,7,Community,A46,N
Peter Rayers,Eastern,Rugby,2421,Junior,Primary,Abbots Farm Junior School,Mr. John Alexander,,ABBOTTS WAY,,RUGBY,WARWICKSHIRE,CV21 4AP,(01788) 576074,,(01788) 576074,afjsuk@yahoo.co.uk,D15,7,11,Community,A47,N
Linda Stock,Southern,Stratford on Avon,2639,Primary,Primary,Acorns Primary School,Mrs. Dorinda Hunt,,LONG COMPTON,,SHIPSTON-ON-STOUR,WARWICKSHIRE,CV36 5LA,(01608) 684654,,,admin2639@we-learn.com,F61,4,11,Community,C4,N
Douglas Tribe,Southern,Stratford on Avon,5407,Secondary,Secondary,Alcester Grammar School,Mr. Iain Blaikie,,BIRMINGHAM ROAD,,ALCESTER,WARWICKSHIRE,B49 5ED,(01789) 762494,,(01789) 400626,moore.c1@we-learn.com,W07,11,18,Foundation,C34,N
Tony Salmon,Southern,Stratford on Avon,4240,Secondary,Secondary,Alcester High School Technology College,Ms. Jane Brooks,,GERARD ROAD,,ALCESTER,WARWICKSHIRE,B49 6QQ,(01789) 762285,,(01789) 400095,4240admin@we-learn.com,Q02,11,16,Community,C39,N
Chris Hunt,Nuneaton & Bedworth,Nuneaton and Bedworth,4150,Secondary,Secondary,Alderman Smith School And Sports College,Mrs. M A Ryan,,RADNOR DRIVE,STOCKINGFORD,NUNEATON,WARWICKSHIRE,CV10 7PD,(024) 7634 1134,,(024) 7637 5459,office@aldermansmith.com,P09,11,16,Community,B31,N
Phil Robbins,Central,Warwick,3588,Primary,Primary,"All Saints C.Of E. (VA) Primary School, Leek Wootton",Mrs. Susan Patterson,,WARWICK ROAD,LEEK WOOTTON,WARWICK,WARWICKSHIRE,CV35 7QR,(01926) 400498,,(01926) 400498,admin3588@we-learn.com,C37,4,11,Voluntary Aided,D51,N
Jeanne Monkton,Nuneaton & Bedworth,Nuneaton and Bedworth,3301,Infant,Primary,All Saints C.Of E. Infant School,Mr. Mark Ingham,,BULKINGTON ROAD,,BEDWORTH,WARWICKSHIRE,CV12 9DG,(024) 7631 3387,,(024) 7631 3387,admin3301@we-learn.com,E13,4,7,Voluntary Aided,B61,N
Stephen McGlone,Central,Warwick,3154,Junior,Primary,All Saints C.Of E. Junior School,Mr. Richard Machin,,NELSON AVENUE,,WARWICK,WARWICKSHIRE,CV34 5LY,(01926) 492991,,(01926) 408116,admin3154@we-learn.com,C48,7,11,Voluntary Controlled,D33,N
Adrienne Holland,Nuneaton & Bedworth,Nuneaton and Bedworth,3101,Primary,Primary,"All Saints C.Of E. Primary School, Nuneaton",Mrs. Sally Kaminski-Gaze,,COVENTRY ROAD,,NUNEATON,WARWICKSHIRE,CV10 7AD,(024) 7638 2123,,(024) 7632 0531,admin3101@we-learn.com,E54,4,11,Voluntary Controlled,B51,N
Judith Jones,Southern,Stratford on Avon,3002,Primary,Primary,Alveston C.Of E. Primary School,Mrs. Krystyna Vickery,,KNIGHT'S LANE,TIDDINGTON,STRATFORD-UPON-AVON,WARWICKSHIRE,CV37 7BZ,(01789) 293412,,,admin3002@we-learn.com,F04,4,11,Voluntary Controlled,C15,N
Jeanne Monkton,Nuneaton & Bedworth,Nuneaton and Bedworth,2630,Infant,Primary,Arden Forest Infant School,Mrs. Sharon Harris,,WESTON LANE,BULKINGTON,NUNEATON,WARWICKSHIRE,CV12 9RT,(024) 7631 5913,,,admin2630@we-learn.com,E19,4,7,Community,B58,N
Michael Hatfield,North Warwickshire,North Warwickshire,2004,Infant,Primary,Arden Hill Infant School,Mrs. Linda Hall,31/08/2010,SOUTHLANDS,,ATHERSTONE,WARWICKSHIRE,CV9 1DZ,(01827) 713390,,(01827) 713390,admin2004@we-learn.com,E05,4,7,Community,B15,N
Chris Hunt,Nuneaton & Bedworth,Nuneaton and Bedworth,5401,Secondary,Secondary,Ash Green School and Arts College,Mr. Andrew Clay,,ASH GREEN LANE,EXHALL,COVENTRY,WEST MIDLANDS,CV7 9AH,(024) 7636 6772,(024) 7636 6797,(024) 7636 6383,head.teacher@admin.ashgreen.warwickshire.sch.uk,W02,11,16,Foundation,B74,N
Lynda Jones,Eastern,Rugby,4241,Secondary,Secondary,Ashlawn School,Mrs. Lois Reed,,ASHLAWN ROAD,,RUGBY,WARWICKSHIRE,CV22 5ET,(01788) 573425/6,,(01788) 536159,info@ashlawn.org.uk,N04,11,18,Community,A50,N
Debbie Hibberd,North Warwickshire,North Warwickshire,1000,Nursery,Nursery,Atherstone Early Years Centre,Mrs. Helen Hurst,,KINGS AVENUE,,ATHERSTONE,WARWICKSHIRE,CV9 1JZ,(01827) 713116,,,admin1000@we-learn.com,B01,2,3,Community,B12,N
Dorothy Rickarby,North Warwickshire,North Warwickshire,3007,Primary,Primary,Austrey C.Of E. Primary School,Mrs. Ann Parsons,,ST. NICHOLAS CLOSE,AUSTREY,ATHERSTONE,WARWICKSHIRE,CV9 3EQ,(01827) 830248,,,admin3007@we-learn.com,E10,4,11,Community,B2,N
Chris Hunt,Central,Warwick,4190,Secondary,Secondary,Aylesford School. A specialist Language and Music College,Mr. Steven Hall,,SHELLEY AVENUE,,WARWICK,WARWICKSHIRE,CV34 6LA,(01926) 747100,,(01926) 494194,office@aylesford-elearning.net,M16,11,18,Community,D28,N
Lorrie Cooper,Southern,Warwick,3587,Primary,Primary,Barford St. Peter's C.Of E. Primary School,Mrs. Lindsey Oscroft,,CHURCH STREET,BARFORD,WARWICK,WARWICKSHIRE,CV35 8EW,(01926) 624244,,(01926) 624109,admin3587@we-learn.com,C02,4,11,Voluntary Aided,D5,N
Susan Currie,Eastern,Rugby,2423,Infant,Primary,Bawnmore Infant School,Mrs. Debra Wade,,BAWNMORE ROAD,,RUGBY,WARWICKSHIRE,CV22 6JS,(01788) 810065,,(01788) 810065,admin2423@we-learn.com,D16,4,7,Community,A20,N
Debbie Hibberd,Nuneaton & Bedworth,Nuneaton and Bedworth,1001,Nursery,Nursery,Bedworth Early Years Centre and Nursery,Ms. Chris Harris,31/12/2009,HAZEL GROVE,,BEDWORTH,WARWICKSHIRE,CV12 9DA,(024) 7649 4171,,,admin1001@we-learn.com,B02,2,3,Community,B59,N
Debbie Hibberd,Nuneaton & Bedworth,Nuneaton and Bedworth,1002,Nursery,Nursery,Bedworth Heath Nursery School and Children's Centre,Miss. Amanda King,,GLEBE AVENUE,,BEDWORTH,WARWICKSHIRE,CV12 0DP,(024) 7636 4188,,,admin1002@we-learn.com,B03,2,3,Community,B76,N
Margaret Heard,Southern,Stratford on Avon,3011,Primary,Primary,Bidford-On-Avon C.Of E. Primary School,Mr. Andrew Simms,,BRAMLEY WAY,BIDFORD-ON-AVON,ALCESTER,WARWICKSHIRE,B50 4QG,(01789) 773201,,,admin3011@we-learn.com,F06,4,11,Voluntary Controlled,C31,N
Sue Bailey,Eastern,Rugby,3205,Junior,Primary,Bilton C.Of E. Junior School,Mr. Richard Powell,,PLANTAGENET DRIVE,,RUGBY,WARWICKSHIRE,CV22 6LB,(01788) 810675,,(01788) 522576,admin3205@we-learn.com,D17,7,11,Voluntary Controlled,A21,N
Sue Bailey,Eastern,Rugby,2420,Infant,Primary,Bilton Infant School,Mrs. Judith Brook,,MAGNET LANE,BILTON,RUGBY,WARWICKSHIRE,CV22 7NH,(01788) 811549,,(01788) 811549,admin2420@we-learn.com,D18,4,7,Community,A23,N
Pamela Hutchison,Eastern,Rugby,4238,Secondary,Secondary,Bilton School A Maths and Computing College,Mr. Paul Smith,,LAWFORD LANE,BILTON,RUGBY,WARWICKSHIRE,CV22 7JT,(01788) 840600,,(01788) 840610,office@biltonmail.com,N01,11,16,Community,A24,N
Sue Bailey,Eastern,Rugby,2626,Primary,Primary,Binley Woods Primary School,Mrs. Karen Davidson,,COOMBE DRIVE,,BINLEY WOODS,WARWICKSHIRE,CV3 2QU,(024) 7654 3754,(024) 7654 0055,(024) 76540055,admin2626@we-learn.com,D50,4,11,Community,D71,N
Dorothy Rickarby,North Warwickshire,North Warwickshire,2619,Primary,Primary,Birchwood Primary School,Mrs. Maria Vigus,,BIRCHWOOD AVENUE,DORDON,TAMWORTH,STAFFORDSHIRE,B78 1QU,(01827) 892913,,(01827) 892678,admin2619@we-learn.com,E96,4,11,Community,B6,N
Pauline Barker,Central,Stratford on Avon,2014,Primary,Primary,Bishops Itchington Primary School,Mr. Richard Hawkins,,LADBROKE ROAD,BISHOPS ITCHINGTON,SOUTHAM,WARWICKSHIRE,CV47 2RN,(01926) 612297,,,admin2014@we-learn.com,C03,4,11,Community,A8,N
Thomas Daley,Central,Warwick,3141,Primary,Primary,Bishops Tachbrook C.Of E. Primary School,Mr. Andy Brettell,,KINGSLEY ROAD,BISHOPS TACHBROOK,LEAMINGTON SPA,WARWICKSHIRE,CV33 9RY,(01926) 426020,,,admin3141@we-learn.com,C04,4,11,Voluntary Controlled,D6,N
Judith Jones,Southern,Stratford on Avon,2603,Primary,Primary,Bishopton Primary School,Mr. Lester Hunt,,DRAYTON AVENUE,,STRATFORD-UPON-AVON,WARWICKSHIRE,CV37 9PB,(01789) 205058,,(01789) 263243,admin2603@we-learn.com,F36,4,11,Community,C22,N
Sheila Dentith,Eastern,Rugby,2598,Infant,Primary,Boughton Leigh Infant School,Mr. Darren Barrow,,WETHERELL WAY,HOLLOWELL WAY,RUGBY,WARWICKSHIRE,CV21 1LT,(01788) 571679,,(01788) 571679,admin2598@we-learn.com,D21,4,7,Community,A32,N
Sheila Dentith,Eastern,Rugby,2590,Junior,Primary,Boughton Leigh Junior School,Mr. Carl Thornton,,WETHERELL WAY,HOLLOWELL WAY,RUGBY,WARWICKSHIRE,CV21 1LT,(01788) 577914,,(01788) 571922,admin2590@we-learn.com,D22,7,11,Community,A33,N
Jeanne Monkton,North Warwickshire,North Warwickshire,3215,Primary,Primary,Bournebrook C.Of E. Primary School,Ms. Carol Weller,,COVENTRY ROAD,FILLONGLEY,COVENTRY,WEST MIDLANDS,CV7 8ET,(01676) 540390,,,admin3215@we-learn.com,E22,4,11,Voluntary Controlled,B79,N
Linda Stock,Southern,Stratford on Avon,3014,Primary,Primary,Brailes C.Of E. Primary School,Mrs. Sarah Plaskitt,,LOWER BRAILES,,BANBURY,OXFORDSHIRE,OX15 5AP,(01608) 685253,,,admin3014@we-learn.com,F07,4,11,Voluntary Controlled,C7,N
Brenda Iles,Central,Warwick,2327,Infant,Primary,Briar Hill Infant School,Mrs. Gillian Makin,,COPPICE ROAD,WHITNASH,LEAMINGTON SPA,WARWICKSHIRE,CV31 2JF,(01926) 422834,,(01926) 450423,admin2327@we-learn.com,C57,4,7,Community,D8,N
Judith Jones,Southern,Stratford on Avon,2053,Primary,Primary,Bridge Town Primary School,Mr. Stephen Blackman,,BYRON ROAD,,STRATFORD-UPON-AVON,WARWICKSHIRE,CV37 7JP,(01789) 205092,,(01789) 295276,admin2053@we-learn.com,F37,4,11,Community,C14,N
Sue Briggs,Eastern,Rugby,7023,Special,Special,Brooke School,Mrs. Sheila Cowen,,OVERSLADE LANE,,RUGBY,WARWICKSHIRE,CV22 6DY,(01788) 812324,,(01788) 522866,admin7023@we-learn.com,J01,2,19,Community,A58,N
Sue Bailey,Central,Warwick,2330,Primary,Primary,Brookhurst Primary School,Miss Angela Stanton,,ULLSWATER AVENUE,,LEAMINGTON SPA,WARWICKSHIRE,CV32 6NH,(01926) 420051,,(01926) 429899,admin2330@we-learn.com,C21,4,11,Community,D37,N
Susan Currie,Eastern,Rugby,2616,Infant,Primary,Brownsover Community School,Mrs. Judith Ryan,,WEBB DRIVE,BROWNSOVER,RUGBY,WARWICKSHIRE,CV23 0UP,(01788) 547660,,,admin2616@we-learn.com,D49,4,7,Community,A35,N
William Poulton,Central,Warwick,2329,Primary,Primary,Budbrooke Primary School,Mrs. Carol Taylor,,STYLES CLOSE,HAMPTON MAGNA,WARWICK,WARWICKSHIRE,CV35 8TP,(01926) 492045,,(01926) 492045,admin2329@we-learn.com,C06,4,11,Community,D29,N
Phil Robbins,Central,Warwick,3143,Primary,Primary,Burton Green C.Of E. Primary School,Mrs. Catherine Clarke,,HOB LANE,BURTON GREEN,KENILWORTH,WARWICKSHIRE,CV8 1QB,(024) 7646 4130,,,admin3143@we-learn.com,C07,4,11,Voluntary Controlled,D63,N
Jeanne Monkton,Nuneaton & Bedworth,Nuneaton and Bedworth,2640,Primary,Primary,Camp Hill Primary School,Ms. Pamela Harbot,,HOLLY STITCHES ROAD,,NUNEATON,WARWICKSHIRE,CV10 9QA,(024) 7638 3230,,(024) 7638 3230,admin2640@we-learn.com,E88,4,11,Community,B24,N
Lesley Sullivan,Central,Warwick,4192,Secondary,Secondary,Campion School,Mr. Mark Feldman,,SYDENHAM DRIVE,,LEAMINGTON SPA,WARWICKSHIRE,CV31 1QH,(01926) 743200,,(01926) 743201,head@campion.warwickshire.sch.uk,M05,11,18,Community,D12,N
Gareth Powell,Nuneaton & Bedworth,Nuneaton and Bedworth,3315,Infant,Primary,Canon Evans C.Of E. Infant School,Mrs. Felicity Hey,,DERWENT ROAD,,BEDWORTH,WARWICKSHIRE,CV12 8RT,(024) 7631 2154,,(024) 7631 2154,admin3315@we-learn.com,E14,4,7,Voluntary Aided,B67,N
Gareth Powell,Nuneaton & Bedworth,Nuneaton and Bedworth,3302,Junior,Primary,Canon Maggs C.Of E. Junior School,Mr. Ian Potter,,DERWENT ROAD,,BEDWORTH,WARWICKSHIRE,CV12 8RT,(024) 7631 2220,,(024) 7631 2923,admin3302@we-learn.com,E15,7,11,Voluntary Aided,B68,N
Sue Bailey,Eastern,Rugby,3594,Primary,Primary,Cawston Grange Primary School,Ms. Susan McGonagle,,SCHOLARS DRIVE,CAWSTON,RUGBY,WARWICKSHIRE,CV22 7GU,(01788) 816820,,(01788) 816820,admin@cawston.warwickshire.sch.uk,D59,4,11,Community,A25,N
Adrienne Holland,Nuneaton & Bedworth,Nuneaton and Bedworth,2581,Junior,Primary,Chetwynd Junior School,Mr. Roy Garner,,CAROLINE CLOSE,GIPSY LANE,NUNEATON,WARWICKSHIRE,CV11 4SE,(024) 7634 0154,(024) 7635 4762,,admin2581@we-learn.com,E58,7,11,Community,B54,N
Michael Theobalds,Nuneaton & Bedworth,Nuneaton and Bedworth,2103,Infant,Primary,Chilvers Coton Community Infant School,Mrs. Debra Bailey,,FITTON STREET,,NUNEATON,WARWICKSHIRE,CV11 5RB,(024) 7638 7001,,(02476) 388051,admin2103@we-learn.com,E59,4,7,Community,B34,N
Thomas Daley,Central,Warwick,2312,Primary,Primary,Clapham Terrace Community Primary School,Mrs. Susan Gallagher,,CLAPHAM TERRACE,,LEAMINGTON SPA,WARWICKSHIRE,CV31 1HZ,(01926) 423404,,(01926) 430854,admin2312@we-learn.com,C23,4,11,Community,D17,N
Lynne Wilson-Leary,Southern,Stratford on Avon,2017,Primary,Primary,Claverdon Primary School,Mrs. Catharine Gover,,LANGLEY ROAD,CLAVERDON,WARWICK,WARWICKSHIRE,CV35 8QA,(01926) 842403,,,admin2017@we-learn.com,F09,4,11,Community,C53,N
Sheila Dentith,Eastern,Rugby,3177,Primary,Primary,Clifton-Upon-Dunsmore C.Of E. Primary School,Mr. David Briggs,,STATION ROAD,CLIFTON-UPON-DUNSMORE,RUGBY,WARWICKSHIRE,CV23 0BT,(01788) 542027,,(01788) 541351,admin3177@we-learn.com,D05,4,11,Voluntary Controlled,A36,N
Phil Robbins,Central,Warwick,2308,Primary,Primary,Clinton Primary School,Mr. Sam Pater,,CAESAR ROAD,,KENILWORTH,WARWICKSHIRE,CV8 1DL,(01926) 852334,,(01926) 855290,admin2308@we-learn.com,C12,4,11,Community,D54,N
Dorothy Rickarby,North Warwickshire,North Warwickshire,3586,Primary,Primary,Coleshill C.Of E. Primary School,Mr. Andrew Kershaw,,WINGFIELD ROAD,COLESHILL,BIRMINGHAM,WEST MIDLANDS,B46 3LL,(01675) 463672,,(01675) 465983,admin3586@we-learn.com,E95,4,11,Voluntary Aided,B86,N
Stephen McGlone,Central,Warwick,2623,Primary,Primary,Coten End Primary School,Mrs. Sarah Burbidge,,COTEN END,,WARWICK,WARWICKSHIRE,CV34 4NP,(01926) 491329,,(01926) 411165,admin2623@we-learn.com,C70,4,11,Community,D23,N
Lorrie Cooper,Southern,Stratford on Avon,3021,Primary,Primary,Coughton C.Of E. Primary School,Mr. Ben Crump,,COUGHTON LANE,COUGHTON,ALCESTER,WARWICKSHIRE,B49 5HN,(01789) 762444,,(01789) 762444,admin3021@we-learn.com,F10,4,11,Voluntary Controlled,C42,N
Michael Theobalds,Nuneaton & Bedworth,Nuneaton and Bedworth,2601,Junior,Primary,Croft Junior School,Mrs. Belinda Bollans,,NORTHUMBERLAND AVENUE,STOCKINGFORD,NUNEATON,WARWICKSHIRE,CV10 8ER,(024) 7638 7319,,(024) 7638 7319,admin2601@we-learn.com,E60,7,11,Community,B33,N
Dorothy Rickarby,Central,Warwick,3144,Primary,Primary,Cubbington C.Of E. Primary School,Mrs. Denise Thompson,,CHURCH HILL,CUBBINGTON,LEAMINGTON SPA,WARWICKSHIRE,CV32 7JY,(01926) 422967,,,admin3144@we-learn.com,C08,4,11,Voluntary Controlled,D48,N
Dorothy Rickarby,North Warwickshire,North Warwickshire,2502,Primary,Primary,Curdworth Primary School,Mr. Colin Ricketts,,FARTHING LANE,CURDWORTH,SUTTON COLDFIELD,WEST MIDLANDS,B76 9HF,(01675) 470379,,,admin2502@we-learn.com,E32,4,11,Community,B89,N
Dorothy Rickarby,North Warwickshire,North Warwickshire,2018,Primary,Primary,Dordon Community Primary School,Mrs. Catherine Hollis,,ROMAN WAY,DORDON,TAMWORTH,STAFFORDSHIRE,B78 1PJ,(01827) 892422,,(01827) 892422,admin2018@we-learn.com,E33,4,11,Community,B7,N
Sue Bailey,Eastern,Rugby,3391,Junior,Primary,Dunchurch Boughton C.Of E. (Voluntary Aided) Junior School,Mr. Andrew Wardle,,DEW CLOSE,DUNCHURCH,RUGBY,WARWICKSHIRE,CV22 6NE,(01788) 811028,,(01788) 813557,admin3391@we-learn.com,D07,7,11,Voluntary Aided,A18,N
Sue Bailey,Eastern,Rugby,5204,Infant,Primary,Dunchurch Infant School,Mrs. Maureen Mrowicki,,SCHOOL STREET,DUNCHURCH,RUGBY,WARWICKSHIRE,CV22 6PA,(01788) 810292,,(01788) 810919,admin5204@we-learn.com,T05,4,7,Foundation,A19,N
Alison Stringer,Southern,Stratford on Avon,5203,Primary,Primary,Dunnington C Of E Primary School,Mrs. Lynne Russell,,DUNNINGTON,,ALCESTER,WARWICKSHIRE,B49 5NT,(01789) 772200,,(01789) 778202,admin5203@we-learn.com,T04,4,11,Voluntary Aided,C33,N
Peter Rayers,Eastern,Rugby,2415,Primary,Primary,Eastlands Primary School,Mrs. Joanne Corrigan,,LANSDOWNE PLACE,,RUGBY,WARWICKSHIRE,CV21 3RY,(01788) 575328,,(01788) 536205,admin2415@we-learn.com,D23,4,11,Community,A45,N
Stephen McGlone,Central,Warwick,2332,Infant,Primary,Emscote Infant School,Mrs. Deborah Cossins,,ALL SAINTS' ROAD,,WARWICK,WARWICKSHIRE,CV34 5NH,(01926) 491433,,,admin2332@we-learn.com,C51,4,7,Community,D35,N
Peter Rayers,Eastern,Rugby,3564,Primary,Primary,English Martyrs Catholic Primary School,Mr. Stuart Hallahan,,HIGH STREET,HILLMORTON,RUGBY,WARWICKSHIRE,CV21 4EE,(01788) 543423,,(01788) 570193,office@englishmartyrs.net,D25,4,11,Voluntary Aided,A49,N
Jackie Beere,Nuneaton & Bedworth,Nuneaton and Bedworth,4004,Secondary,Secondary,Etone Technology Language Vocational College,Mr. Colin Turner,,LEICESTER ROAD,,NUNEATON,WARWICKSHIRE,CV11 6AA,(024) 7675 7300,(024) 7638 7382,(024) 7635 2320,etonecollege@aol.com,P10,11,16,Community,B44,N
Linda Stock,Southern,Stratford on Avon,3024,Primary,Primary,Ettington C.Of E. Primary School,Ms. Rosemary Edwards,,CHURCHILL CLOSE,ETTINGTON,STRATFORD-UPON-AVON,WARWICKSHIRE,CV37 7SP,(01789) 740236,,,admin3024@we-learn.com,F12,4,11,Voluntary Controlled,C9,N
Gareth Powell,Nuneaton & Bedworth,Nuneaton and Bedworth,2635,Infant,Primary,Exhall Cedars Infant School,Mrs. Sharon Hillyard,,TRENANCE ROAD,EXHALL,COVENTRY,WEST MIDLANDS,CV7 9FJ,(024) 7631 6034,,,admin2635@we-learn.com,E45,4,7,Community,B69,N
Sue Briggs,Nuneaton & Bedworth,Nuneaton and Bedworth,7000,Special,Special,Exhall Grange School and Science College,Mr. John Truman,,EASTER WAY,ASH GREEN,COVENTRY,WEST MIDLANDS,CV7 9HP,(024) 7636 4200,,(024) 7664 5055,admin7000@we-learn.com,G21,2,19,Community,B72,N
Jeanne Monkton,Nuneaton & Bedworth,Nuneaton and Bedworth,2107,Infant,Primary,Galley Common Infant School,Mrs. Deborah Brook,,PLOUGH HILL ROAD,GALLEY COMMON,NUNEATON,WARWICKSHIRE,CV10 9NZ,(024) 7639 2219,,(024) 7639 2219,admin2107@we-learn.com,E61,4,7,Community,B20,N
Michael Theobalds,Nuneaton & Bedworth,Nuneaton and Bedworth,2585,Infant,Primary,Glendale Infant School,Mrs. Stella Saje,,SKYE CLOSE,,NUNEATON,WARWICKSHIRE,CV10 7LW,(024) 7634 9672,,(024) 7634 3060,admin2585@we-learn.com,E62,4,7,Community,B32,N
Gareth Powell,Nuneaton & Bedworth,Nuneaton and Bedworth,2634,Primary,Primary,Goodyers End Primary School,Mrs. Rosemary Daniels,,BOWLING GREEN LANE,,BEDWORTH,WARWICKSHIRE,CV12 0HP,(024) 7636 4448,,(024) 7636 4198,admin2634@we-learn.com,E51,4,11,Community,B75,N
Judith Jones,Southern,Stratford on Avon,2024,Primary,Primary,Great Alne Primary School,Mrs. Lesley Hendrie,,SCHOOL ROAD,GREAT ALNE,ALCESTER,WARWICKSHIRE,B49 6HQ,(01789) 488247,,,admin2024@we-learn.com,F16,4,11,Community,C40,N
Jeanne Monkton,North Warwickshire,North Warwickshire,2002,Infant,Primary,Gun Hill Infant School,Mrs. Elizabeth Pipe,,GUN HILL,NEW ARLEY,COVENTRY,WEST MIDLANDS,CV7 8HB,(01676) 540347,,,admin2002@we-learn.com,E03,4,7,Community,B80,N
Linda Stock,Southern,Stratford on Avon,3031,Primary,Primary,Hampton Lucy C.Of E. Primary School,Mrs. Margaret Lunnon,,CHURCH STREET,HAMPTON LUCY,WARWICK,WARWICKSHIRE,CV35 8BE,(01789) 840398,,,admin3031@we-learn.com,F17,4,11,Voluntary Controlled,C1,N
Pauline Barker,Central,Stratford on Avon,3032,Primary,Primary,Harbury C.Of E. Primary School,Mr. Denis Daly,,MILL STREET,,HARBURY,WARWICKSHIRE,CV33 9HR,(01926) 612656,,(01926) 612656,admin3032@we-learn.com,C10,4,11,Voluntary Controlled,A9,N
Alan Lindsay,Eastern,Rugby,4802,Secondary,Secondary,Harris School,Mr. Stephen Dobson,,HARRIS DRIVE,OVERSLADE LANE,RUGBY,WARWICKSHIRE,CV22 6EA,(01788) 812549,,(01788) 816123,office@harris-school.co.uk,N07,11,16,Voluntary Aided,A57,N
Chris Hunt,North Warwickshire,North Warwickshire,5402,Secondary,Secondary,Hartshill School,Mr. Michael Garlick,,CHURCH ROAD,HARTSHILL,NUNEATON,WARWICKSHIRE,CV10 0NA,(024) 7639 2237,,(024) 7639 4641,admin5402@we-learn.com,W03,11,16,Foundation,B18,N
Alison Stringer,Southern,Stratford on Avon,5200,Primary,Primary,Haselor School,Mrs. Jill Norton,,HASELOR,,ALCESTER,WARWICKSHIRE,B49 6LU,(01789) 488211,,01789 488211,admin5200@we-learn.com,T01,4,11,Foundation,C41,N
Tony Salmon,Southern,Stratford on Avon,4108,Secondary,Secondary,Henley-In-Arden High School,Mr. Paul Wright,,STRATFORD ROAD,,HENLEY-IN-ARDEN,WARWICKSHIRE,B95 6AF,(01564) 792364,,(01564) 792411,admin@henleyhigh.com,Q05,11,16,Community,C49,N
Claire Robinson,Southern,Stratford on Avon,2031,Primary,Primary,Henley-In-Arden Primary School,Mrs. Lindsay Nash,,ARDEN ROAD,,HENLEY-IN-ARDEN,WARWICKSHIRE,B95 5LT,(01564) 792766,,(01564) 792766,admin2031@we-learn.com,F19,4,11,Community,C52,N
Sue Bailey,Eastern,Rugby,2424,Infant,Primary,Henry Hinde Infant School,Mrs. Diana Ward,,GRENVILLE CLOSE,BILTON,RUGBY,WARWICKSHIRE,CV22 7JQ,(01788) 814848,,(01788) 814948,admin2424@we-learn.com,D26,4,7,Community,A26,N
Sue Bailey,Eastern,Rugby,2588,Junior,Primary,Henry Hinde Junior School,Mr. Marcus Wakeley,,CORNWALLIS ROAD,BILTON,RUGBY,WARWICKSHIRE,CV22 7HN,(01788) 811392,,(01788) 812216,admin2588@we-learn.com,D27,7,11,Community,A27,N
Jeanne Monkton,North Warwickshire,North Warwickshire,2594,Junior,Primary,Herbert Fowler Junior School,Mrs. Linda Weyman,,ANSLEY LANE,ARLEY,COVENTRY,WEST MIDLANDS,CV7 8NU,(01676) 540348,,,admin2594@we-learn.com,E04,7,11,Community,B81,N
Dorothy Rickarby,North Warwickshire,North Warwickshire,2569,Infant,Primary,High Meadow Infant School,Mrs. Marilyn Farnell,,NORTON ROAD,COLESHILL,BIRMINGHAM,WEST MIDLANDS,B46 1ES,(01675) 462312,,,admin2569@we-learn.com,E29,4,7,Community,B87,N
John Vickers,Nuneaton & Bedworth,Nuneaton and Bedworth,4153,Secondary,Secondary,Higham Lane School A Business and Enterprise College,Mr. Philip Kelly,,SHANKLIN DRIVE,,NUNEATON,WARWICKSHIRE,CV10 0BJ,(024) 7638 8123,,(024) 7637 0550,admin@highamlane.warwickshire.sch.uk,P12,11,16,Community,B40,N
Peter Rayers,Eastern,Rugby,2628,Primary,Primary,Hillmorton Primary School,Mrs. Catherine Crisp,,WATTS LANE,HILLMORTON,RUGBY,WARWICKSHIRE,CV21 4PE,(01788) 544309,,(01788) 542679,admin2628@we-learn.com,D53,4,11,Community,A48,N
Dorothy Rickarby,North Warwickshire,North Warwickshire,2032,Primary,Primary,Hurley Primary School,Mr. Glyn Morgans,,HEANLEY LANE,HURLEY,ATHERSTONE,WARWICKSHIRE,CV9 2HY,(01827) 872207,,(01827) 872207,admin2032@we-learn.com,E44,4,11,Community,B93,N
Linda Stock,Southern,Stratford on Avon,3035,Primary,Primary,Ilmington C.Of E. Primary School,Mrs. Sally Naish,,BACK STREET,ILMINGTON,SHIPSTON-ON-STOUR,WARWICKSHIRE,CV36 4LJ,(01608) 682212,,(01608) 682212,jbeard@ilmington.warwickshire.sch.uk,F21,4,11,Voluntary Controlled,C12,N
Debbie Hibberd,Central,Warwick,1020,Nursery,Nursery,Kenilworth Children's Centre and Nursery School,Ms. Rachel Gillett,31/08/2010,BERTIE ROAD,,KENILWORTH,WARWICKSHIRE,CV8 1JP,(01926) 853394,,(01926) 853394,admin1020@we-learn.com,A01,2,3,Community,D55,N
Alan Lindsay,Central,Warwick,4236,Secondary,Secondary,Kenilworth School and Sports College,Mr. Hayden Abbott,,LEYES LANE,,KENILWORTH,WARWICKSHIRE,CV8 2DA,(01926) 859421,(01926) 859425,(01926) 859426,kenilworth.school@ksn.org.uk,M01,11,18,Community,D57,N
Linda Thomas,Nuneaton & Bedworth,Nuneaton and Bedworth,2613,Primary,Primary,Keresley Newland Primary School,Mr. Andrew Moorcroft,,GROVE LANE,KERESLEY END,COVENTRY,WEST MIDLANDS,CV7 8JZ,(024) 7633 2434,,(024) 7633 2434,admin2613@we-learn.com,E46,4,11,Community,B78,N
Linda Stock,Southern,Stratford on Avon,3308,Primary,Primary,Kineton C.Of E. (Voluntary Aided) Primary School,Mrs. Margaret Pollard,,KING JOHN'S ROAD,KINETON,WARWICK,WARWICKSHIRE,CV35 0HS,(01926) 640397,(01926) 642543,,admin3308@we-learn.com,F22,4,11,Voluntary Aided,A3,N
Alan Lindsay,Southern,Stratford on Avon,4110,Secondary,Secondary,"Kineton High School, A Specialist Sports College",Mrs. Julia Morris,,BANBURY ROAD,KINETON,WARWICK,WARWICKSHIRE,CV35 0JX,(01926) 640465,,(01926) 640872,admin4110@we-learn.com,Q06,11,18,Community,A4,N
Douglas Tribe,Southern,Stratford on Avon,4601,Secondary,Secondary,King Edward VI School,Mr. Timothy Moore-Bridger,,CHURCH STREET,,STRATFORD-UPON-AVON,WARWICKSHIRE,CV37 6HB,(01789) 293351,,(01789) 293564,admin4601@we-learn.com,Q11,11,18,Voluntary Aided,C16,N
Dorothy Rickarby,North Warwickshire,North Warwickshire,3596,Primary,Primary,Kingsbury Primary School,Ms. Karen Hanson,,BROMAGE AVENUE,KINGSBURY,TAMWORTH,STAFFORDSHIRE,B78 2HW,(01827) 872275,,,admin3596@we-learn.com,E40,4,11,Community,B91,N
Brian Worrall,North Warwickshire,North Warwickshire,4111,Secondary,Secondary,"Kingsbury School, a Specialist Science and Mathematics College",Mr. Simon Cotton,,TAMWORTH ROAD,KINGSBURY,TAMWORTH,STAFFORDSHIRE,B78 2LF,(01827) 872316,,(01827) 873814,admin4111@we-learn.com,P08,11,16,Community,B90,N
Brenda Iles,Central,Warwick,2638,Primary,Primary,Kingsway Community Primary School,Mr. Brendan Lee,,BAKER AVENUE,,LEAMINGTON SPA,WARWICKSHIRE,CV31 3HB,(01926) 426896,,(01926) 426896,admin2638@we-learn.com,C72,4,11,Community,D20,N
Sue Bailey,Eastern,Rugby,3590,Primary,Primary,Knightlow C.Of E. Primary School,Mrs. Jill Vavasour,,HILL CRESCENT,STRETTON-ON-DUNSMORE,RUGBY,WARWICKSHIRE,CV23 9NF,(024) 7654 3751,,(024) 7654 5801,admin3590@we-learn.com,D58,4,11,Voluntary Aided,D67,N
William Poulton,Central,Warwick,3147,Primary,Primary,Lapworth C.Of E. Primary School,Mr. Andrew Smith,,STATION LANE,LAPWORTH,SOLIHULL,WEST MIDLANDS,B94 6LT,(01564) 783225,,,admin3147@we-learn.com,C20,4,11,Voluntary Controlled,C55,N
Douglas Tribe,Eastern,Rugby,4620,Secondary,Secondary,Lawrence Sheriff School,Dr. Peter Kent,,CLIFTON ROAD,,RUGBY,WARWICKSHIRE,CV21 3AG,(01788) 542074,(01788) 573852,(01788) 567962,lss@lawrencesheriffschool.com,N08,11,18,Voluntary Aided,A41,N
Sue Bailey,Eastern,Rugby,3180,Infant,Primary,Leamington Hastings C.Of E. Infant School,Mrs. Catriona Eckland,,BIRDINGBURY ROAD,HILL,RUGBY,WARWICKSHIRE,CV23 8EA,(01926) 632359,,,admin3180@we-learn.com,D09,4,7,Voluntary Controlled,A17,N
Linda Stock,Southern,Stratford on Avon,2064,Primary,Primary,Lighthorne Heath Primary School,Mrs. Janet Paget,31/12/2009,LIGHTHORNE HEATH,,LEAMINGTON SPA,WARWICKSHIRE,CV33 9TW,(01926) 640326,,(01926) 641818,admin2064@we-learn.com,F15,4,11,Community,A2,N
Sue Bailey,Central,Warwick,2621,Primary,Primary,Lillington Nursery and Primary School,Mrs. Davinder Jandu,,CUBBINGTON ROAD,LILLINGTON,LEAMINGTON SPA,WARWICKSHIRE,CV32 7AG,(01926) 425114,,(01926) 315952,admin2621@we-learn.com,C66,4,11,Community,D46,N
Pauline Barker,Central,Stratford on Avon,3211,Primary,Primary,Long Itchington Primary School,Mrs. Phyllis King,,STOCKTON ROAD,LONG ITCHINGTON,RUGBY,WARWICKSHIRE,CV47 9QP,(01926) 814819,,(01926) 814819,admin3211@we-learn.com,C71,4,11,Voluntary Controlled,A16,N
Sheila Dentith,Eastern,Rugby,2405,Primary,Primary,Long Lawford Primary School,Mr. Robert Morrissey,,HOLBROOK ROAD,LONG LAWFORD,RUGBY,WARWICKSHIRE,CV23 9AL,(01788) 543332,,(01788) 550366,admin2405@we-learn.com,D10,4,11,Community,A29,N
Linda Stock,Southern,Stratford on Avon,3040,Primary,Primary,Loxley C.Of E. Community Primary School,Mrs. Janet Clough,31/08/2010,LOXLEY,,WARWICK,WARWICKSHIRE,CV35 9JT,(01789) 840211,,,admin3040@we-learn.com,F25,4,11,Voluntary Controlled,C10,N
Lesley Sullivan,Nuneaton & Bedworth,Nuneaton and Bedworth,4154,Secondary,Secondary,Manor Park Community School and Specialist Arts College,Ms. Patsy Weighill,,BEAUMONT ROAD,,NUNEATON,WARWICKSHIRE,CV11 5HJ,(024) 7637 4099,,(024) 7635 1094,manorparkschool@mail.webxchange.co.uk,P14,11,16,Community,B37,N
Lorrie Cooper,Southern,Stratford on Avon,3041,Primary,Primary,Mappleborough Green C.Of E. Primary School,Mrs. Erica Hayton,,HENLEY ROAD,MAPPLEBOROUGH GREEN,STUDLEY,WARWICKSHIRE,B80 7DR,(01527) 852240,,,admin3041@we-learn.com,F26,4,11,Voluntary Controlled,C47,N
Jeanne Monkton,North Warwickshire,North Warwickshire,2028,Junior,Primary,Michael Drayton Junior School,Mr. John Buxton,,THE WOODLANDS,HARTSHILL,NUNEATON,WARWICKSHIRE,CV10 0SZ,(024) 7639 2272,,(024) 7639 2281,admin@mdjs.co.uk,E42,7,11,Community,B17,N
Adrienne Holland,Nuneaton & Bedworth,Nuneaton and Bedworth,5202,Junior,Primary,Middlemarch School,Mrs. Angela Cole,,COLLEGE STREET,,NUNEATON,WARWICKSHIRE,CV10 7BQ,(024) 7632 8009,,(024) 7632 6239,admin5202@we-learn.com,T03,7,11,Foundation,B52,N
Declan McCauley,Nuneaton & Bedworth,Nuneaton and Bedworth,2631,Primary,Primary,Milby Primary School,Mrs. Melanie Aley,,MILBY DRIVE,,NUNEATON,WARWICKSHIRE,CV11 6JS,(024) 7638 2587,,(024) 7635 0012,admin2631@we-learn.com,E99,4,11,Community,B41,N
Pauline Barker,Central,Warwick,2606,Primary,Primary,Milverton Primary School,Mr. Benjamin Wilde,,GREATHEED ROAD,,LEAMINGTON SPA,WARWICKSHIRE,CV32 6ES,(01926) 424043,,,admin2606@we-learn.com,C26,4,11,Community,D38,N
Linda Stock,Southern,Stratford on Avon,5205,Primary,Primary,Moreton Morrell C Of E Primary School,Mrs. Kelly Ford,,MORETON MORRELL,,WARWICK,WARWICKSHIRE,CV35 9AN,(01926) 651355,,(01926) 651966,admin5205@we-learn.com,T06,4,11,Foundation,A1,N
John Vickers,Central,Warwick,5403,Secondary,Secondary,Myton School A Specialist Science College and Training School,Mr. Paul MacIntyre,,MYTON ROAD,,WARWICK,WARWICKSHIRE,CV34 6PJ,(01926) 493805/6,,(01926) 490380,head@myton.co.uk,W04,11,18,Foundation,D22,N
Jeanne Monkton,North Warwickshire,North Warwickshire,2029,Infant,Primary,Nathaniel Newton Infant School,Mrs. Pamela Griffin,,VICTORIA ROAD,CHAPEL END,NUNEATON,WARWICKSHIRE,CV10 0LS,(024) 7639 2236,,(024) 7639 7073,admin2029@we-learn.com,E43,4,7,Community,B19,N
Linda Stock,Southern,Stratford on Avon,3214,Primary,Primary,Newbold And Tredington C.Of E. Primary School,Mr. Neil Satoor,,MANOR FARM ROAD,TREDINGTON,SHIPSTON-ON-STOUR,WARWICKSHIRE,CV36 4NZ,(01608) 661568,,,admin3214@we-learn.com,F62,4,11,Voluntary Controlled,C8,N
Sheila Dentith ,Eastern,Rugby,2627,Primary,Primary,Newbold Riverside Primary School,Miss Philippa Boulding,,NEWBOLD ROAD,,RUGBY,WARWICKSHIRE,CV21 1EH,(01788) 544096,,(01788) 576470,admin2627@we-learn.com,D55,4,11,Community,A30,N
William Poulton,Central,Warwick,2325,Primary,Primary,Newburgh Primary School,Mr. Edward May,,KIPLING AVENUE,,WARWICK,WARWICKSHIRE,CV34 6LD,(01926) 775453,,(01926) 775438,admin2325@we-learn.com,C52,4,11,Community,D27,N
Gareth Powell,Nuneaton & Bedworth,Nuneaton and Bedworth,2633,Primary,Primary,Newdigate Primary School and Nursery,Mrs. Christine Adams,,ANDERTON ROAD,,BEDWORTH,WARWICKSHIRE,CV12 0HA,(024) 7636 1662,,(024) 7636 3796,admin2633@we-learn.com,E01,3,11,Community,B77,N
Dorothy Rickarby,North Warwickshire,North Warwickshire,3047,Primary,Primary,Newton Regis C.Of E. Primary School,Mrs. Maureen Wraight,,AUSTREY LANE,NEWTON REGIS,TAMWORTH,STAFFORDSHIRE,B79 0NL,(01827) 830220,,(01827) 830937,admin3047@we-learn.com,E52,4,11,Voluntary Controlled,B1,N
John Vickers,Nuneaton & Bedworth,Nuneaton and Bedworth,4103,Secondary,Secondary,Nicholas Chamberlaine Technology College,Mr. Nicholas Smallman,,BULKINGTON ROAD,,BEDWORTH,WARWICKSHIRE,CV12 9EA,(024) 7631 2308,,(024) 7664 3183,enquiries@nctc-online.co.uk,P03,11,18,Community,B60,N
Tony Salmon,Central,Warwick,4237,Secondary,Secondary,North Leamington School,Mr. David Hazeldine,,SANDY LANE,BLACKDOWN,LEAMINGTON SPA,WARWICKSHIRE,CV32 6RD,(01926) 338711,(01926)  338716,(01926) 429818,nls@we-learn.com,M06,11,18,Community,D44,N
Susan Currie,Eastern,Rugby,2417,Primary,Primary,Northlands Primary School,Mrs. Louise Symons,,PINDER'S LANE,,RUGBY,WARWICKSHIRE,CV21 2SS,(01788) 542440,,(01788) 542440,admin2417@we-learn.com,D35,4,11,Community,A40,N
Jeanne Monkton,North Warwickshire,North Warwickshire,2001,Primary,Primary,Nursery Hill Primary School,Miss. Rebecca Pebody,,ANSLEY COMMON,,NUNEATON,WARWICKSHIRE,CV10 0PY,(024) 7639 2318,,,admin2001@we-learn.com,E02,4,11,Community,B21,N
Kevin Griffiths,Nuneaton & Bedworth,Nuneaton and Bedworth,7002,Special,Special,Oak Wood Primary School,Mrs. Rose Marie Scott,,MORRIS DRIVE,,NUNEATON,WARWICKSHIRE,CV11 4QH,(024) 76740907,,(024) 76740921,admin7002@we-learn.com,K21,2,11,Community,B49,N
Kevin Griffiths,Nuneaton & Bedworth,Nuneaton and Bedworth,7046,Special,Special,Oak Wood Secondary School,Mrs. Rose Marie Scott,,MORRIS DRIVE,,NUNEATON,WARWICKSHIRE,CV11 4QH,(024) 76740901,,(024) 76740915,admin7046@we-learn.com,K22,11,16,Community,B49,N
Michael Hatfield,North Warwickshire,North Warwickshire,2577,Junior,Primary,Oakfield Junior School,Mrs. Mary Hoverd,,SOUTHLANDS,,ATHERSTONE,WARWICKSHIRE,CV9 1EH,(01827) 712372,,(01827) 712372,admin2577@we-learn.com,E08,7,11,Community,B14,N
Susan Currie,Eastern,Rugby,2419,Primary,Primary,Oakfield Primary School,Mrs. Heather Fielding,,OAKFIELD ROAD,,RUGBY,WARWICKSHIRE,CV22 6AU,(01788) 565021,,(01788) 571231,head2419@we-learn.com,D44,4,11,Community,A60,N
Dorothy Rickarby,Central,Warwick,3546,Primary,Primary,Our Lady & St. Teresa's Catholic Primary School,Ms. Michaela Fallon,,WINDMILL HILL,CUBBINGTON,LEAMINGTON SPA,WARWICKSHIRE,CV32 7LN,(01926) 424420,,,admin3546@we-learn.com,C09,4,11,Voluntary Aided,D47,N
Michael Theobalds,Nuneaton & Bedworth,Nuneaton and Bedworth,3520,Infant,Primary,Our Lady Of The Angels Catholic Infant School,Mrs. Caroline Pearson,,RIVERSLEY PARK,COTON ROAD,NUNEATON,WARWICKSHIRE,CV11 5TY,(024) 7632 6080,,,admin3520@we-learn.com,E67,4,7,Voluntary Aided,B46,N
Sue Bailey,Southern,Stratford on Avon,3500,Primary,Primary,"Our Lady's Catholic Primary School, Alcester",Mrs. Sylvia Collins,,ST. FAITH'S ROAD,,ALCESTER,WARWICKSHIRE,B49 6AG,(01789) 762555,,,head3500@we-learn.com,F02,4,11,Voluntary Aided,C35,N
Alison Stringer,Eastern,Rugby,3561,Primary,Primary,"Our Lady's Catholic Primary School, Princethorpe",Mrs. Margaret Patrick,,LEAMINGTON ROAD,PRINCETHORPE,RUGBY,WARWICKSHIRE,CV23 9PU,(01926) 632385,,(01926) 634390,admin3561@we-learn.com,D13,4,11,Voluntary Aided,D66,N
Peter Rayers,Eastern,Rugby,2625,Primary,Primary,Paddox Primary School,Miss Brenda Oakes,,FAREHAM AVENUE,,RUGBY,WARWICKSHIRE,CV22 5HS,(01788) 572340,,(01788) 541659,admin2625@we-learn.com,D54,4,11,Community,A51,N
Phil Robbins,Central,Warwick,2309,Junior,Primary,Park Hill Junior School,Mr. Paul Milner,,PARKFIELD DRIVE,,KENILWORTH,WARWICKSHIRE,CV8 2JJ,(01926) 855974,,,park.hill@ksn.org.uk,C13,7,11,Community,D58,N
Michael Theobalds,Nuneaton & Bedworth,Nuneaton and Bedworth,2636,Primary,Primary,Park Lane Primary School,Mrs. Jennifer Fews,,PARK LANE,,NUNEATON,WARWICKSHIRE,CV10 8NL,(024) 7638 2924,,,admin2636@we-learn.com,E41,4,11,Community,B27,N
Phil Robbins,Central,Warwick,2605,Primary,Primary,Priors Field Primary School,Ms. Margot Brown,,CLINTON LANE,,KENILWORTH,WARWICKSHIRE,CV8 1BA,(01926) 853015,,,admin2605@we-learn.com,C14,4,11,Community,D62,N
Sue Baliey,Eastern,Rugby,3212,Primary,Primary,Provost Williams C.Of E. Primary School,Mrs. Moira Holroyd,,SODENS AVENUE,RYTON-ON-DUNSMORE,COVENTRY,WEST MIDLANDS,CV8 3FF,(024) 7630 2166,,(024) 7630 1660,admin3212@we-learn.com,D57,4,11,Voluntary Controlled,D65,N
Chris Hunt,North Warwickshire,North Warwickshire,5404,Secondary,Secondary,Queen Elizabeth School and Sports College,Mr. Anthony Wilmot,,WITHERLEY ROAD,,ATHERSTONE,WARWICKSHIRE,CV9 1LZ,(01827) 712477,,(01827) 715253,qesahead@aol.com,W05,11,16,Foundation,B13,N
Michael Theobalds,Nuneaton & Bedworth,Nuneaton and Bedworth,3200,Junior,Primary,Queen's C.Of E. Junior School,Miss. Manjit Kaur,,BENTLEY ROAD,,NUNEATON,WARWICKSHIRE,CV11 5LR,(024) 7638 2906,,,admin3200@we-learn.com,E68,7,11,Voluntary Controlled,B36,N
Linda Stock,Southern,Stratford on Avon,2043,Primary,Primary,Quinton Primary School,Ms. Deborah Townsend,31/08/2010,LOWER QUINTON,,STRATFORD-UPON-AVON,WARWICKSHIRE,CV37 8SA,(01789) 720317,,,admin2043@we-learn.com,F30,4,11,Community,C13,N
Jeanne Monkton,Nuneaton & Bedworth,Nuneaton and Bedworth,2614,Infant,Primary,Race Leys Infant School,Mrs. Jacqueline McKee,,HURST ROAD,,BEDWORTH,WARWICKSHIRE,CV12 8AD,(024) 7631 2221,(024) 7649 4199,,admin2614@we-learn.com,E91,4,7,Community,B65,N
Jeanne Monkton,Nuneaton & Bedworth,Nuneaton and Bedworth,2615,Junior,Primary,Race Leys Junior School,Mrs. Patricia Wheatley,,BARTON ROAD,,BEDWORTH,WARWICKSHIRE,CV12 8HG,(024) 7649 0644,,(024) 7631 0749,schooloffice@raceleys-jun.warwickshire.sch.uk,E92,7,11,Community,B66,N
Michael Hatfield,North Warwickshire,North Warwickshire,2617,Primary,Primary,Racemeadow Primary School,Mrs. June Butcher,,RATCLIFFE ROAD,,ATHERSTONE,WARWICKSHIRE,CV9 1LT,(01827) 713284,,,admin2617@we-learn.com,E93,4,11,Community,B11,N
Thomas Daley,Central,Warwick,3152,Primary,Primary,Radford Semele C.Of E. Primary School,Mr. Paul Wyllie,,SCHOOL LANE,RADFORD SEMELE,LEAMINGTON SPA,WARWICKSHIRE,CV31 1TQ,(01926) 426940,,(01926) 426940,admin3152@we-learn.com,C42,4,11,Voluntary Controlled,D14,N
Kevin Griffiths,Central,Warwick,7028,Special,Special,Ridgeway School,Mrs. Patricia Flynn,,MONTAGUE ROAD,,WARWICK,WARWICKSHIRE,CV34 5LW,(01926) 491987,,(01926) 836959,admin7028@we-learn.com,H02,2,11,Community,D34,N
Pat Flynn,Southern,Stratford on Avon,7001,Special,Special,River House School,Mr. Michael Turner,,STRATFORD ROAD,,HENLEY-IN-ARDEN,WARWICKSHIRE,B95 6AD,(01564) 792514,,(01564) 792179,admin7001@we-learn.com,G31,11,16,Community,C50,N
Susan Currie,Eastern,Rugby,3597,Primary,Primary,Rokeby Primary School,Mrs. Alison Stringer,,ANDERSON AVENUE,,RUGBY,WARWICKSHIRE,CV22 5PE,(01788) 814399,,(01788) 814303,admin3597@we-learn.com,D38,4,11,Community,A55,N
Kevin Griffths,Central,Warwick,7030,Special,Special,"Round Oak School, Support Service and Sports College",Ms. Puffin Pocock,,BRITTAIN LANE,,WARWICK,WARWICKSHIRE,CV34 6DX,(01926) 423311,,(01926) 887371,admin7030@we-learn.com,H15,11,19,Community,D22B,N
Douglas Tribe,Eastern,Rugby,5406,Secondary,Secondary,Rugby High School,Ms. Charlotte Marten,,LONGROOD ROAD,BILTON,RUGBY,WARWICKSHIRE,CV22 7RE,(01788) 810518,,(01788) 811794,heininks@rugbyhighschool.co.uk,W06,11,18,Foundation,A22,N
Judith Jones,Southern,Stratford on Avon,3056,Primary,Primary,Salford Priors C.Of E. Primary School,Mrs. Janet Satchwell,,SCHOOL ROAD,SALFORD PRIORS,EVESHAM,WORCESTERSHIRE,WR11 8XD,(01789) 772497,,,admin3056@we-learn.com,F31,4,11,Voluntary Controlled,C32,N
John Vickers,Southern,Stratford on Avon,4113,Secondary,Secondary,"Shipston High School, a Specialist Technology College",Mr. Jonathan Baker,,DARLINGSCOTE ROAD,,SHIPSTON-ON-STOUR,WARWICKSHIRE,CV36 4DY,(01608) 661833,,(01608) 663459,info@shipstonhigh.co.uk,Q07,11,16,Community,C5,N
Linda Stock,Southern,Stratford on Avon,5206,Primary,Primary,Shipston Primary School,Mr. Christian Hilton,,STATION ROAD,,SHIPSTON-ON-STOUR,WARWICKSHIRE,CV36 4BT,(01608) 661266,,(01608) 662780,primary@shipston.warwickshire.sch.uk,T07,4,11,Foundation,C6,N
Paula Protherough,Southern,Stratford on Avon,3057,Primary,Primary,Shottery St. Andrew's C.Of E. Primary School,Mrs. Sarah Marshall,,HATHAWAY LANE,SHOTTERY,STRATFORD-UPON-AVON,WARWICKSHIRE,CV37 9BL,(01789) 551508,,(01789) 551509,admin3057@we-learn.com,F33,4,11,Voluntary Controlled,C28,N
Thomas Daley,Central,Warwick,2637,Primary,Primary,Shrubland Street Community Primary School,Mr. David Farrar,,SHRUBLAND STREET,,LEAMINGTON SPA,WARWICKSHIRE,CV31 2AR,(01926) 426976,,(01926) 338756,admin2637@we-learn.com,C27,4,11,Community,D18,N
Michael Hatfield,North Warwickshire,North Warwickshire,3207,Primary,Primary,Shustoke C.Of E. Primary School,Miss Michele Wall,,FORGE ROAD,SHUSTOKE,COLESHILL,BIRMINGHAM,B46 2AU,(01675) 481319,,,admin3207@we-learn.com,E85,4,11,Voluntary Controlled,B82,N
Judith Jones,Southern,Stratford on Avon,2046,Primary,Primary,Snitterfield Primary School,Mrs. Susan Ogden,,SCHOOL ROAD,SNITTERFIELD,STRATFORD-UPON-AVON,WARWICKSHIRE,CV37 0JL,(01789) 731301,,,admin2046@we-learn.com,F34,4,11,Community,D4,N
Jackie Beere,Central,Stratford on Avon,4114,Secondary,Secondary,Southam College,Mr. Ranjit Samra,,WELSH ROAD WEST,,SOUTHAM,WARWICKSHIRE,CV47 0JW,(01926) 812560,,(01926) 815807,southamcollege@aol.com,M15,11,18,Community,A10,N
Pauline Barker,Central,Stratford on Avon,2624,Primary,Primary,Southam Primary School,Ms. Emma Longworth,,ST. JAMES ROAD,,SOUTHAM,WARWICKSHIRE,CV47 0QB,(01926) 812520,,(01926) 810733,admin2624@we-learn.com,C69,4,11,Community,A11,N
Pauline Barker,Central,Stratford on Avon,3585,Primary,Primary,Southam St. James (Voluntary Aided) C. Of E. Primary School,Mrs. Hilary Wankling,,TOLL GATE ROAD,,SOUTHAM,WARWICKSHIRE,CV47 1EE,(01926) 812127,,(01926) 815438,admin3585@we-learn.com,C45,4,11,Voluntary Aided,A12,N
Susan Currie,Eastern,Rugby,3591,Primary,Primary,St. Andrew's Benn C.Of E. (Voluntary Aided) Primary School,Mrs. Nicola Jones,,CHESTER STREET,,RUGBY,WARWICKSHIRE,CV21 3NX,(01788) 574697,,(01788) 574697,admin3591@we-learn.com,D56,4,11,Voluntary Aided,A37,N
Jeanne Monkton,Nuneaton & Bedworth,Nuneaton and Bedworth,3583,Primary,Primary,St. Anne's Catholic Primary School,Mrs. Mary Bourne,,CAMP HILL DRIVE,,NUNEATON,WARWICKSHIRE,CV10 0JX,(024) 7639 2877,,(024) 7639 2877,admin3583@we-learn.com,E70,4,11,Voluntary Aided,B22,N
Thomas Daley,Central,Warwick,3544,Primary,Primary,St. Anthony's Catholic Primary School,Ms. Jane McSharry,,SYDENHAM DRIVE,,LEAMINGTON SPA,WARWICKSHIRE,CV31 1NJ,(01926) 428800,,,admin3544@we-learn.com,C28,4,11,Voluntary Aided,D16,N
Phil Robbins,Central,Warwick,3541,Primary,Primary,St. Augustine's Catholic Primary School,Mrs. Angela Scull,,HOLLIS LANE,,KENILWORTH,WARWICKSHIRE,CV8 2JY,(01926) 852943,,(01926) 857073,admin3541@we-learn.com,C15,4,11,Voluntary Aided,D61,N
Tony Salmon,Southern,Stratford on Avon,4730,Secondary,Secondary,St. Benedict's Catholic High School,Mr. Timothy Sara,,KINWARTON ROAD,,ALCESTER,WARWICKSHIRE,B49 6PX,(01789) 762888,,(01789) 400192,admin@st-benedicts.org,Q03,11,16,Voluntary Aided,C38,N
Michael Hatfield,North Warwickshire,North Warwickshire,3501,Primary,Primary,St. Benedict's Catholic Primary School,Mr. Martin Hammond,,CHURCH WALK,,ATHERSTONE,WARWICKSHIRE,CV9 1PS,(01827) 712320,,(01827) 714078,admin3501@we-learn.com,E09,4,11,Voluntary Aided,B16,N
Dorothy Rickarby,North Warwickshire,North Warwickshire,3503,Primary,Primary,St. Edward's Catholic Primary School,Mrs. Moira Davidson,,PACKINGTON LANE,COLESHILL,BIRMINGHAM,WEST MIDLANDS,B46 3EJ,(01675) 463249,,(01675) 463249,admin3503@we-learn.com,E30,4,11,Voluntary Aided,B84,N
Jeanne Monkton,Nuneaton & Bedworth,Nuneaton and Bedworth,3502,Primary,Primary,St. Francis Catholic Primary School,Mrs. Debbie Huxtable,,RYE PIECE RINGWAY,,BEDWORTH,WARWICKSHIRE,CV12 8JN,(024) 7631 5279,,(024) 7631 3021,admin3502@we-learn.com,E23,4,11,Voluntary Aided,B64,N
Gareth Powell,Nuneaton & Bedworth,Nuneaton and Bedworth,2571,Junior,Primary,St. Giles Junior School,Mrs. Anne Perry,,HAYES LANE,EXHALL,COVENTRY,WEST MIDLANDS,CV7 9NS,(024) 7631 3375,,(024) 7673 1041,admin2571@we-learn.com,E36,7,11,Community,B70,N
Paula Protherough,Southern,Stratford on Avon,3506,Primary,Primary,St. Gregory's Catholic Primary School,Mr. Michael Caveney,,AVENUE ROAD,,STRATFORD-UPON-AVON,WARWICKSHIRE,CV37 6UZ,(01789) 204517,,,admin3506@we-learn.com,F40,4,11,Voluntary Aided,C18,N
Jeanne Monkton,Nuneaton & Bedworth,Nuneaton and Bedworth,3015,Junior,Primary,St. James C.Of E. Junior School,Mr. Paul Ison,,BARBRIDGE ROAD,BULKINGTON,NUNEATON,WARWICKSHIRE,CV12 9PF,(024) 7631 3227,,(024) 7631 2982,admin3015@we-learn.com,E25,7,11,Voluntary Controlled,B57,N
Phil Robbins,Central,Warwick,2620,Primary,Primary,"St. John's Primary School, Nursery and Children's Centre",Mrs. Janet Hamilton,,MORTIMER ROAD,,KENILWORTH,WARWICKSHIRE,CV8 1FS,(01926) 854450,(01926) 851981,,admin2620@we-learn.com,C65,4,11,Community,D52,N
Michael Theobalds,Nuneaton & Bedworth,Nuneaton and Bedworth,3584,Junior,Primary,St. Joseph's Catholic Junior School,Mr. Richard Phillips,,RIVERSLEY PARK,COTON ROAD,NUNEATON,WARWICKSHIRE,CV11 5TY,(024) 7638 3807,,,admin3584@we-learn.com,E71,7,11,Voluntary Aided,B47,N
Brenda Iles,Central,Warwick,3547,Primary,Primary,St. Joseph's Catholic Primary School,Mr. James Goggin,,ROWLEY ROAD,WHITNASH,LEAMINGTON SPA,WARWICKSHIRE,CV31 2LJ,(01926) 427552,,,admin3547@we-learn.com,C59,4,11,Voluntary Aided,D7,N
Pauline Barker,Central,Stratford on Avon,3589,Primary,Primary,St. Lawrence C.Of E. (Voluntary Aided) Primary School,Mr. John Bouverie-Brine,,DOG LANE,NAPTON,SOUTHAM,WARWICKSHIRE,CV47 8LU,(01926) 812447,,(01926) 812356,admin3589@we-learn.com,C68,4,11,Voluntary Aided,A14,N
Brenda Iles,Central,Warwick,3157,Junior,Primary,St. Margaret's C.Of E. Junior School,Mr. Alan Jones,,COPPICE ROAD,WHITNASH,LEAMINGTON SPA,WARWICKSHIRE,CV31 2JF,(01926) 426216,,(01926) 450649,admin3157@we-learn.com,C60,7,11,Community,D9,N
Peter Rayers,Eastern,Rugby,3563,Infant,Primary,St. Marie's Catholic Infant School,Mrs. Teresa Edwards,,DUNCHURCH ROAD,,RUGBY,WARWICKSHIRE,CV22 6AQ,(01788) 542203,,(01788) 542203,admin3563@we-learn.com,D41,4,7,Voluntary Aided,A53,N
Peter Rayers,Eastern,Rugby,3562,Junior,Primary,St. Marie's Catholic Junior School,Mr. Rodney Floyd,,MERTTENS DRIVE,,RUGBY,WARWICKSHIRE,CV22 7AF,(01788) 543636,,(01788) 543636,admin3562@we-learn.com,D42,7,11,Voluntary Aided,A61,N
William Poulton,Central,Warwick,3545,Primary,Primary,St. Mary Immaculate Catholic Primary School,Mr. Robert Gargan,,WATHEN ROAD,,WARWICK,WARWICKSHIRE,CV34 5BG,(01926) 493959,(07714) 091130,(01926) 410592,admin3545@we-learn.com,C53,4,11,Voluntary Aided,D30,N
Claire Robinson,Southern,Stratford on Avon,3508,Primary,Primary,"St. Mary's Catholic Primary School, Henley in Arden",Mrs. Elizabeth Taylor,,ARDEN ROAD,,HENLEY-IN-ARDEN,WARWICKSHIRE,B95 5LT,(01564) 792316,,,admin3508@we-learn.com,F20,4,11,Voluntary Aided,C51,N
Pauline Barker,Central,Stratford on Avon,3505,Primary,Primary,"St. Mary's Catholic Primary School, Southam",Mr. Mitchell Jones,,DAVENTRY ROAD,,SOUTHAM,WARWICKSHIRE,CV47 1PS,(01926) 812512,,(01926) 812521,admin3505@we-learn.com,C46,4,11,Voluntary Aided,A13,N
Martin Lester,Southern,Stratford on Avon,3507,Primary,Primary,"St. Mary's Catholic Primary School, Studley",Mrs. Mary Johnson,,POOL ROAD,,STUDLEY,WARWICKSHIRE,B80 7QU,(01527) 852140,,(01527) 853807,admin3507@we-learn.com,F44,4,11,Voluntary Aided,C44,N
Peter Rayers,Eastern,Rugby,3213,Primary,Primary,St. Matthew's Bloxam C.Of E. Primary School,Mrs Suki Owers,,WEBB ELLIS ROAD,,RUGBY,WARWICKSHIRE,CV22 7AU,(01788) 542610,,(01788) 540461,admin3213@we-learn.com,D52,4,11,Voluntary Controlled,A59,N
Jeanne Monkton,Nuneaton & Bedworth,Nuneaton and Bedworth,2641,Primary,Primary,St. Michael's C.Of E. Primary School,Mrs. Rosemary Bird,,HAZEL GROVE,,BEDWORTH,WARWICKSHIRE,CV12 9DA,(024) 7631 3204,,(024) 7664 3193,admin2641@we-learn.com,E27,4,11,Voluntary Aided,B63,N
Margaret Heard,Southern,Stratford on Avon,3595,Primary,Primary,"St. Nicholas' C. Of E. Primary School, Alcester",Mrs. Sally Staley,,ST. FAITH'S ROAD,,ALCESTER,WARWICKSHIRE,B49 6AG,(01789) 762578,,(01789) 400503,admin3595@we-learn.com,F65,4,11,Community,C36,N
Phil Robbins,Central,Warwick,3146,Primary,Primary,"St. Nicholas C.Of E. Primary School, Kenilworth",Mrs. Louise Mohacsi,,THE BLUNDELLS,,KENILWORTH,WARWICKSHIRE,CV8 2PE,(01926) 853257,,,admin3146@we-learn.com,C18,4,11,Community,D60,N
Declan McCauley,Nuneaton & Bedworth,Nuneaton and Bedworth,3592,Primary,Primary,St. Nicolas C.Of E. (Voluntary Aided) Primary School,Mr. Christopher Edwards,,WINDERMERE AVENUE,,NUNEATON,WARWICKSHIRE,CV11 6HJ,(024) 7638 2583,,,admin3592@we-learn.com,E72,4,11,Voluntary Aided,B42,N
Peter Rayers,Eastern,Rugby,3206,Primary,Primary,St. Oswald's C.Of E. Primary School,Mr. Stephen Winter,,ADDISON ROAD,,RUGBY,WARWICKSHIRE,CV22 7DJ,(01788) 543882,,,admin3206@we-learn.com,D31,4,11,Voluntary Controlled,A28,N
Brenda Iles,Central,Warwick,3543,Primary,Primary,St. Patrick's Catholic Primary School,Ms. Karen Ferguson,,CASHMORE AVENUE,,LEAMINGTON SPA,WARWICKSHIRE,CV31 3EU,(01926) 425958,,,admin3543@we-learn.com,C30,4,11,Voluntary Aided,D19,N
Brenda Iles,Central,Warwick,3371,Primary,Primary,"St. Paul's C.Of E. Primary School, Leamington Spa",Mr. Peter Farrell,,UPPER HOLLY WALK,,LEAMINGTON SPA,WARWICKSHIRE,CV32 4JZ,(01926) 425361,,,admin3371@we-learn.com,C31,4,11,Voluntary Aided,D41,N
Micheal Theobalds,Nuneaton & Bedworth,Nuneaton and Bedworth,3106,Primary,Primary,"St. Paul's C.Of E. Primary School, Nuneaton",Mr. Christopher Plant,,WICLIF WAY,STOCKINGFORD,NUNEATON,WARWICKSHIRE,CV10 8NH,(024) 7638 3323,,,admin3106@we-learn.com,E75,4,11,Voluntary Controlled,B26,N
Brenda Iles,Central,Warwick,3542,Primary,Primary,St. Peter's Catholic Primary School,Mrs. Maria Murphy,,AUGUSTA PLACE,,LEAMINGTON SPA,WARWICKSHIRE,CV32 5EL,(01926) 427497,,,admin3542@we-learn.com,C32,4,11,Voluntary Aided,D40,N
Jackie Beere,Nuneaton & Bedworth,Nuneaton and Bedworth,4803,Secondary,Secondary,St. Thomas More Catholic School and Technology College,Mr. Martin Moore,,GREENMOOR ROAD,,NUNEATON,WARWICKSHIRE,CV10 7EX,(024) 7664 2400,,(024) 7632 1919,saintthomasmore@hotmail.co.uk,P15,11,16,Voluntary Aided,B35,N
Debbie Hibberd,Nuneaton & Bedworth,Nuneaton and Bedworth,1041,Nursery,Nursery,Stockingford Early Years Centre,Mrs. Ann Clay,,ST. PAUL'S ROAD,STOCKINGFORD,NUNEATON,WARWICKSHIRE,CV10 8HW,(024) 7638 3708,,(024) 7638 3708,admin1041@we-learn.com,B05,2,3,Community,B28,N
Michael Theobalds,Nuneaton & Bedworth,Nuneaton and Bedworth,2121,Infant,Primary,Stockingford Infant School,Mrs. Gwyneth Evans,,CROSS STREET,,NUNEATON,WARWICKSHIRE,CV10 8JH,(024) 7638 2277,,(024) 7632 6185,admin2121@we-learn.com,E73,4,7,Community,B29,N
Michael Theobalds,Nuneaton & Bedworth,Nuneaton and Bedworth,2120,Junior,Primary,Stockingford Junior School,Mr. Kevin Smart,,GROVE ROAD,STOCKINGFORD,NUNEATON,WARWICKSHIRE,CV10 8JY,(024) 7638 2167,,(024) 7664 2310,admin2120@we-learn.com,E74,7,11,Community,B30,N
Pauline Barker,Central,Stratford on Avon,2049,Primary,Primary,Stockton Primary School,Mrs. Lucie Buran,,SCHOOL STREET,STOCKTON,RUGBY,WARWICKSHIRE,CV47 8JE,(01926) 812483,,(01926) 812483,admin2049@we-learn.com,C47,4,11,Community,A15,N
Tony Salmon,Southern,Stratford on Avon,4002,Secondary,Secondary,Stratford-upon-Avon Grammar School for Girls A Specialist College for Language and Science,Ms. Kathryn Barnett,,SHOTTERY MANOR,SHOTTERY,STRATFORD-UPON-AVON,WARWICKSHIRE,CV37 9HA,(01789) 293759,,(01789) 264572,admin4002@we-learn.com,Q08,11,18,Community,C27,N
Lesley Sullivan,Southern,Stratford on Avon,4124,Secondary,Secondary,"Stratford-upon-Avon High School, A Maths and Computing Specialist College",Mr. David Williams,,ALCESTER ROAD,,STRATFORD-UPON-AVON,WARWICKSHIRE,CV37 9DH,(01789) 268051,,(01789) 261919,staff@stratfordhigh.org.uk,Q09,11,18,Community,C25,N
Paula Protherough,Southern,Stratford on Avon,2050,Primary,Primary,Stratford-upon-Avon Primary School,Mrs. Pamela Vaughan,,BROAD STREET,,STRATFORD-UPON-AVON,WARWICKSHIRE,CV37 6HN,(01789) 293201,,(01789) 262493,admin2050@we-learn.com,F39,4,11,Community,C17,N
Martin Lester,Southern,Stratford on Avon,5408,Secondary,Secondary,"Studley High School, Humanities and Music College",Mrs. Elaine Young,,CROOKS LANE,,STUDLEY,WARWICKSHIRE,B80 7QX,(01527) 852478,,(01527) 854469,office@studleyhighschool.org.uk,W08,11,16,Foundation,C45,N
Tony Salmon,Southern,Stratford on Avon,2055,Infant,Primary,Studley Infant School,Mrs. Deborah Price,,HIGH STREET,,STUDLEY,WARWICKSHIRE,B80 7HJ,(01527) 852491,,(01527) 852607,admin2055@we-learn.com,F43,4,7,Community,C46,N
Martin Lester,Southern,Stratford on Avon,3310,Junior,Primary,Studley St. Mary's C.Of E. Junior School,Mr. Richard Lee,,NEW ROAD,,STUDLEY,WARWICKSHIRE,B80 7ND,(01527) 852153,,,admin3310@we-learn.com,F42,7,11,Voluntary Aided,C43,N
Thomas Daley,Central,Warwick,2622,Primary,Primary,Sydenham Primary School,Mrs. Juliette Westwood,,CALDER WALK,SYDENHAM FARM ESTATE,LEAMINGTON SPA,WARWICKSHIRE,CV31 1SA,(01926) 339138,,(01926) 435291,admin2622@we-learn.com,C67,4,11,Community,D13,N
Claire Robinson,Southern,Stratford on Avon,3311,Primary,Primary,Tanworth-In-Arden C.Of E. Primary School,Mr. Philip Jones,,THE GREEN,,TANWORTH-IN-ARDEN,WARWICKSHIRE,B94 5AJ,(01564) 742284,,,admin3311@we-learn.com,F45,4,11,Voluntary Aided,C54,N
Pauline Barker,Central,Warwick,2326,Infant,Primary,Telford Infant School,Mrs. Alison Foster,,KELVIN ROAD,LILLINGTON,LEAMINGTON SPA,WARWICKSHIRE,CV32 7TE,(01926) 425544,,(01926) 313835,admin2326@we-learn.com,C35,4,7,Community,D49,N
Pauline Barker,Central,Warwick,2315,Junior,Primary,Telford Junior School,Mr. Richard Siviter,,TELFORD AVENUE,LILLINGTON,LEAMINGTON SPA,WARWICKSHIRE,CV32 7HP,(01926) 424664,,(01926) 422417,admin2315@we-learn.com,C36,7,11,Community,D50,N
Judith Jones,Southern,Stratford on Avon,3066,Primary,Primary,Temple Grafton C.Of E. Primary School,Mrs. Susan Molloy,,TEMPLE GRAFTON,,ALCESTER,WARWICKSHIRE,B49 6NU,(01789) 772384,,(01789) 490869,admin3066@we-learn.com,F46,4,11,Voluntary Controlled,C30,N
Linda Stock,Southern,Stratford on Avon,2610,Primary,Primary,Temple Herdewyke Primary School,Mrs. Margaret Godfrey,,FALKLAND PLACE,TEMPLE HERDEWYKE,SOUTHAM,WARWICKSHIRE,CV47 2UD,(01926) 641316,,,admin2610@we-learn.com,F47,4,11,Community,A6,N
Pamela Hutchison,Eastern,Rugby,5400,Secondary,Secondary,The Avon Valley School and Performing Arts College,Mr. Donald O'Neill,,NEWBOLD ROAD,,RUGBY,WARWICKSHIRE,CV21 1EH,(01788) 542355,(01788) 572050,(01788) 572050,admin@avonvalleyschool.org,W01,11,16,Foundation,A31,N
Chris Hunt,North Warwickshire,North Warwickshire,4233,Secondary,Secondary,The Coleshill School - a Maths and Computing College,Ms. Ann Dudgeon,,COVENTRY ROAD,COLESHILL,BIRMINGHAM,WEST MIDLANDS,B46  3EX,(01675) 462435,,(01675) 465232,enquiries@thecoleshillschool.org.uk,P04,11,18,Community,B85,N
Linda Stock,Southern,Stratford on Avon,3216,Primary,Primary,The Dassett C.Of E. Primary School,Mrs. Barbara Williams-Cooke,,MEMORIAL ROAD,FENNY COMPTON,SOUTHAM,WARWICKSHIRE,CV47 2XU,(01295) 770267,,,admin3216@we-learn.com,F60,4,11,Voluntary Controlled,A7,N
William Poulton,Central,Warwick,3210,Primary,Primary,The Ferncumbe C.Of E. Primary School,Mrs. Chris Edmunds,,THE GREEN,HATTON,WARWICK,WARWICKSHIRE,CV35 7EX,(01926) 484318,,,admin3210@we-learn.com,C62,4,11,Voluntary Controlled,D2,N
Lesley Sullivan,Nuneaton & Bedworth,Nuneaton and Bedworth,5409,Secondary,Secondary,The George Eliot School,Mr. David James,,RAVELOE DRIVE,CALDWELL,NUNEATON,WARWICKSHIRE,CV11 4QP,(024) 7674 4000,,(024) 7674 1530,info@george-eliot.warwickshire.sch.uk,P11,11,16,,B50,N
Jackie Beere,Nuneaton & Bedworth,Nuneaton and Bedworth,1100,PRU,PRU,The Keresley Teaching and Learning Centre (formerly Northern Area PRU),Pauline Fell (NB) and Dilbir Sahota (NW),,BENNETTS ROAD NORTH,KERESLEY END,COVENTRY,WEST MIDLANDS,CV7 8LA,(024) 76338583,,(024) 76335805,"paulinefell@warwickshire.gov.uk, dilbirsahota@warwickshire.gov.uk",n/a,4,19,,,N
Jackie Beere,Eastern,Rugby,1102,PRU,PRU,The Merttens Teaching and Learning Centre (formerly Eastern Area PRU),Jane Halliday,,MERTTENS DRIVE,,RUGBY,WARWICKSHIRE,CV22 7AE,(01788) 578345,,(01788) 578345,janehalliday@warwickshire.gov.uk,n/a,4,19,,,N
Dorothy Rickarby,North Warwickshire,North Warwickshire,3209,Primary,Primary,The Nethersole C.Of E. Primary School,Mr. Neil Lord,,HIGH STREET,POLESWORTH,TAMWORTH,STAFFORDSHIRE,B78 1DZ,(01827) 892363,(01827) 899067,(01827) 892363,admin3209@we-learn.com,E97,4,11,Community,B4,N
Brian Worrall,North Warwickshire,North Warwickshire,4112,Secondary,Secondary,The Polesworth School - A Specialist Language College,Mr. Philip Hamilton,,DORDON ROAD,DORDON,TAMWORTH,STAFFORDSHIRE,B78 1QT,(01827) 702205,,(01827) 702206,admin@thepolesworthschool.com,P16,11,18,Community,B5,N
Jackie Beere,Central,Warwick,1105,PRU,PRU,The Pound Lane Teaching and Learning Centre (formerly Warwickshire PRU),Jas Gill,,POUND LANE,LILLINGTON,LEAMINGTON SPA,WARWICKSHIRE,CV32 7RT,(01926) 335421,,(01926) 431081,jasgill@warwickshire.gov.uk,n/a,4,19,,,N
Sue Bailey,Eastern,Rugby,3593,Primary,Primary,The Revel C.Of E. (Aided) Primary School,Mrs. Jill Thomlinson,,BROCKHURST LANE,MONKS KIRBY,RUGBY,WARWICKSHIRE,CV23 0RA,(01788) 832264,,(01788) 833526,admin3593@we-learn.com,D51,4,11,Voluntary Aided,A62,N
Jackie Beere,Southern,Stratford on Avon,1106,PRU,PRU,The Seymour Teaching and Learning Centre (formerly Southern Area PRU),Saj Zaidi,,SCHOOL ROAD,GREAT ALNE,,WARWICKSHIRE,B49 6HQ,(01789) 488708,,(01789) 488922,sajzaidi@warwickshire.gov.uk,n/a,4,19,,,N
Paula Protherough,Southern,Stratford on Avon,3204,Primary,Primary,The Willows C.Of E. Primary School,Mrs. Janis McBride,,THE WILLOWS NORTH,,STRATFORD-UPON-AVON,WARWICKSHIRE,CV37 9QN,(01789) 205811,,,admin3204@we-learn.com,F38,4,11,Voluntary Controlled,C26,N
Paula Protherough,Southern,Stratford on Avon,2052,Primary,Primary,Thomas Jolyffe Primary School,Mr. Michael Cocker,,CLOPTON ROAD,,STRATFORD-UPON-AVON,WARWICKSHIRE,CV37 6TE,(01789) 267015,,(01789) 267201,admin2052@we-learn.com,F41,4,11,Community,C20,N
Pauline Barker,Central,Warwick,2307,Infant,Primary,Thorns Community Infant School,Mrs. Elizabeth Bradbury,,BLACKTHORN ROAD,,KENILWORTH,WARWICKSHIRE,CV8 2DS,(01926) 853875,,(01926) 853875,admin2307@we-learn.com,C19,4,7,Community,D56,N
Lynda Jones,Central,Warwick,4752,Secondary,Secondary,Trinity Catholic School - A Specialist Arts and Technology College,Dr. James Ferguson,,GUY'S CLIFFE AVENUE,,LEAMINGTON SPA,WARWICKSHIRE,CV32 6NB,(01926) 428416,,(01926) 462928,schooloffice@trinity.warwickshire.sch.uk,M12,11,18,Voluntary Aided,D36,N
Linda Stock,Southern,Stratford on Avon,3068,Primary,Primary,Tysoe C.Of E. Primary School,Mr. David Taylor,,SADDLETON STREET,TYSOE,WARWICK,WARWICKSHIRE,CV35 0SH,(01295) 680244,,(01295) 680244,admin3068@we-learn.com,F49,4,11,Voluntary Controlled,A5,N
Dorothy Rickarby,North Warwickshire,North Warwickshire,3072,Primary,Primary,Warton Nethersole's C.Of E. Primary School,Mrs. Margaret Knuckey,,MAYPOLE ROAD,WARTON,TAMWORTH,STAFFORDSHIRE,B79 0HP,(01827) 894182,,,admin3072@we-learn.com,E86,4,11,Voluntary Controlled,B3,N
Debbie Hibberd,Central,Warwick,1022,Nursery,Nursery,Warwick Children's Centre & Nursery School,Ms. Trudy Lindsay,31/08/2010,COVENTRY ROAD,,WARWICK,WARWICKSHIRE,CV34 4LJ,(01926) 492701,,(01926) 402264,admin1022@we-learn.com,A03,2,3,Community,D25,N
Dorothy Rickarby,North Warwickshire,North Warwickshire,2618,Primary,Primary,Water Orton Primary School,Mr. Carl Lewis,,ATTLEBOROUGH  LANE,WATER ORTON,BIRMINGHAM,WEST MIDLANDS,B46 1SB,(0121) 747 2851,,(0121) 7472851,admin2618@we-learn.com,E98,4,11,Community,B88,N
Declan McCauley,Nuneaton & Bedworth,Nuneaton and Bedworth,2632,Primary,Primary,Weddington Primary School,Mrs. Deborah Ward,,WINCHESTER AVENUE,,NUNEATON,WARWICKSHIRE,CV10 0DR,(024) 7634 0729,,(024) 7638 2478,admin2632@we-learn.com,E50,4,11,Community,B39,N
Pat Flynn,Southern,Stratford on Avon,7044,Special,Special,Welcombe Hills School,Mrs. Judith Humphry,,BLUE CAP ROAD,,STRATFORD-UPON-AVON,WARWICKSHIRE,CV37 6TQ,(01789) 266845,,(01789) 204121,admin7044@we-learn.com,L05,2,19,Community,C19,N
Margaret Heard,Southern,Stratford on Avon,2058,Primary,Primary,Welford-On-Avon Primary School,Mrs. Kathy Copely,,HEADLAND ROAD,WELFORD-ON-AVON,STRATFORD-UPON-AVON,WARWICKSHIRE,CV37 8ER,(01789) 750214,,,admin2058@we-learn.com,F51,4,11,Community,C29,N
Linda Stock,Southern,Stratford on Avon,3073,Primary,Primary,Wellesbourne C.Of E. Primary School,Ms. Lindsey Oscroft,,MOUNTFORD CLOSE,WELLESBOURNE,WARWICK,WARWICKSHIRE,CV35 9QG,(01789) 840311,,(01789) 841108,admin3073@we-learn.com,F52,4,11,Voluntary Controlled,C2,N
Adrienne Holland,Nuneaton & Bedworth,Nuneaton and Bedworth,2629,Primary,Primary,Wembrook Primary School,Mr. Simon Pearson,,AVENUE ROAD,,NUNEATON,WARWICKSHIRE,CV11 4LU,(024) 7638 2961,,(024) 7635 6317,admin2629@we-learn.com,E49,4,11,Community,B48,N
William Poulton,Central,Warwick,2322,Primary,Primary,Westgate Primary School,Mrs. Lynne Andrew,,BOWLING GREEN STREET,,WARWICK,WARWICKSHIRE,CV34 4DD,(01926) 492015,,(01926) 497783,head2322@we-learn.com,C54,4,11,Community,D26,N
Linda Thomas,Nuneaton & Bedworth,Nuneaton and Bedworth,2021,Primary,Primary,Wheelwright Lane Primary School,Mrs. Anne Reading,,WHEELWRIGHT LANE,ASH GREEN,COVENTRY,WEST MIDLANDS,CV7 9HN,(024) 7636 4505,,(024) 7636 4581,admin2021@we-learn.com,E37,4,11,Community,B73,N
Adrienne Holland,Nuneaton & Bedworth,Nuneaton and Bedworth,2123,Infant,Primary,Whitestone Infant School,Mrs. Georgina Gothard,,MAGYAR CRESCENT,,NUNEATON,WARWICKSHIRE,CV11 4SQ,(024) 7634 7813,,(024) 7638 8660,admin2123@we-learn.com,E79,4,7,Community,B55,N
Debbie Hibberd,Central,Warwick,1003,Nursery,Nursery,Whitnash Nursery School,Mrs. Karen Howell,,NURSERY LANE,WHITNASH,LEAMINGTON SPA,WARWICKSHIRE,CV31 2PW,(01926) 335312,,(01926) 778713,whitnashnursery@yahoo.co.uk,A04,2,3,Community,D11,N
Brenda Iles,Central,Warwick,2324,Primary,Primary,Whitnash Primary School,Mrs. Elizabeth Stanley,,LANGLEY ROAD,WHITNASH,LEAMINGTON SPA,WARWICKSHIRE,CV31 2EX,(01926) 426773,,(01926) 337755,admin2324@we-learn.com,C58,4,11,Community,D10,N
Judith Jones,Southern,Stratford on Avon,3313,Primary,Primary,Wilmcote C.Of E. (Voluntary Aided) Primary School,Mr. Mark Burrows,,CHURCH ROAD,WILMCOTE,STRATFORD-UPON-AVON,WARWICKSHIRE,CV37 9XD,(01789) 204395,,,admin3313@we-learn.com,F54,4,11,Voluntary Aided,C24,N
Sue Bailey,Eastern,Rugby,3192,Primary,Primary,Wolston St. Margaret's C.Of E. Primary School,Miss Julia McLeod,,MAIN STREET,WOLSTON,COVENTRY,WEST MIDLANDS,CV8 3HH,(024) 7654 2212,,(024) 7654 0183,admin3192@we-learn.com,D48,4,11,Voluntary Controlled,D69,N
Lynne Wilson-Leary,Southern,Stratford on Avon,5201,Primary,Primary,Wolverton Primary School,Mrs. Jill Knowles,,WOLVERTON FIELDS,NORTON LINDSEY,WARWICK,WARWICKSHIRE,CV35 8JN,(01926) 842214,,,admin5201@we-learn.com,T02,4,11,Foundation,D3,N
Linda Thomas,Nuneaton & Bedworth,Rugby,3193,Primary,Primary,Wolvey C.Of E. Primary School,Mr. Richard Moore,,BULKINGTON ROAD,WOLVEY,HINCKLEY,LEICESTERSHIRE,LE10 3LA,(01455) 220279,,,admin3193@we-learn.com,E89,4,11,Voluntary Controlled,B56,N
Dorothy Rickarby,North Warwickshire,North Warwickshire,2063,Primary,Primary,Wood End Primary School,Mr. Michael Goodfellow,,WOOD STREET,WOOD END,ATHERSTONE,WARWICKSHIRE,CV9 2QL,(01827) 872237,,(01827) 875437,admin2063@we-learn.com,E90,4,11,Community,B94,N
Sue Briggs,North Warwickshire,North Warwickshire,7047,Special,Special,Woodlands School,Mrs. Gillian Simpson,,PACKINGTON LANE,COLESHILL,BIRMINGHAM,WEST MIDLANDS,B46 3JE,(01675) 463590,,(01675) 463584,admin7047@we-learn.com,K06,2,19,Community,B83,N
Stephen McGlone,Central,Warwick,5207,Primary,Primary,Woodloes Primary School,Mr. Andrew Mitchell,,DEANSWAY,WOODLOES PARK,WARWICK,WARWICKSHIRE,CV34 5DF,(01926) 497491,,(01926) 497491,admin5207@we-learn.com,C73,4,11,,D32,N
Michael Hatfield,North Warwickshire,North Warwickshire,2642,Primary,Primary,Woodside C.Of E. Primary School,Ms. Awen Simpson,,MAYPOLE LANE,BADDESLEY ENSOR,ATHERSTONE,WARWICKSHIRE,CV9 2BS,(08127) 715507,,,admin2642@we-learn.com,E11,4,11,Voluntary Controlled,B9,N
Lynne Wilson-Leary,Southern,Stratford on Avon,3074,Primary,Primary,Wootton Wawen C.Of E. Primary School,Ms. Brigette Letts,,ALCESTER ROAD,WOOTTON WAWEN,SOLIHULL,WEST MIDLANDS,B95 6AY,(01564) 792574,,,woottonwawen@yahoo.co.uk,F56,4,11,Voluntary Controlled,C48,N
