Supplier,Transno,Amount,Directorate,Pay Date
123 Reg Ltd,15510,1.00,Resources,15/07/2021
123 Reg Ltd,14439,9.99,Resources,20/07/2021
123 Reg Ltd,11964,23.98,Resources,27/07/2021
123 Reg Ltd,12777,41.97,Resources,28/07/2021
2maa026693218 Td E-Pmt,10510,75.00,People,30/07/2021
Ab* Abebooks.Uk Is7gr7,40407,11.95,Communities,01/07/2021
Adobe Dw Creative Cld,13331,12.64,Resources,31/07/2021
Aghoco 1982 Ltd,859,461.07,Communities,02/07/2021
Agrovista UK Ltd,7745,512.00,Communities,19/07/2021
Agrovista UK Ltd,7745,867.20,Communities,19/07/2021
Ah Media Ltd,13293,495.00,Resources,28/07/2021
Al Baraka Market,34252,5.00,People,21/07/2021
Aldi,28992,24.53,People,29/07/2021
Aldi 22 772,29376,10.75,Fire and Rescue,28/07/2021
Aldi 40 772,25891,8.11,Communities,05/07/2021
Aldi 89 772,28805,15.22,People,29/07/2021
Aldi 89 772,28813,5.22,People,29/07/2021
Alliance Disposables,13807,48.28,Communities,16/07/2021
Amazon Prime,4256,-6.66,People,26/07/2021
Amazon Prime*bg3ka1nh5,2299,6.66,People,22/07/2021
Amazon Prime*v82k69f25,1968,6.66,Communities,11/07/2021
Amazon.Co.Uk*083vr09b5,3660,22.05,People,18/07/2021
Amazon.Co.Uk*0f2vy3wo5,7956,180.29,Communities,15/07/2021
Amazon.Co.Uk*0f5mn9v95,5004,200.00,People,15/07/2021
Amazon.Co.Uk*0v9az9xk5,2368,88.70,Resources,06/07/2021
Amazon.Co.Uk*200605314,8389,29.44,People,01/07/2021
Amazon.Co.Uk*201uj43p4,2075,33.57,Fire and Rescue,01/07/2021
Amazon.Co.Uk*202eg5tx4,5721,22.02,Communities,03/07/2021
Amazon.Co.Uk*202gm60b4,5806,41.50,Communities,05/07/2021
Amazon.Co.Uk*202gm60b4,5806,20.75,Communities,05/07/2021
Amazon.Co.Uk*202gm60b4,5806,10.37,Communities,05/07/2021
Amazon.Co.Uk*202gm60b4,5806,10.37,Communities,05/07/2021
Amazon.Co.Uk*202qp7374,38582,66.00,People,02/07/2021
Amazon.Co.Uk*2049313m4,1985,18.98,Communities,01/07/2021
Amazon.Co.Uk*205174nr4,1311,1082.50,People,01/07/2021
Amazon.Co.Uk*206f74em4,3905,11.59,Communities,05/07/2021
Amazon.Co.Uk*208mw1ga4,5714,13.07,Communities,07/07/2021
Amazon.Co.Uk*208r71tg4,1990,35.07,Communities,03/07/2021
Amazon.Co.Uk*209375j34,3331,36.97,Communities,02/07/2021
Amazon.Co.Uk*2282p1vj4,5419,61.72,Communities,30/07/2021
Amazon.Co.Uk*3503v92o5,4185,60.77,Communities,22/07/2021
Amazon.Co.Uk*3l6663lo5,3257,27.00,Communities,22/07/2021
Amazon.Co.Uk*3m2ob6j35,2133,63.96,Communities,06/07/2021
Amazon.Co.Uk*4120l20g5,342,72.02,Resources,21/07/2021
Amazon.Co.Uk*430mp9bt5,1681,2.44,Fire and Rescue,21/07/2021
Amazon.Co.Uk*550o64ln5,5068,120.00,People,15/07/2021
Amazon.Co.Uk*5w8rs1bs5,6101,33.76,People,15/07/2021
Amazon.Co.Uk*6m1tg3r55,494,54.67,Communities,29/07/2021
Amazon.Co.Uk*8w4x22g75,14811,10.00,Communities,07/07/2021
Amazon.Co.Uk*c01nc1b25,973,9.99,Communities,18/07/2021
Amazon.Co.Uk*cr7tw0v05,2205,7.49,People,16/07/2021
Amazon.Co.Uk*d22rn64c5,24592,7.99,Communities,14/07/2021
Amazon.Co.Uk*dd0ec4hb5,2093,19.99,People,12/07/2021
Amazon.Co.Uk*dx4i59uh5,15056,50.51,Resources,08/07/2021
Amazon.Co.Uk*dz4xa55v5,6424,34.98,Communities,29/07/2021
Amazon.Co.Uk*i74db4v05,18700,21.26,Communities,20/07/2021
Amazon.Co.Uk*ic1943qb5,1705,7.03,Resources,26/07/2021
Amazon.Co.Uk*j403442q5,1676,10.72,Resources,07/07/2021
Amazon.Co.Uk*jk5xx8jl5,11631,11.19,People,15/07/2021
Amazon.Co.Uk*lo0za7m55,13941,20.82,Fire and Rescue,13/07/2021
Amazon.Co.Uk*lp5m357p5,12670,10.33,Communities,16/07/2021
Amazon.Co.Uk*lw63v38z5,9496,17.78,Communities,16/07/2021
Amazon.Co.Uk*me6m45o25,3186,61.67,People,25/07/2021
Amazon.Co.Uk*nf3a340k5,1029,27.22,Communities,18/07/2021
Amazon.Co.Uk*or0d87iq5,1359,16.65,People,10/07/2021
Amazon.Co.Uk*pu98f4kt5,5736,37.00,Communities,14/07/2021
Amazon.Co.Uk*qd7ek3xo5,1352,54.15,Communities,22/07/2021
Amazon.Co.Uk*qq1k79su5,7413,23.97,Communities,15/07/2021
Amazon.Co.Uk*s20q798g5,11829,12.40,Resources,22/07/2021
Amazon.Co.Uk*tm5z12fh5,6271,54.99,People,29/07/2021
Amazon.Co.Uk*ul4ky0bj5,696,31.50,Resources,26/07/2021
Amazon.Co.Uk*vt78q3np5,15504,19.57,Communities,27/07/2021
Amazon.Co.Uk*wj76q4c85,7404,93.99,Communities,08/07/2021
Amazon.Co.Uk*wz5ee1js5,12681,39.96,Communities,14/07/2021
Amazon.Co.Uk*xd3u17cw5,11417,66.66,Resources,22/07/2021
Amznmktplace,7066,58.29,Communities,01/07/2021
Amznmktplace,669,90.67,People,01/07/2021
Amznmktplace,616,22.47,Fire and Rescue,01/07/2021
Amznmktplace,7263,24.96,People,01/07/2021
Amznmktplace,4879,5.82,Communities,02/07/2021
Amznmktplace,5023,21.48,Communities,02/07/2021
Amznmktplace,5334,4.73,Communities,02/07/2021
Amznmktplace,4169,5.11,Fire and Rescue,02/07/2021
Amznmktplace,2081,1074.50,Communities,04/07/2021
Amznmktplace,2114,1074.50,Communities,04/07/2021
Amznmktplace,1172,12.49,People,04/07/2021
Amznmktplace,3206,30.82,People,04/07/2021
Amznmktplace,1314,94.41,Communities,04/07/2021
Amznmktplace,1330,17.49,Communities,04/07/2021
Amznmktplace,4116,5.82,Communities,04/07/2021
Amznmktplace,4120,3.07,Communities,04/07/2021
Amznmktplace,4312,1.50,Communities,04/07/2021
Amznmktplace,4460,11.65,Communities,04/07/2021
Amznmktplace,4552,12.48,Communities,04/07/2021
Amznmktplace,5598,12.63,Communities,04/07/2021
Amznmktplace,5646,22.49,Communities,04/07/2021
Amznmktplace,1617,33.74,People,04/07/2021
Amznmktplace,3956,9.95,Communities,04/07/2021
Amznmktplace,2937,35.99,Resources,05/07/2021
Amznmktplace,10281,22.66,Communities,05/07/2021
Amznmktplace,3782,70.43,Communities,05/07/2021
Amznmktplace,27078,16.23,Communities,06/07/2021
Amznmktplace,7512,10.90,Communities,06/07/2021
Amznmktplace,28487,7.38,Communities,06/07/2021
Amznmktplace,14371,28.99,People,07/07/2021
Amznmktplace,3051,8.99,People,07/07/2021
Amznmktplace,1364,4.99,Communities,08/07/2021
Amznmktplace,1126,27.48,People,08/07/2021
Amznmktplace,5102,174.15,Resources,08/07/2021
Amznmktplace,789,33.32,People,09/07/2021
Amznmktplace,1385,66.65,Communities,09/07/2021
Amznmktplace,5200,59.99,People,09/07/2021
Amznmktplace,435,4.99,Communities,10/07/2021
Amznmktplace,2527,11.32,Communities,10/07/2021
Amznmktplace,2944,51.38,Communities,11/07/2021
Amznmktplace,1088,30.87,Resources,11/07/2021
Amznmktplace,16190,28.27,Communities,12/07/2021
Amznmktplace,4251,30.40,Communities,12/07/2021
Amznmktplace,1022,16.66,Communities,12/07/2021
Amznmktplace,4312,4.83,Resources,13/07/2021
Amznmktplace,19686,24.56,People,13/07/2021
Amznmktplace,24968,14.99,People,14/07/2021
Amznmktplace,8141,93.31,People,14/07/2021
Amznmktplace,24636,20.82,People,14/07/2021
Amznmktplace,8980,14.98,People,14/07/2021
Amznmktplace,1258,5.56,People,14/07/2021
Amznmktplace,3513,20.69,People,14/07/2021
Amznmktplace,3012,116.21,Communities,15/07/2021
Amznmktplace,1525,41.66,People,15/07/2021
Amznmktplace,897,17.47,Communities,15/07/2021
Amznmktplace,25090,24.91,Fire and Rescue,15/07/2021
Amznmktplace,279,188.98,People,15/07/2021
Amznmktplace,3787,11.66,Communities,16/07/2021
Amznmktplace,1857,8.32,Fire and Rescue,16/07/2021
Amznmktplace,6073,12.07,People,16/07/2021
Amznmktplace,8982,8.68,People,16/07/2021
Amznmktplace,16845,9.37,Communities,16/07/2021
Amznmktplace,4358,18.21,Communities,16/07/2021
Amznmktplace,4606,15.99,Communities,16/07/2021
Amznmktplace,252,23.66,Fire and Rescue,18/07/2021
Amznmktplace,989,12.82,Fire and Rescue,18/07/2021
Amznmktplace,858,6.24,Communities,18/07/2021
Amznmktplace,2677,32.46,Communities,19/07/2021
Amznmktplace,68,28.33,Fire and Rescue,19/07/2021
Amznmktplace,7125,7.46,People,19/07/2021
Amznmktplace,2799,163.33,Resources,19/07/2021
Amznmktplace,12224,4.99,Resources,20/07/2021
Amznmktplace,12224,12.07,Resources,20/07/2021
Amznmktplace,1339,2.91,Resources,20/07/2021
Amznmktplace,14207,10.77,Communities,20/07/2021
Amznmktplace,1912,2.91,People,20/07/2021
Amznmktplace,4279,58.22,People,20/07/2021
Amznmktplace,5698,6.96,People,20/07/2021
Amznmktplace,6032,9.99,People,20/07/2021
Amznmktplace,6142,3.82,People,20/07/2021
Amznmktplace,7011,14.98,People,20/07/2021
Amznmktplace,7051,10.77,People,20/07/2021
Amznmktplace,7318,2.87,People,20/07/2021
Amznmktplace,4072,30.82,Communities,21/07/2021
Amznmktplace,4381,25.00,Communities,21/07/2021
Amznmktplace,5379,4.66,People,21/07/2021
Amznmktplace,5414,63.64,People,21/07/2021
Amznmktplace,6966,15.62,People,21/07/2021
Amznmktplace,2854,25.37,Resources,22/07/2021
Amznmktplace,7634,124.17,Communities,22/07/2021
Amznmktplace,8002,9.97,Communities,22/07/2021
Amznmktplace,1141,19.98,Communities,22/07/2021
Amznmktplace,1838,145.62,People,22/07/2021
Amznmktplace,1000,19.57,Communities,23/07/2021
Amznmktplace,4139,3.95,Communities,23/07/2021
Amznmktplace,22542,27.96,People,23/07/2021
Amznmktplace,301,29.83,People,23/07/2021
Amznmktplace,8239,374.17,Communities,23/07/2021
Amznmktplace,22471,62.48,Communities,23/07/2021
Amznmktplace,1289,208.83,Fire and Rescue,23/07/2021
Amznmktplace,4390,3.57,Resources,23/07/2021
Amznmktplace,6571,6.24,Communities,23/07/2021
Amznmktplace,6571,20.82,Communities,23/07/2021
Amznmktplace,6571,22.49,Communities,23/07/2021
Amznmktplace,3992,16.28,Communities,25/07/2021
Amznmktplace,7687,82.71,Communities,25/07/2021
Amznmktplace,10444,32.47,Communities,26/07/2021
Amznmktplace,4117,5.25,Resources,26/07/2021
Amznmktplace,4110,43.50,Resources,26/07/2021
Amznmktplace,9347,40.36,Fire and Rescue,27/07/2021
Amznmktplace,1895,124.99,Communities,27/07/2021
Amznmktplace,405,12.07,Fire and Rescue,27/07/2021
Amznmktplace,3988,19.43,Communities,27/07/2021
Amznmktplace,15531,28.30,Fire and Rescue,27/07/2021
Amznmktplace,10026,13.19,Communities,27/07/2021
Amznmktplace,14203,19.16,People,28/07/2021
Amznmktplace,697,14.91,Resources,28/07/2021
Amznmktplace,348,66.47,Fire and Rescue,28/07/2021
Amznmktplace,1114,29.98,Fire and Rescue,28/07/2021
Amznmktplace,3673,18.32,Fire and Rescue,28/07/2021
Amznmktplace,3528,204.75,Communities,28/07/2021
Amznmktplace,1256,166.74,Communities,29/07/2021
Amznmktplace,1780,21.70,Resources,29/07/2021
Amznmktplace,4712,8.70,Resources,29/07/2021
Amznmktplace,5426,29.97,Communities,29/07/2021
Amznmktplace,4806,26.97,Fire and Rescue,29/07/2021
Amznmktplace,4662,79.75,Communities,29/07/2021
Amznmktplace,9037,61.97,People,29/07/2021
Amznmktplace,1529,274.46,People,29/07/2021
Amznmktplace,2987,141.12,People,31/07/2021
Amznmktplace Amazon.Co,3797,26.34,Communities,01/07/2021
Amznmktplace Amazon.Co,3386,5.41,People,01/07/2021
Amznmktplace Amazon.Co,3602,25.27,Fire and Rescue,01/07/2021
Amznmktplace Amazon.Co,2504,14.99,People,03/07/2021
Amznmktplace Amazon.Co,2554,35.07,People,03/07/2021
Amznmktplace Amazon.Co,2538,33.99,Communities,07/07/2021
Amznmktplace Amazon.Co,2760,30.40,Communities,12/07/2021
Amznmktplace Amazon.Co,5582,175.96,People,13/07/2021
Amznmktplace Amazon.Co,4154,54.59,People,15/07/2021
Amznmktplace Amazon.Co,2668,-16.41,Fire and Rescue,16/07/2021
Amznmktplace Amazon.Co,6306,14.99,Fire and Rescue,21/07/2021
Amznmktplace Amazon.Co,6369,29.99,Resources,21/07/2021
Amznmktplace Amazon.Co,8198,14.48,Communities,22/07/2021
Amznmktplace Amazon.Co,8214,1.09,Communities,22/07/2021
Amznmktplace Amazon.Co,2441,24.51,Communities,26/07/2021
Amznmktplace Amazon.Co,2740,39.95,Communities,27/07/2021
Amznmktplace Amazon.Co,3040,-26.97,Communities,27/07/2021
Amznmktplace Amazon.Co,6477,21.65,Resources,28/07/2021
Ao Retail Limited,19536,34.17,People,12/07/2021
Ao Retail Limited,23978,365.83,People,19/07/2021
Ao Retail Limited,23918,572.50,People,19/07/2021
Ao Retail Limited,30801,-190.83,People,20/07/2021
Ao Retail Limited,30805,190.83,People,20/07/2021
Apple.Com/Bill,20648,2.07,Resources,30/07/2021
Arco Limited (Ahpp),31962,8.79,Communities,05/07/2021
Arco Limited (Ahpp),31962,8.39,Communities,05/07/2021
Arco Limited (Sap),23729,12.86,Communities,20/07/2021
Arco Limited (Sap),23729,8.96,Communities,20/07/2021
Arco Limited (Sap),23729,4.88,Communities,20/07/2021
Argos Ltd,33536,192.94,People,01/07/2021
Argos Ltd,33560,252.46,People,01/07/2021
Argos Ltd,7023,-192.94,People,02/07/2021
Argos Ltd,29623,119.12,People,05/07/2021
Argos Ltd,28519,28.28,People,06/07/2021
Argos Ltd,28535,84.96,People,06/07/2021
Argos Ltd,28555,282.46,People,06/07/2021
Argos Ltd,28587,94.96,People,06/07/2021
Argos Ltd,6566,119.12,People,09/07/2021
Argos Ltd,6298,13.32,People,09/07/2021
Argos Ltd,33513,53.28,People,13/07/2021
Argos Ltd,28951,29.54,People,14/07/2021
Argos Ltd,28955,126.65,People,14/07/2021
Argos Ltd,5107,17.95,People,16/07/2021
Argos Ltd,4724,19.95,People,16/07/2021
Argos Ltd,24387,249.17,People,19/07/2021
Argos Ltd,28150,-115.93,People,19/07/2021
Argos Ltd,28170,85.77,People,19/07/2021
Argos Ltd,28286,115.93,People,19/07/2021
Argos Ltd,33372,283.95,People,21/07/2021
Argos Ltd,25334,89.99,People,22/07/2021
Argos Ltd,27701,34.99,People,22/07/2021
Argos Ltd,27829,446.95,People,22/07/2021
Argos Ltd,333,-17.95,People,23/07/2021
Argos Ltd,23857,356.94,People,27/07/2021
Argos Ltd,23905,299.99,People,27/07/2021
Argos Ltd,28657,268.29,People,29/07/2021
Argos Ltd,28717,214.12,People,29/07/2021
Argos Ltd,28541,166.66,Resources,29/07/2021
Argos Ltd,28549,204.95,People,29/07/2021
Argos Ltd,28553,129.99,People,29/07/2021
Argos Ltd,28601,372.95,People,29/07/2021
Argos Ltd,11162,148.29,People,30/07/2021
Argos Ltd,11142,28.29,People,30/07/2021
Aroq Limited,1368,262.00,Communities,27/07/2021
Aryan Garages,26725,4.75,People,05/07/2021
Asda George Com Leeds,10815,30.79,People,07/07/2021
Asda Groceries Online,7621,-1.50,People,26/07/2021
Asda Groceries Online,7625,104.45,People,26/07/2021
Asda Groceries Online,8505,-25.00,People,26/07/2021
Asda Groceries Online,8521,35.50,People,26/07/2021
Asda Stores 4602,20863,8.23,Communities,22/07/2021
Asda Stores 5757,20624,45.83,People,21/07/2021
Asda Stores Ltd,9596,30.00,People,16/07/2021
Asda Stores Ltd,9600,21.00,People,16/07/2021
Asda Stores Ltd,9742,10.00,People,21/07/2021
Asda Superstore,22952,28.33,People,01/07/2021
Asda Superstore,20543,20.00,People,08/07/2021
Asda Superstore,21812,8.51,People,20/07/2021
Asda Superstore,21917,1.09,Fire and Rescue,20/07/2021
Asda Superstore,20703,6.48,People,22/07/2021
Asda Superstore,17740,13.02,People,27/07/2021
Asda Superstore,18596,102.02,People,29/07/2021
Asda Superstore,12542,134.97,People,30/07/2021
Asda Superstore,12546,32.41,People,30/07/2021
Aspolice Dfp-K55rz,3140,100.00,Resources,01/07/2021
Atlassian,32323,8.67,Resources,28/07/2021
Avangate Bv,38297,1469.98,Resources,21/07/2021
Axminstertoolsmach,32290,95.03,Communities,22/07/2021
B & Q 1162,31982,450.07,People,15/07/2021
B&m 017 - Bedworth,14678,12.50,Fire and Rescue,02/07/2021
B&m 017 - Bedworth,15319,9.97,Communities,28/07/2021
B&m 468 - Hs Nuneaton,18007,149.98,People,01/07/2021
B&m 468 - Hs Nuneaton,17081,6.63,Fire and Rescue,22/07/2021
B&m 468 - Hs Nuneaton,15539,221.67,People,28/07/2021
B&m 468 - Hs Nuneaton,13739,397.99,People,29/07/2021
B&m 468 - Hs Nuneaton,13743,215.81,People,29/07/2021
B&m 468 - Hs Nuneaton,12582,256.21,People,30/07/2021
B&m 468 - Hs Nuneaton,12586,385.22,People,30/07/2021
Baker Ross,17947,47.38,Resources,02/07/2021
Baker Ross,22050,39.96,Resources,07/07/2021
Baker Ross,17368,77.08,Resources,16/07/2021
Barrier 2 Go,1359,34.00,Fire and Rescue,20/07/2021
Bed Care Ltd,15958,1649.00,People,01/07/2021
Biffa Waste Services L,28188,15.60,People,05/07/2021
Birmingham Register,6026,14.50,Resources,30/07/2021
Boohoo.Com,13537,81.91,People,21/07/2021
Booker Limited Coventr,34361,40.07,People,21/07/2021
Booker Limited Tamwort,32218,67.22,Communities,09/07/2021
Booker Limited Tamwort,32218,113.02,Communities,09/07/2021
Bookerecomm,29856,31.91,Communities,02/07/2021
Bookerecomm,29856,68.51,Communities,02/07/2021
Bookerecomm,646,279.38,Communities,16/07/2021
Bookerecomm,637,44.72,Communities,16/07/2021
Bookerecomm,637,67.02,Communities,16/07/2021
Bookerecomm,550,193.05,Communities,19/07/2021
Bookerecomm,33190,124.99,Resources,20/07/2021
Bookerecomm,34403,133.50,Communities,21/07/2021
Bookerecomm,34394,146.40,Communities,21/07/2021
Bookerecomm,568,16.99,Communities,23/07/2021
Bookerecomm,568,151.57,Communities,23/07/2021
Bookerecomm,26630,93.72,Communities,26/07/2021
Bookerecomm,29967,116.07,Communities,29/07/2021
Bookerecomm,29967,38.99,Communities,29/07/2021
Bookerecomm,29970,144.25,Communities,29/07/2021
Bookerecomm,29970,40.75,Communities,29/07/2021
Bookerecomm,19052,84.77,Resources,30/07/2021
Bookmeetingroom.Com,10918,12.98,Communities,05/07/2021
Boots The Chemist,14043,15.99,People,22/07/2021
Bp Kensington F/Stn,5813,55.81,Fire and Rescue,13/07/2021
British Gas Online,6122,20.00,People,30/07/2021
British Gas Otp,26957,10.00,People,05/07/2021
British Gas Otp,26965,20.00,People,05/07/2021
British Gas Otp,27780,15.00,People,08/07/2021
British Gas Otp,27818,15.00,People,08/07/2021
British Gas Otp,26890,15.00,People,15/07/2021
British Gas Otp,26911,15.00,People,15/07/2021
British Gas Otp,26414,20.00,People,21/07/2021
British Gas Otp,26526,10.00,People,21/07/2021
Broughtonairbus - Hotp,6880,285.71,Fire and Rescue,16/07/2021
Btconsumer Wifirecurri,33026,12.50,Communities,08/07/2021
Btconsumer Wifirecurri,33026,12.50,Communities,08/07/2021
Building & Plumb Supp,3015,402.57,Communities,26/07/2021
Building & Plumb Supp,7233,89.27,Communities,28/07/2021
Buyatab - Aldi,38435,30.00,People,01/07/2021
Caffe Nero Leamington,1278,4.05,People,28/07/2021
Canva* I03130-10300636,36126,71.88,Resources,28/07/2021
Cargo Stop Internation,7697,330.00,Communities,02/07/2021
Cargo Stop Internation,10799,159.00,Communities,08/07/2021
Cartridge Save,19706,58.05,Resources,22/07/2021
Castle Van Hire Ltd,29593,166.67,Communities,12/07/2021
Castle Van Hire Ltd,29593,83.33,Communities,12/07/2021
Castle Van Hire Ltd,29593,83.33,Communities,12/07/2021
Castle Van Hire Ltd,2724,35.62,Communities,13/07/2021
Castle Van Hire Ltd,2724,85.50,Communities,13/07/2021
Castle Van Hire Ltd,2724,35.62,Communities,13/07/2021
Cawood Scientific Ltd,10844,52.00,Communities,15/07/2021
Cbs Conwy Cbc,28873,30.00,Communities,02/07/2021
Central Buildings And,5591,37.50,Communities,06/07/2021
Central Buildings And,3031,137.50,People,19/07/2021
Central Eng Coop,26728,1.70,People,29/07/2021
Chandlers Accounts,10398,386.73,Communities,02/07/2021
Chandlers Accounts,9789,43.44,Communities,27/07/2021
Cipd Integra,23657,190.00,Resources,06/07/2021
Cipd Membership Renewa,12185,138.00,Resources,27/07/2021
City Furniture Hire,14738,625.11,Communities,02/07/2021
Clearabee Limited,1173,89.99,People,26/07/2021
Coffee No 1 Warwick,295,3.33,People,08/07/2021
Companysealsuk.Com,618,60.00,Resources,02/07/2021
Companysealsuk.Com,618,1.60,Resources,02/07/2021
Construction Helpline,27251,50.00,People,19/07/2021
Constructioncert,1890,45.83,Communities,09/07/2021
Co-Op Food Centre,21129,4.68,People,12/07/2021
Co-Op Food Centre,32025,3.25,People,22/07/2021
Co-Op Group 070405,23063,7.67,People,27/07/2021
Co-Operative Food,29432,3.99,Communities,20/07/2021
Costa @ Next 43036125,12725,3.25,People,12/07/2021
Costa Leamington Spa D,8582,3.43,People,12/07/2021
Costa Leamington Spa D,10406,2.95,People,13/07/2021
Costco Wholesale #122,20434,14.99,Fire and Rescue,20/07/2021
County Court,19330,215.00,People,23/07/2021
Cross Country Trains,9063,16.60,People,07/07/2021
Cross Country Trains,9075,10.50,People,07/07/2021
Crossfader Ltd,3376,50.00,People,09/07/2021
Crown Waste Management,1346,200.00,People,15/07/2021
Crowne Plaza,32431,175.24,Fire and Rescue,13/07/2021
Crowne Plaza Hotels,24434,189.00,Fire and Rescue,08/07/2021
Crowne Plaza Hotels,24454,179.00,Fire and Rescue,08/07/2021
Crowne Plaza Hotels,24458,365.80,Fire and Rescue,08/07/2021
Crowne Plaza Hotels,7672,340.95,Fire and Rescue,11/07/2021
Crowne Plaza Hotels,18796,-340.95,Fire and Rescue,12/07/2021
Crowne Plaza Hotels,18808,340.95,Fire and Rescue,12/07/2021
Crowne Plaza Hotels,33347,8.80,Fire and Rescue,15/07/2021
Cs*morrisons Gift Card,1817,10.00,People,09/07/2021
Ctc.Training,656,165.83,Fire and Rescue,27/07/2021
Currys Online,16567,220.00,People,02/07/2021
Currys Online,16304,49.98,Resources,12/07/2021
Currys Online,19729,49.99,People,20/07/2021
D R Caswell Ltd,22055,171.00,Fire and Rescue,22/07/2021
Dawsongroup Material H,25766,407.89,Communities,08/07/2021
Derbyshire Records Off,18155,35.00,Communities,30/07/2021
Dhl Express(UK) Lt,26610,-58.33,Communities,12/07/2021
Dhl Express(UK) Lt,26610,-11.00,Communities,12/07/2021
Disccycle/Leisureout,21585,223.24,People,08/07/2021
Disccycle/Leisureout,19022,5979.30,Communities,20/07/2021
Disccycle/Leisureout,19082,195.82,People,22/07/2021
Dlvr.It,40085,14.52,Resources,06/07/2021
Dnh*go Daddy Europe Gb,7940,54.36,Resources,15/07/2021
Dnh*go Daddy Europe Gb,4541,85.60,Resources,24/07/2021
Dnh*godaddy.Com Europe,24479,23.98,Resources,13/07/2021
Domino S Pizza,6983,26.00,People,30/07/2021
Dominos,8790,23.74,People,16/07/2021
Dreams Ltd,13664,401.58,People,20/07/2021
Duke Of Gloucester,33617,19.33,People,13/07/2021
Dunelm,6684,268.42,People,09/07/2021
Dunelm (Soft Furnishin,21024,53.33,People,21/07/2021
Dunelm (Soft Furnishin,20265,69.33,People,28/07/2021
Dustmasksdirect,829,173.12,Resources,22/07/2021
Dvla Driver Online,32123,34.00,People,01/07/2021
Dvla Driver Online,24450,34.00,People,08/07/2021
Dvla Driver Online,19617,34.00,People,26/07/2021
Dvla Vehicle Tax,33196,32.50,Communities,01/07/2021
Dvla Vehicle Tax,28423,118.00,Communities,14/07/2021
Dvla Vehicle Tax,28483,87.75,Communities,14/07/2021
Dvla Vehicle Tax,22805,277.50,Communities,16/07/2021
Dvla Vehicle Tax,22817,277.50,Communities,16/07/2021
Dvla Vehicle Tax,22821,277.50,Communities,16/07/2021
Dvla Vehicle Tax,22825,277.50,Communities,16/07/2021
Dvla Vehicle Tax,22837,277.50,Communities,16/07/2021
Dvla Vehicle Tax,22841,277.50,Communities,16/07/2021
Dvla Vehicle Tax,22853,157.50,Communities,16/07/2021
Dvla Vehicle Tax,22865,157.50,Communities,16/07/2021
Dvsa,6432,205.00,Communities,06/07/2021
Dvsa,9498,100.00,Communities,14/07/2021
E.On Energy Solutions,17346,61.67,Communities,21/07/2021
Eb *connecting The Dot,31385,36.00,People,16/07/2021
Eb *creating A Sustain,29539,6.25,Communities,26/07/2021
Eb *creating A Sustain,29539,3.12,Communities,26/07/2021
Eb *creating A Sustain,29539,3.12,Communities,26/07/2021
Eb *dhrs Being An Effe,35626,80.00,People,22/07/2021
Eb *practice Forum Re,32202,40.00,People,12/07/2021
Eb *reviewing Domestic,35623,100.00,People,22/07/2021
Eden Co Uk,21761,11.69,People,08/07/2021
Ee Ltd,25642,22.79,Communities,19/07/2021
Ee Store R523,33124,25.00,People,21/07/2021
Ee Store R523,33132,25.00,People,21/07/2021
Ee Store R523,27625,25.00,People,28/07/2021
Ee Store R523,27661,25.00,People,28/07/2021
Ee Store R523,27689,25.00,People,28/07/2021
Enterprise Rent,9328,27.11,People,31/07/2021
Enterprise Rent A Car,15746,32.26,People,02/07/2021
Enterprise Rent A Car,15979,-200.00,Fire and Rescue,13/07/2021
Enterprise Rent A Car,18292,200.00,Fire and Rescue,13/07/2021
Enterprise Rent A Car,18292,340.70,Fire and Rescue,13/07/2021
Enterprise Rent A Car,4225,29.96,People,17/07/2021
Enterprise Rent A Car,9734,32.46,People,20/07/2021
Enterprise Rent A Car,9737,37.46,People,20/07/2021
Enterprise Rent A Car,9740,28.96,People,20/07/2021
Enterprise Rent A Car,4603,55.91,People,24/07/2021
Enterprise Rent A Car,4606,37.85,People,24/07/2021
Enterprise Rent A Car,9098,45.74,People,28/07/2021
Enterprise Rent A Car,9101,47.24,People,28/07/2021
Enterprise Rent A Car,9319,24.71,People,31/07/2021
Enterprise Rent A Car,9322,29.71,People,31/07/2021
Enterprise Workwear Lt,11695,49.90,Communities,07/07/2021
Enviroment Agency,15606,947.25,Communities,19/07/2021
Esri (UK) Limited,7357,327.00,Resources,26/07/2021
Euroffice.Co.Uk,9147,136.00,Communities,23/07/2021
Euroffice.Co.Uk,9155,87.52,Communities,23/07/2021
Expresstest.Co.Uk,9988,160.00,People,15/07/2021
Facebk *5xp2u6kep2,14510,127.15,Resources,31/07/2021
Facebk *7f8kz6pep2,29083,825.90,Resources,26/07/2021
Firefighter Protection,995,103.70,Fire and Rescue,13/07/2021
Flickr Pro Monthly,41216,6.49,Resources,08/07/2021
"Formstack, Llc",35898,71.52,Resources,29/07/2021
Fr Jones And Son,2169,164.96,Communities,28/07/2021
Franklins Sandwich,6335,68.12,Fire and Rescue,05/07/2021
Franklins Sandwich,6382,29.95,Fire and Rescue,09/07/2021
Franklins Sandwich,7363,81.75,Fire and Rescue,22/07/2021
Franklins Sandwich,4632,170.10,Fire and Rescue,29/07/2021
Freemans,28674,-26.00,People,05/07/2021
Galleon Sup,7762,95.00,Communities,06/07/2021
Galleon Sup,2183,66.60,Communities,08/07/2021
Galleon Sup,123,83.25,Communities,13/07/2021
Galleon Sup,6213,145.00,Communities,15/07/2021
Gen Register Office,10950,11.00,People,09/07/2021
Gen Register Office,10545,14.00,People,09/07/2021
Gen Register Office,9048,38.00,People,16/07/2021
Gen Register Office,11136,22.00,Resources,20/07/2021
Gen Register Office,11144,33.00,Resources,20/07/2021
Gen Register Office,13470,14.00,People,22/07/2021
Gen Register Office,14138,14.00,People,29/07/2021
Gibson Garden Machiner,21629,86.89,Communities,27/07/2021
Go Ape,7517,330.00,People,22/07/2021
Go Ape,7561,357.50,People,22/07/2021
Good One Express,4610,2.44,People,29/07/2021
Google *ads2789853021,33989,500.33,Resources,22/07/2021
Google *cloud_015ba7-B,32608,71.06,Resources,02/07/2021
Greggs,20785,1.75,People,29/07/2021
Group For Ed In Museum,767,1.00,Resources,13/07/2021
H&bbc Internet,11418,93.00,People,15/07/2021
Halfords 0425,20903,11.67,Communities,08/07/2021
Halfords 0574,14128,18.00,Fire and Rescue,23/07/2021
Halfords On Line,16140,166.67,People,06/07/2021
Hayley Group Plc,10343,232.44,Fire and Rescue,27/07/2021
Hc Stratford-Upon-Avon,4013,161.08,Communities,24/07/2021
Hc Stratford-Upon-Avon,4016,10.00,Communities,24/07/2021
Hillfields Halal Meat,34246,24.00,People,21/07/2021
Hinckley Club For Youn,8900,60.00,People,19/07/2021
Hm Passport Office,25318,85.00,People,07/07/2021
Hm Passport Office,12962,49.00,People,22/07/2021
Hm Passport Office,9287,75.50,People,27/07/2021
Hm Passport Office,11077,75.50,People,29/07/2021
Hm.Com,7149,-24.15,Communities,10/07/2021
Hmcourts-Service.G,27239,75.00,People,19/07/2021
Hmcourts-Service.G,2831,75.00,People,30/07/2021
Hobbycraft Trading Lim,16854,94.45,People,15/07/2021
Hobbycraft Trading Lim,14628,123.33,People,21/07/2021
Hobbycraft Trading Lim,8024,159.71,People,23/07/2021
Home Bargains,7793,1.23,Fire and Rescue,02/07/2021
Home Bargains Online,10000,44.12,People,12/07/2021
Homemade Buffet Compa,4196,90.75,Communities,26/07/2021
Hotel At Booking.Com,38083,79.90,People,08/07/2021
Hotel At Booking.Com,35478,67.55,People,20/07/2021
Hotel At Booking.Com,35616,75.20,People,20/07/2021
Hotelscom9193776773271,31197,80.10,People,12/07/2021
Hr Cafe,24578,157.00,Communities,01/07/2021
Http://Evpeurope.Com,26903,24.26,Communities,12/07/2021
Hygiene Depot,6753,70.01,Communities,04/07/2021
Ibis Styles Crewe,22683,8.29,People,13/07/2021
Ibis Styles Crewe - H9,15900,49.17,People,05/07/2021
Ikea Ltd Shop Online,17193,457.50,People,09/07/2021
Ikea Ltd Shop Online,17949,181.67,People,21/07/2021
Incchoice,19264,10.36,People,09/07/2021
Informa UK Ecom Gb,19694,258.00,Communities,23/07/2021
Jax First Aid,839,339.00,Fire and Rescue,06/07/2021
Jd Sports Internet,28176,10.00,People,22/07/2021
Jd Sports Internet,25090,37.50,People,29/07/2021
Karpet Kingdom,3724,816.51,People,08/07/2021
Karpet Kingdom,560,174.87,People,30/07/2021
Kfc Rugby Drive Thru,21211,3.58,People,13/07/2021
Landmarkinf,11530,8.32,Communities,23/07/2021
Lcc Record Office,16515,7.92,Communities,08/07/2021
Leanneslaterstudios,8403,250.00,People,15/07/2021
Legoland Windsor,2877,117.00,People,30/07/2021
Leic City Council,11646,63.00,People,01/07/2021
Leic City Council,12486,12.00,Resources,01/07/2021
Leic City Council,8238,-11.00,Resources,15/07/2021
Lidl Gb Leamington,13784,21.76,People,12/07/2021
Lidl Gb Leamington,20291,1.65,People,22/07/2021
Linkedin Ireland,35350,91.72,Resources,20/07/2021
Linkedin Ireland,29314,85.99,Resources,23/07/2021
Linkedin Ireland,19760,85.55,Resources,30/07/2021
Linkedin-665*9188063,33243,90.65,Resources,27/07/2021
Liverpool City Council,26381,394.54,People,09/07/2021
M6 Toll,22437,7.00,People,16/07/2021
Machine Mart Ltd,10690,65.27,Communities,31/07/2021
Maia Gelato,1128,5.45,People,27/07/2021
Mailchimp,34139,659.11,Resources,17/07/2021
Mary Ann Evans Hospice,13110,70.83,People,01/07/2021
Mary Ann Evans Hospice,13453,283.00,People,30/07/2021
McDonalds,28205,5.04,People,05/07/2021
McDonalds,34115,5.36,People,15/07/2021
McDonalds,33403,10.99,People,15/07/2021
McDonalds,32494,7.88,People,22/07/2021
McDonalds,29143,11.19,People,29/07/2021
McDonalds,437,3.69,People,30/07/2021
McDonalds 1565,29472,5.67,People,27/07/2021
McDonalds 1574,35762,4.89,People,08/07/2021
McDonalds 1574,33112,6.43,People,21/07/2021
McDonalds 1620 / Warwi,36266,6.89,People,14/07/2021
McDonalds 1620 / Warwi,28785,18.77,People,16/07/2021
McDonalds 1620 / Warwi,33144,9.01,People,21/07/2021
McDonalds 1620 / Warwi,33148,5.83,People,21/07/2021
McDonalds 521,33453,5.97,People,06/07/2021
McDonalds 521,33449,12.25,People,06/07/2021
McDonalds 521,32704,6.28,People,13/07/2021
McDonalds 521,25081,7.77,People,26/07/2021
McDonalds 521,29211,5.83,People,29/07/2021
Mdc Exports Ltd,160,202.00,Fire and Rescue,21/07/2021
Medisave,20110,49.98,Communities,21/07/2021
Mes Systems Ltd,14555,95.00,Communities,28/07/2021
Metcalf Timber And Bui,8718,250.00,Communities,16/07/2021
Metcalf Timber And Bui,8722,171.40,Communities,16/07/2021
Mike B?s Security Lock,29583,-7.00,People,22/07/2021
Montague Storage,3038,75.00,Resources,16/07/2021
Morris Burden Mica Har,33777,8.74,Communities,08/07/2021
Mpb,19402,42.46,Communities,07/07/2021
Museums Asctn,29319,100.00,Communities,14/07/2021
My Gcse Science,626,49.90,Communities,21/07/2021
New Look Internet,2715,-72.45,Communities,03/07/2021
North Warwickshire Bor,10860,58.33,Communities,15/07/2021
Nuneaton & Bedworth Bc,24109,328.00,People,15/07/2021
Nuneaton & Bedworth Bc,22287,23.00,People,22/07/2021
Nuneaton Carpet Centre,4959,291.67,People,06/07/2021
Nuneaton Furniture Flo,2597,375.00,People,19/07/2021
Nuneaton Furniture Flo,2601,375.00,People,19/07/2021
O2 UK Mbb,23990,20.83,Communities,02/07/2021
Odeon Cinemas,4726,27.00,People,31/07/2021
Optimal Workshop,34218,144.64,Resources,17/07/2021
Paintstore Limited,22918,10.35,Communities,13/07/2021
Parcel2go.Com Ltd,22389,6.49,Communities,08/07/2021
Parcel2go.Com Ltd,20130,26.50,Communities,13/07/2021
Parcel2go.Com Ltd,22706,6.70,Communities,14/07/2021
Pasthorizon,8741,195.00,Communities,21/07/2021
Pay Weekly Carpets And,15107,250.00,Resources,28/07/2021
Paypal *als,8685,63.75,Communities,09/07/2021
Paypal *barclays Onbuy,9386,27.49,People,20/07/2021
Paypal *bigduglimit,6068,1145.00,Communities,26/07/2021
Paypal *cadinternat,38590,55.00,Communities,22/07/2021
Paypal *chemassist,6862,149.00,Communities,02/07/2021
Paypal *givingfnduk,4550,50.00,Communities,25/07/2021
Paypal *jcwarwick,3950,123.20,People,19/07/2021
Paypal *jcwarwick,6426,123.20,People,19/07/2021
Paypal *midfrdforum Mi,5784,65.00,Communities,15/07/2021
Paypal *midfrdforum Mi,5414,65.00,Communities,16/07/2021
Paypal *pugin Soc,7815,175.00,Communities,16/07/2021
Paypal *ukesupps Onbuy,3529,8.75,Communities,02/07/2021
Perdix Wildlife,274,11.90,Communities,22/07/2021
Pgl Travel Limited,26640,535.20,People,23/07/2021
Photo Me International,29482,6.00,People,12/07/2021
Planters Garden Centre,9158,24.99,Communities,31/07/2021
Planters Garden Centre,9158,76.17,Communities,31/07/2021
Plumbsave,15018,55.54,Resources,20/07/2021
Post Office Counter,6813,3.20,People,02/07/2021
Post Office Counter,8129,11.15,Communities,07/07/2021
Post Office Counter,8535,7.65,Communities,08/07/2021
Post Office Counter,5976,16.00,People,12/07/2021
Post Office Counter,5979,85.00,People,12/07/2021
Post Office Counter,8029,0.96,People,13/07/2021
Post Office Counter,2234,3.23,Communities,14/07/2021
Post Office Counter,9109,6.57,Communities,15/07/2021
Post Office Counter,5441,9.20,People,19/07/2021
Post Office Counter,4704,2.69,Communities,23/07/2021
Post Office Counter,4518,3.23,People,25/07/2021
Post Office Counter,1621,3.52,People,28/07/2021
Poundland Ltd 1251,21124,11.20,People,26/07/2021
Powertool World,16992,123.29,People,27/07/2021
Ppoint_*atwal News Ltd,19893,1.19,People,06/07/2021
Premier Farnell,2635,12.22,Fire and Rescue,08/07/2021
Premier Farnell,5748,132.45,People,15/07/2021
Premier Inn 44033690,2874,82.86,Fire and Rescue,09/07/2021
Premier Inn 44033690,14332,-80.95,Fire and Rescue,15/07/2021
Premier Inn 44033690,14335,-7.62,Fire and Rescue,15/07/2021
Premier Inn 44536635,13332,254.96,Fire and Rescue,27/07/2021
Premier Inn 44536635,13335,254.96,Fire and Rescue,27/07/2021
Premier Inn44014350,4727,168.54,Fire and Rescue,03/07/2021
Premier Inn44014350,15684,-23.99,Fire and Rescue,06/07/2021
Premier Inn44014350,16779,-71.97,Fire and Rescue,07/07/2021
Premier Inn44016155,12141,33.33,People,26/07/2021
Premier Inn44521695,14381,-8.56,People,04/07/2021
Premier Inn44521695,14384,-8.56,People,04/07/2021
Premier Inn44521815,14619,73.33,People,08/07/2021
Prestige Bouncy Ca,10275,665.83,People,28/07/2021
Prezzee/Gbfd6f8bc7,3071,10.00,People,21/07/2021
Primark - Coventry,92,10.50,People,14/07/2021
Puregym Limited,10423,30.99,People,01/07/2021
Puregym Limited,1693,191.88,People,23/07/2021
Rajapack.Co.Uk,24712,222.00,Communities,29/07/2021
Reach Publishing Servi,16257,61.88,Resources,28/07/2021
Reach Publishing Servi,16261,30.94,Resources,28/07/2021
Robert Dyas Holdng Ltd,19896,9.57,Resources,05/07/2021
Robert Dyas Holdng Ltd,18485,16.66,Communities,16/07/2021
Robins And Day Parts W,6419,109.49,Communities,13/07/2021
Royal Mail,9849,333.50,Communities,13/07/2021
Royal Mail,9750,112.00,Communities,16/07/2021
Royal Mail,9754,302.00,Communities,16/07/2021
Royal Mail Fees,14962,321.00,Communities,29/07/2021
Royal Mail Group,19754,101.97,People,08/07/2021
Royal Mail Group Ltd,12987,3.68,People,07/07/2021
Royal Mail Group Ltd,10485,5.67,People,08/07/2021
Royal Mail Group Ltd,7961,3.95,Communities,27/07/2021
Rs Components,7698,50.37,Resources,12/07/2021
Sainsburys Nuneato,26761,29.00,People,29/07/2021
Sainsburys S/mkt,31149,3.15,People,01/07/2021
Sainsburys S/mkt,29395,3.60,People,15/07/2021
Sainsburys S/mkt,29375,3.05,People,15/07/2021
Sainsburys S/mkt,25006,3.20,People,20/07/2021
Sainsburys S/mkt,22372,3.75,People,29/07/2021
Sainsburys S/mkt,23813,40.00,People,29/07/2021
Sainsburys S/mkts,5343,16.14,Communities,30/07/2021
Sainsburys S/mkts,10249,1.50,Communities,31/07/2021
Saunders Club,16827,30.00,Fire and Rescue,14/07/2021
Sccs,27161,145.00,Communities,13/07/2021
Schoolhire* B594861,15408,-16.75,People,19/07/2021
Screwfix Dir Ltd,27191,70.82,People,29/07/2021
Screwfix Direct,36208,30.82,Communities,01/07/2021
Screwfix Direct,27126,27.49,Communities,02/07/2021
Screwfix Direct,22197,24.99,People,09/07/2021
Screwfix Direct,22197,22.49,People,09/07/2021
Screwfix Direct,22357,49.99,Communities,09/07/2021
Screwfix Direct,29188,20.00,Communities,13/07/2021
Screwfix Direct,35126,24.98,Fire and Rescue,15/07/2021
Screwfix Direct,28337,18.32,People,27/07/2021
Seaton Hire Ltd,19642,60.50,Communities,29/07/2021
Seaton Hire Ltd,8529,24.96,Communities,30/07/2021
Seton,8056,33.99,People,16/07/2021
Seton,6245,31.68,Communities,26/07/2021
Signs Express Coventry,23119,86.50,Communities,05/07/2021
Silver Line Wheels & T,18542,25.00,Communities,27/07/2021
Smythstoys.Com,16266,37.49,People,20/07/2021
Snap Inc Snap Snap Ads,7976,5.21,Resources,01/07/2021
Snap Inc Snap Snap Ads,581,4.86,Resources,02/07/2021
Snap Inc Snap Snap Ads,395,4.94,Resources,03/07/2021
Snap Inc Snap Snap Ads,2856,5.72,Resources,04/07/2021
Snap Inc Snap Snap Ads,4084,4.70,Resources,05/07/2021
Snap Inc Snap Snap Ads,3149,3.77,Resources,06/07/2021
Snap Inc Snap Snap Ads,12,20.81,Resources,15/07/2021
Snap Inc Snap Snap Ads,5964,29.60,Resources,16/07/2021
Snap Inc Snap Snap Ads,2502,30.26,Resources,17/07/2021
Snap Inc Snap Snap Ads,1927,32.30,Resources,18/07/2021
Snap Inc Snap Snap Ads,31,30.24,Resources,19/07/2021
Snap Inc Snap Snap Ads,7647,26.64,Resources,20/07/2021
Snap Inc Snap Snap Ads,3275,26.08,Resources,21/07/2021
Snap Inc Snap Snap Ads,5028,4.08,Resources,22/07/2021
Solihull Station T/o,6379,6.60,People,24/07/2021
Sp * Anker Uk,4981,133.32,Communities,21/07/2021
Sp * Dandys Topsoil,2958,337.22,Communities,25/07/2021
Sp * Dhammatekuk,1395,249.17,People,26/07/2021
Sp * Direct 4 Baby,562,24.99,People,09/07/2021
Sp * Down Syndrome Edu,1014,200.00,People,19/07/2021
Sp * Dustarrest,5521,2975.00,People,23/07/2021
Sp * Dustarrest,234,4500.00,People,26/07/2021
Sp * R3 Sar Gear,1070,65.53,Fire and Rescue,22/07/2021
Sportsdirect.Com,1543,62.98,People,01/07/2021
Sportsdirect.Com,2053,32.48,People,15/07/2021
Sq *a Bit Of A Do Ltd,18788,120.00,Communities,12/07/2021
Sq *a Bit Of A Do Ltd,18792,72.00,Communities,12/07/2021
Sq *forrest,25555,6.00,People,22/07/2021
Sq *sapphire,21835,37.50,People,13/07/2021
Sq *strive To Succeed,19572,120.00,People,29/07/2021
Sq *strive To Succeed,19576,120.00,People,29/07/2021
Sq *strive To Succeed,19580,120.00,People,29/07/2021
Sq *viabl Ltd T/A Able,30213,127.00,People,09/07/2021
St John Ambulance,26012,230.00,Communities,02/07/2021
St John Ambulance,31570,230.00,Communities,13/07/2021
Staffordshire County C,14003,85.30,Communities,20/07/2021
Stagecoach Service,11642,66.80,People,02/07/2021
Stagecoach Service,12794,52.80,People,02/07/2021
Stagecoach Service,12798,23.50,People,02/07/2021
Stagecoach Service,14026,23.50,People,09/07/2021
Stagecoach Service,14030,52.80,People,09/07/2021
Stagecoach Service,10742,55.67,People,16/07/2021
Stagecoach Service,12690,46.50,People,16/07/2021
Stagecoach Service,10319,93.00,People,27/07/2021
Stagecoach Service,10323,66.80,People,27/07/2021
Starbucks,17907,7.10,People,20/07/2021
Starbucks,15028,7.58,People,29/07/2021
Starbucks Budbrooke,35152,8.00,People,07/07/2021
Starbucks Budbrooke,36248,8.35,People,08/07/2021
Starbucks Budbrooke,3243,7.60,People,22/07/2021
Stitch-Tech Limited,10382,91.45,People,30/07/2021
Stratrode S Stn,36511,1.99,People,15/07/2021
Subway,13649,7.80,People,26/07/2021
Subway 61955 Bermuda P,15818,4.97,Communities,02/07/2021
Summerfield Books,1507,44.68,Communities,30/07/2021
Sumup *neils Car,21501,29.17,People,21/07/2021
Sumup *the Cake & Chee,21903,31.00,Communities,06/07/2021
Sumup *the Cake & Chee,21915,38.00,Communities,06/07/2021
Sumup *the Cake & Chee,21919,38.00,Communities,06/07/2021
Sumup *unicorn Screen,25153,166.50,Communities,01/07/2021
Tahims Ltd,4849,345.13,Resources,01/07/2021
Teamviewer Gmbh,31274,331.67,Resources,12/07/2021
Tesco Gift Card,14302,16.67,People,14/07/2021
Tesco Gift Card,13904,30.00,People,15/07/2021
Tesco Gift Card,8712,-30.00,People,15/07/2021
Tesco Gift Card,10786,35.00,People,19/07/2021
Tesco Gift Card,8801,35.00,People,26/07/2021
Tesco Gift Card,10502,20.00,People,30/07/2021
Tesco Pay At Pump 4003,19122,8.33,Communities,01/07/2021
Tesco Pay At Pump 4003,19122,8.33,Communities,01/07/2021
Tesco Store 2813,11257,4.50,People,19/07/2021
Tesco Store 3370,15209,35.00,Communities,14/07/2021
Tesco Stores 2328,9140,16.66,People,16/07/2021
Tesco Stores 2328,10464,24.50,People,29/07/2021
Tesco-Stores 6473,7930,2.14,People,02/07/2021
The Arboricultural Ass,10296,155.95,Communities,29/07/2021
The Garden Shed Cafe,23797,7.40,People,05/07/2021
The Garden Shed Cafe,28985,6.60,People,21/07/2021
The Makaton Charit,20157,145.83,People,19/07/2021
Theory Test Pro,5455,9.00,Fire and Rescue,23/07/2021
Thetrainline.Com,5015,17.34,People,02/07/2021
Thetrainline.Com,3948,-261.80,People,05/07/2021
Thetrainline.Com,14329,71.95,People,06/07/2021
Thetrainline.Com,147,-67.00,People,07/07/2021
Thetrainline.Com,467,11.59,People,12/07/2021
Thetrainline.Com,6968,120.67,People,12/07/2021
Thetrainline.Com,3251,11.59,People,19/07/2021
Thetrainline.Com,3673,8.54,People,20/07/2021
Thetrainline.Com,13458,-4.60,People,21/07/2021
Thetrainline.Com,13501,11.59,People,21/07/2021
Thetrainline.Com,5081,12.81,People,23/07/2021
Thetrainline.Com,6843,7.93,People,23/07/2021
Thetrainline.Com,660,38.75,People,27/07/2021
Thetrainline.Com,667,50.14,People,27/07/2021
Thetrainline.Com,2337,18.92,People,28/07/2021
Thetrainline.Com,486,62.24,People,28/07/2021
Timpson Ltd,21979,14.17,Communities,06/07/2021
Timpson Ltd,19793,1.62,People,16/07/2021
Timpson Ltd,19917,11.67,Fire and Rescue,20/07/2021
Tk Maxx,13792,3.32,People,26/07/2021
Toolstation Ltd,28043,129.98,Communities,14/07/2021
Toolstation Ltd,25122,9.64,Communities,21/07/2021
Toolstation Uk,17727,54.15,Fire and Rescue,02/07/2021
Toolstation Uk,20082,67.45,Communities,13/07/2021
Trainline,7155,57.07,People,02/07/2021
Trainline,7135,11.59,People,02/07/2021
Trainline,7088,11.59,People,05/07/2021
Trainline,9079,11.59,People,07/07/2021
Trainline,6416,74.29,People,12/07/2021
Trainline,12187,11.59,People,14/07/2021
Trainline,8932,20.34,People,15/07/2021
Trainline,7385,12.81,People,16/07/2021
Trainline,8471,72.84,People,21/07/2021
Trainline,8483,14.70,People,21/07/2021
Trainline,5964,11.59,People,26/07/2021
Trainline,8508,11.59,People,28/07/2021
Trainline.Com,6363,8.54,People,05/07/2021
Trainline.Com,7815,79.79,People,06/07/2021
Trainline.Com,8479,7.93,People,13/07/2021
Trainline.Com,8483,8.54,People,13/07/2021
Trainline.Com,7175,-4.60,People,14/07/2021
Trainline.Com,8312,95.75,People,21/07/2021
Trainline.Com,6785,8.54,People,27/07/2021
Trainline.Com,7083,11.27,People,29/07/2021
Trainline.Com,7059,12.20,People,29/07/2021
Travelodge Gb0000,26496,463.76,People,12/07/2021
Travelodge Gb0000,26496,8.11,People,12/07/2021
Travelodge Gb0000,23165,35.20,People,22/07/2021
Travelodge Gb0000,18035,228.44,People,30/07/2021
Tudor Environmental,15484,71.48,Communities,07/07/2021
Tudor Environmental,12908,896.89,Communities,19/07/2021
Tuffshop.Co.Uk,23133,46.65,People,27/07/2021
Tvlicensing.Co.Uk,5136,159.00,People,09/07/2021
Tvlicensing.Co.Uk,8323,159.00,Communities,19/07/2021
Tvlicensing.Co.Uk,7657,159.00,Fire and Rescue,20/07/2021
Uber *trip,16129,6.00,People,16/07/2021
Uber *trip Help.Uber.C,13063,74.88,People,02/07/2021
Ukata,3565,257.25,Resources,26/07/2021
Vehicle Lining Service,8144,108.00,Fire and Rescue,29/07/2021
Verivide Ltd,12665,60.00,Fire and Rescue,21/07/2021
Viking Uk,22326,287.94,Communities,04/07/2021
Viking Uk,22370,124.27,Communities,05/07/2021
Viking Uk,16040,7.08,Communities,26/07/2021
Viking Uk,19085,23.87,Communities,29/07/2021
Virtualinout.Com,12487,13.81,Communities,12/07/2021
Volvo Warwick Sales,12608,236.77,Communities,28/07/2021
W M Briers & Son (Tamw,7641,207.00,Communities,26/07/2021
W M Morrison Store,29446,14.70,People,22/07/2021
Waitrose 474,19638,10.67,Communities,23/07/2021
Waldos,11123,7.58,Communities,30/07/2021
Warwick District Counc,11096,491.22,People,01/07/2021
Warwick District Counc,8332,200.00,People,05/07/2021
Warwick District Counc,9586,290.45,People,06/07/2021
Warwick District Counc,14120,324.52,Communities,08/07/2021
Warwick District Counc,10782,353.42,People,12/07/2021
Warwick District Counc,8706,451.50,People,12/07/2021
Warwick District Counc,5117,75.64,People,23/07/2021
Web Wiz Ltd,35860,35.94,Communities,15/07/2021
Wenman Healthcare Ltd,3021,39.91,Communities,26/07/2021
West Midland Card,31488,4.00,People,09/07/2021
Wh Smith,16708,125.00,Fire and Rescue,02/07/2021
White Animal Feeds,5981,136.90,Communities,01/07/2021
Wickes Nuneaton,27311,13.33,People,07/07/2021
Wiggle Limited,4004,49.37,Fire and Rescue,29/07/2021
Wildcare Ltd,15009,71.87,Communities,20/07/2021
Wilko Retail Limited,17018,12.08,Fire and Rescue,15/07/2021
Wilko Retail Limited,15753,6.67,People,21/07/2021
Wilko.Com,13290,130.00,People,22/07/2021
Wilko.Com,11927,47.50,People,28/07/2021
Wm Morrisons Store,29627,6.00,People,22/07/2021
Wm Morrisons Store,29631,4.68,People,22/07/2021
Worcestershire Cou,24711,104.00,Communities,01/07/2021
Wp-Warwickshire Co,14690,11.00,People,01/07/2021
Wp-Warwickshire Co,14694,11.00,People,01/07/2021
Wp-Warwickshire Co,13064,11.00,People,08/07/2021
Wp-Warwickshire Co,11030,11.00,People,12/07/2021
Wp-Warwickshire Co,11034,11.00,People,12/07/2021
Wp-Warwickshire Co,13661,11.00,People,15/07/2021
Wp-Warwickshire Co,13665,11.00,People,15/07/2021
Wp-Warwickshire Co,12397,11.00,People,16/07/2021
Wp-Warwickshire Co,12732,11.00,Resources,20/07/2021
Wp-Warwickshire Co,12736,11.00,Resources,20/07/2021
Wp-Warwickshire Co,12734,11.00,Resources,22/07/2021
Wp-Warwickshire Co,12726,11.00,People,22/07/2021
Wp-Warwickshire Co,12730,11.00,People,22/07/2021
Wp-Warwickshire Co,12277,22.00,Resources,23/07/2021
Wp-Warwickshire Co,13807,11.00,People,30/07/2021
Wp-Warwickshire Co,13735,22.00,Resources,30/07/2021
Wp-Warwickshire Co,13536,11.00,Resources,30/07/2021
Www.Aat-Org.Uk,15300,167.00,Resources,20/07/2021
Www.Aat-Org.Uk,15303,167.00,Resources,20/07/2021
Www.Asos.Com,28593,62.33,Communities,13/07/2021
Www.Barrettsteel.Com,25111,388.56,Communities,14/07/2021
Www.Britishgas.Co.,6126,81.73,People,30/07/2021
Www.Britishgas.Co.,6186,14.34,People,30/07/2021
Www.Cardfactory.Co.Uk,13194,19.26,People,06/07/2021
Www.Cipfa.Org.Uk,8562,110.00,Resources,30/07/2021
Www.Cips.Org,25482,206.00,Resources,13/07/2021
Www.Cips.Org,25486,206.00,Resources,13/07/2021
Www.Connevans.Com,6780,570.00,Communities,30/07/2021
Www.Costco.Co.Uk,6801,191.66,Communities,28/07/2021
Www.Coventry.Gov.Uk,23037,134.00,People,05/07/2021
Www.Coventry.Gov.Uk,27630,281.40,People,07/07/2021
Www.Coventry.Gov.Uk,28605,11.00,People,08/07/2021
Www.Coventry.Gov.Uk,25421,150.63,People,13/07/2021
Www.Coventry.Gov.Uk,25427,287.68,People,13/07/2021
Www.Coventry.Gov.Uk,25994,90.00,People,14/07/2021
Www.Coventry.Gov.Uk,25498,11.00,Resources,15/07/2021
Www.Coventry.Gov.Uk,25501,11.00,Resources,15/07/2021
Www.Coventry.Gov.Uk,20717,938.00,People,19/07/2021
Www.Coventry.Gov.Uk,24574,1217.89,People,21/07/2021
Www.Coventry.Gov.Uk,23684,11.00,Resources,22/07/2021
Www.Coventry.Gov.Uk,20645,11.00,People,28/07/2021
Www.Coventryhome.Co.Uk,10988,375.00,People,01/07/2021
Www.Coventryhome.Co.Uk,7226,525.00,People,12/07/2021
Www.Discountdisplays.C,14992,302.95,Communities,05/07/2021
Www.Fta.Co.Uk,14994,154.50,Communities,21/07/2021
Www.Goape.Co.Uk,5005,440.00,People,27/07/2021
Www.Gompels.Co.Uk,14668,67.76,Resources,22/07/2021
Www.Gov.Uk,26141,1.50,Resources,05/07/2021
Www.Gov.Uk,33995,1.50,Resources,14/07/2021
Www.Gov.Uk,27344,1.50,Resources,15/07/2021
Www.Gov.Uk,24906,1.50,Resources,26/07/2021
Www.Gov.Uk,24458,1.50,Resources,28/07/2021
Www.Hyva.Co.Uk,25116,537.03,Communities,20/07/2021
Www.Johnlewis.Com,28124,52.49,People,20/07/2021
Www.Mad4tools.Com,12285,21.48,People,27/07/2021
Www.Nuneatonandbedwort,12105,306.00,People,01/07/2021
Www.Nuneatonandbedwort,12109,339.00,People,01/07/2021
Www.Nuneatonandbedwort,11935,749.34,People,07/07/2021
Www.Nuneatonandbedwort,8462,424.79,People,16/07/2021
Www.Nuneatonandbedwort,8466,400.00,People,16/07/2021
Www.Online4baby.Com,10645,312.67,People,09/07/2021
Www.Online4baby.Com,10346,107.46,People,23/07/2021
Www.Peymans.Uk,18902,870.00,People,01/07/2021
Www.Peymans.Uk,15338,375.00,People,09/07/2021
Www.Peymans.Uk,13820,500.00,People,12/07/2021
Www.Peymans.Uk,17189,945.00,People,15/07/2021
Www.Peymans.Uk,15936,1850.00,People,21/07/2021
Www.Physioroom.Com,9923,62.98,People,07/07/2021
Www.Preservationequipm,26758,13.45,Communities,08/07/2021
Www.Primrose.Co.Uk,13008,406.64,People,28/07/2021
Www.Qualsafe.Com,13263,299.80,Fire and Rescue,26/07/2021
Www.Redcandy.Co.Uk,264,60.79,People,09/07/2021
Www.Shop4group.Co.Uk,17275,43.49,Communities,06/07/2021
Www.Squab.Co.Uk,14682,51.60,People,13/07/2021
Www.Squab.Co.Uk,12126,-5.96,People,27/07/2021
Www.Studio.Co.Uk,26259,22.48,People,09/07/2021
Www.Thebeautyacademy.O,11440,125.00,People,20/07/2021
Www.Theglowcompany.Co.,15577,17.48,People,07/07/2021
Www.Thelawsociety.Org,10718,39.00,Resources,16/07/2021
Www.Thelawsociety.Org,10275,39.00,Resources,27/07/2021
Www.Thorne.Co.Uk,25612,150.00,Communities,28/07/2021
Www.Tts-Groups.Co.Uk,13574,71.90,Communities,27/07/2021
Www.Tudorenvironmental,14242,328.33,Communities,06/07/2021
Www.Unistorelondon.Co.,9090,45.74,Fire and Rescue,26/07/2021
Www.Wolverhampton.Gov.,16030,155.65,People,07/07/2021
Wwwreinforcedbedscouk,21963,-1374.17,People,22/07/2021
Yell Limited,23632,391.75,Communities,21/07/2021
Zoom.Us 888-799-9666,12572,359.70,Communities,03/07/2021
,1822105577,1.54,Resources,01/07/2021
,1862105429,0.43,Communities,05/07/2021
,1882113299,0.40,Resources,07/07/2021
,1932107081,0.38,Communities,12/07/2021
,2002106240,3.98,Resources,19/07/2021
,2102106057,0.24,Resources,29/07/2021
,2102105090,2.37,Resources,29/07/2021
,2112105077,1.97,Resources,30/07/2021
