Transaction Number,Supplier,Net Amount,Directorate,Date
21993,2maa029376077 Td E-Pmt,£75.00,People,07/03/2022
25511,2maa029515141 Td E-Pmt,£75.00,People,16/03/2022
31941,3c_*university Of Worc,£3.00,Communities,21/03/2022
33640,A La Cart Cafe,£108.00,Resources,28/03/2022
3662,A La Carte,£142.50,Resources,23/03/2022
15240,A Medium Corporation,£37.88,Resources,05/03/2022
42359,Ab* Abebooks.Uk J97db9,£4.29,Communities,04/03/2022
42363,Ab* Abebooks.Uk J97dba,£10.35,Communities,04/03/2022
44447,Adobe Dw Creative Cld,£10.53,Resources,31/03/2022
9000,Age UK Warwickshir,£3.00,Resources,30/03/2022
18574,Agora Publications,£96.78,Communities,24/03/2022
9027,Airbnb * Hm9xcpc2wf,£409.29,People,22/03/2022
41536,Aldi 17 772,£22.62,People,14/03/2022
48050,Aldi 17 772,£10.23,People,30/03/2022
46871,Aldi 38 772,£8.75,People,08/03/2022
47578,Aldi 38 772,£0.79,People,15/03/2022
47570,Aldi 38 772,£6.78,People,15/03/2022
32439,Aldi 38 772,£7.16,Communities,18/03/2022
46581,Aldi 38 772,£4.15,People,22/03/2022
33510,Aldi 38 772,£8.37,Communities,25/03/2022
48378,Aldi 61 772,£2.75,Communities,23/03/2022
46875,Aldi 89 772,£24.97,People,08/03/2022
27133,Allpay *orbit Group Li,£91.09,People,15/03/2022
5590,Amazon Prime*216wv50z4,£6.66,Communities,18/03/2022
1206,Amazon Prime*292z41f14,£7.99,People,27/03/2022
10251,Amazon Prime*2x6rv5gp4,£7.99,Communities,08/03/2022
7265,Amazon Prime*2x8fv9f24,£7.99,Communities,03/03/2022
6573,Amazon.Co.Uk*210bl9nq4,£56.25,Resources,16/03/2022
8564,Amazon.Co.Uk*210dg47h4,£33.32,People,24/03/2022
11420,Amazon.Co.Uk*213mq9284,£11.99,People,23/03/2022
1822,Amazon.Co.Uk*214520g04,£7.84,Resources,19/03/2022
2689,Amazon.Co.Uk*214549fq4,£17.81,Communities,15/03/2022
20767,Amazon.Co.Uk*2148c52e4,£14.16,Communities,23/03/2022
46270,Amazon.Co.Uk*214cm1kf4,£137.08,Resources,24/03/2022
379,Amazon.Co.Uk*214u542d4,£11.99,People,23/03/2022
20627,Amazon.Co.Uk*2158822h4,£14.16,Communities,23/03/2022
42114,Amazon.Co.Uk*2163k2zj4,£19.97,Resources,16/03/2022
20747,Amazon.Co.Uk*2169r3kk4,£14.16,Communities,23/03/2022
12408,Amazon.Co.Uk*216mk29c4,£25.00,People,24/03/2022
12576,Amazon.Co.Uk*217dl5434,£71.61,Resources,15/03/2022
9069,Amazon.Co.Uk*2185g6ws4,£33.32,Resources,25/03/2022
20751,Amazon.Co.Uk*2189m3ks4,£14.16,Communities,23/03/2022
12827,Amazon.Co.Uk*218g284t4,£19.95,Communities,15/03/2022
20763,Amazon.Co.Uk*2199y0k84,£14.16,Communities,23/03/2022
20553,Amazon.Co.Uk*219eh72p4,£14.16,Communities,23/03/2022
383,Amazon.Co.Uk*219mv2204,£11.99,People,23/03/2022
26711,Amazon.Co.Uk*291745tc4,£4.41,People,29/03/2022
523,Amazon.Co.Uk*292he2pp4,£10.98,People,31/03/2022
36428,Amazon.Co.Uk*294ok6ta4,£29.98,People,29/03/2022
3661,Amazon.Co.Uk*294pk6co4,£61.44,Communities,26/03/2022
15387,Amazon.Co.Uk*294qd9jw4,£14.63,People,29/03/2022
42464,Amazon.Co.Uk*295pq51d4,£16.67,Resources,31/03/2022
586,Amazon.Co.Uk*2987b4ol4,£116.66,People,27/03/2022
2729,Amazon.Co.Uk*298988cx4,£8.73,Fire and Rescue,26/03/2022
1217,Amazon.Co.Uk*2r03d5yx4,£18.82,People,02/03/2022
1209,Amazon.Co.Uk*2r3397yv4,£18.82,People,02/03/2022
10577,Amazon.Co.Uk*2x0b46e74,£48.33,Resources,07/03/2022
6449,Amazon.Co.Uk*2x0jz6iq4,£485.19,Resources,13/03/2022
29862,Amazon.Co.Uk*2x11d1hq4,£201.00,Resources,09/03/2022
1123,Amazon.Co.Uk*2x1kd6bj4,£71.98,Resources,10/03/2022
817,Amazon.Co.Uk*2x1pc4uh4,£321.48,Resources,13/03/2022
10817,Amazon.Co.Uk*2x1zu3k54,£24.98,Resources,11/03/2022
913,Amazon.Co.Uk*2x22t3ky4,£99.09,People,12/03/2022
21764,Amazon.Co.Uk*2x2ap3hr4,£9.99,Resources,09/03/2022
7964,Amazon.Co.Uk*2x2hb6in4,£21.93,Resources,13/03/2022
2165,Amazon.Co.Uk*2x37f3s54,£101.44,Communities,11/03/2022
3250,Amazon.Co.Uk*2x4514iz4,£12.50,People,13/03/2022
13524,Amazon.Co.Uk*2x49p1dz4,£237.78,Resources,10/03/2022
3731,Amazon.Co.Uk*2x4de4244,£160.25,Fire and Rescue,11/03/2022
30392,Amazon.Co.Uk*2x4ik5h44,£29.01,Communities,09/03/2022
1967,Amazon.Co.Uk*2x4n55ua4,£158.52,Resources,13/03/2022
1466,Amazon.Co.Uk*2x4py1nb4,£47.94,Resources,05/03/2022
7859,Amazon.Co.Uk*2x4q69hb4,£29.97,Resources,10/03/2022
7831,Amazon.Co.Uk*2x4sd2hz4,£9.99,Resources,10/03/2022
34254,Amazon.Co.Uk*2x57f4nb4,£87.92,People,05/03/2022
30452,Amazon.Co.Uk*2x5t42he4,£9.99,Resources,09/03/2022
13547,Amazon.Co.Uk*2x5tf0vd4,£11.29,People,08/03/2022
21466,Amazon.Co.Uk*2x5yi6hr4,£39.96,Resources,09/03/2022
14432,Amazon.Co.Uk*2x6kk0vn4,£46.10,Resources,08/03/2022
2572,Amazon.Co.Uk*2x6l07sc4,£187.49,Communities,11/03/2022
3979,Amazon.Co.Uk*2x6lj1204,£34.99,Communities,11/03/2022
13535,Amazon.Co.Uk*2x6p50vn4,£38.38,Fire and Rescue,08/03/2022
1527,Amazon.Co.Uk*2x6va7564,£29.58,People,09/03/2022
1022,Amazon.Co.Uk*2x6y688o4,£38.87,Fire and Rescue,10/03/2022
47687,Amazon.Co.Uk*2x76e6m74,£50.73,People,09/03/2022
2625,Amazon.Co.Uk*2x7td3mv4,£27.75,People,09/03/2022
2589,Amazon.Co.Uk*2x89n0il4,£12.50,People,13/03/2022
2155,Amazon.Co.Uk*2x8mr1314,£21.54,Resources,05/03/2022
13360,Amazon.Co.Uk*2x8ox8634,£660.50,Resources,10/03/2022
1043,Amazon.Co.Uk*2x9ho5ue4,£69.93,Resources,13/03/2022
3360,Ampulla Ltd,£53.70,Fire and Rescue,29/03/2022
5522,Amz*allied Uk,-£33.32,Communities,23/03/2022
3303,Amz*ankerdirect Uk,-£116.65,Fire and Rescue,18/03/2022
4913,Amz*autofulleu,-£84.99,Resources,31/03/2022
5052,Amz*aykrm Hi Vis,-£17.47,Communities,28/03/2022
689,Amz*dlm Direct,-£52.75,Fire and Rescue,11/03/2022
6656,Amz*printing Saver,-£61.58,Resources,29/03/2022
8429,Amznmktplace,£13.32,People,01/03/2022
8579,Amznmktplace,£13.32,People,01/03/2022
14223,Amznmktplace,£14.97,Resources,01/03/2022
4248,Amznmktplace,£19.86,Communities,01/03/2022
8858,Amznmktplace,£23.32,Communities,01/03/2022
256,Amznmktplace,£24.97,People,01/03/2022
11541,Amznmktplace,£25.57,People,01/03/2022
10780,Amznmktplace,£25.82,Resources,01/03/2022
9293,Amznmktplace,£27.14,Communities,01/03/2022
5365,Amznmktplace,£31.83,Resources,01/03/2022
28741,Amznmktplace,£38.32,People,01/03/2022
5290,Amznmktplace,£54.99,People,01/03/2022
5936,Amznmktplace,£54.99,People,01/03/2022
14335,Amznmktplace,£59.79,People,01/03/2022
14876,Amznmktplace,£59.96,People,01/03/2022
1969,Amznmktplace,£74.92,People,01/03/2022
9938,Amznmktplace,£74.92,People,01/03/2022
10854,Amznmktplace,£99.92,People,01/03/2022
9331,Amznmktplace,£1.89,People,02/03/2022
10070,Amznmktplace,£11.23,Resources,02/03/2022
8799,Amznmktplace,£18.29,Communities,02/03/2022
5548,Amznmktplace,£18.32,Communities,02/03/2022
3721,Amznmktplace,£19.16,Communities,02/03/2022
1767,Amznmktplace,£20.72,People,02/03/2022
20694,Amznmktplace,£29.99,People,02/03/2022
5382,Amznmktplace,£31.65,People,02/03/2022
8316,Amznmktplace,£38.32,People,02/03/2022
12685,Amznmktplace,£44.95,Communities,02/03/2022
42108,Amznmktplace,£59.94,People,02/03/2022
20694,Amznmktplace,£59.96,People,02/03/2022
9733,Amznmktplace,£1.89,People,03/03/2022
14416,Amznmktplace,£2.08,Communities,03/03/2022
5756,Amznmktplace,£4.12,Communities,03/03/2022
42020,Amznmktplace,£4.71,Communities,03/03/2022
14416,Amznmktplace,£5.87,Communities,03/03/2022
41520,Amznmktplace,£9.99,Resources,03/03/2022
620,Amznmktplace,£14.91,People,03/03/2022
9127,Amznmktplace,£21.62,Communities,03/03/2022
25783,Amznmktplace,£23.25,Communities,03/03/2022
7148,Amznmktplace,£24.98,Fire and Rescue,03/03/2022
6656,Amznmktplace,£32.50,People,03/03/2022
41748,Amznmktplace,£49.97,Communities,03/03/2022
6508,Amznmktplace,£65.61,People,03/03/2022
395,Amznmktplace,£85.39,People,03/03/2022
4367,Amznmktplace,£87.16,Fire and Rescue,03/03/2022
5847,Amznmktplace,£136.66,Communities,03/03/2022
40416,Amznmktplace,£2.07,Communities,04/03/2022
1819,Amznmktplace,£2.42,Resources,04/03/2022
40416,Amznmktplace,£5.87,Communities,04/03/2022
3146,Amznmktplace,£7.99,People,04/03/2022
9862,Amznmktplace,£15.82,Resources,04/03/2022
2740,Amznmktplace,£49.97,Communities,04/03/2022
6213,Amznmktplace,£25.82,People,05/03/2022
5810,Amznmktplace,£36.63,People,06/03/2022
5888,Amznmktplace,£43.34,Resources,06/03/2022
3255,Amznmktplace,£44.06,Communities,06/03/2022
4509,Amznmktplace,£60.81,People,06/03/2022
3297,Amznmktplace,£141.62,Communities,06/03/2022
3309,Amznmktplace,£141.62,Communities,06/03/2022
4322,Amznmktplace,£255.17,Communities,06/03/2022
8664,Amznmktplace,£9.49,Communities,07/03/2022
7301,Amznmktplace,£9.89,Communities,07/03/2022
8797,Amznmktplace,£16.26,Communities,07/03/2022
3762,Amznmktplace,£29.79,Resources,07/03/2022
5157,Amznmktplace,£29.79,Resources,07/03/2022
2888,Amznmktplace,£46.20,Communities,07/03/2022
10718,Amznmktplace,£52.36,Communities,07/03/2022
11100,Amznmktplace,£52.46,Communities,07/03/2022
8421,Amznmktplace,£5.79,Resources,08/03/2022
5475,Amznmktplace,£14.97,Resources,08/03/2022
345,Amznmktplace,£15.08,People,08/03/2022
14522,Amznmktplace,£27.89,Communities,08/03/2022
14336,Amznmktplace,£27.96,Resources,08/03/2022
14446,Amznmktplace,£41.94,Resources,08/03/2022
13662,Amznmktplace,£63.96,Resources,08/03/2022
5516,Amznmktplace,£71.50,People,08/03/2022
3855,Amznmktplace,£116.17,Fire and Rescue,08/03/2022
6072,Amznmktplace,£9.16,Communities,09/03/2022
4209,Amznmktplace,£12.49,Fire and Rescue,09/03/2022
13747,Amznmktplace,£17.47,Communities,09/03/2022
2793,Amznmktplace,£65.82,Communities,09/03/2022
48154,Amznmktplace,£79.98,Resources,09/03/2022
6149,Amznmktplace,£3.74,Fire and Rescue,10/03/2022
42178,Amznmktplace,£7.16,People,10/03/2022
7867,Amznmktplace,£8.30,Communities,10/03/2022
3966,Amznmktplace,£9.16,Resources,10/03/2022
7656,Amznmktplace,£13.32,Fire and Rescue,10/03/2022
476,Amznmktplace,£15.79,Resources,10/03/2022
19765,Amznmktplace,£15.82,Resources,10/03/2022
6801,Amznmktplace,£19.73,Resources,10/03/2022
27428,Amznmktplace,£21.02,People,10/03/2022
1173,Amznmktplace,£23.73,Communities,10/03/2022
7637,Amznmktplace,£29.99,People,10/03/2022
3939,Amznmktplace,£35.43,Communities,10/03/2022
1233,Amznmktplace,£37.67,People,10/03/2022
13396,Amznmktplace,£39.45,Resources,10/03/2022
550,Amznmktplace,£50.99,People,10/03/2022
27505,Amznmktplace,£61.58,Resources,10/03/2022
1185,Amznmktplace,£73.98,Communities,10/03/2022
26,Amznmktplace,£161.64,People,10/03/2022
42382,Amznmktplace,£238.32,People,10/03/2022
24200,Amznmktplace,£17.47,People,11/03/2022
3377,Amznmktplace,£18.32,Resources,11/03/2022
3104,Amznmktplace,£61.90,People,11/03/2022
2779,Amznmktplace,£86.39,People,11/03/2022
1821,Amznmktplace,£144.25,Fire and Rescue,11/03/2022
7414,Amznmktplace,£209.77,People,11/03/2022
36003,Amznmktplace,£7.89,People,12/03/2022
8337,Amznmktplace,£22.43,Communities,13/03/2022
11689,Amznmktplace,£5.82,Resources,14/03/2022
14036,Amznmktplace,£82.85,Communities,14/03/2022
11309,Amznmktplace,£101.61,Resources,14/03/2022
37574,Amznmktplace,£8.89,Communities,15/03/2022
19050,Amznmktplace,£9.43,People,15/03/2022
1075,Amznmktplace,£10.81,People,15/03/2022
3545,Amznmktplace,£10.99,Communities,15/03/2022
19050,Amznmktplace,£11.66,People,15/03/2022
19296,Amznmktplace,£12.87,Communities,15/03/2022
3541,Amznmktplace,£15.76,People,15/03/2022
19458,Amznmktplace,£15.81,Resources,15/03/2022
19050,Amznmktplace,£17.92,People,15/03/2022
3689,Amznmktplace,£18.32,People,15/03/2022
9113,Amznmktplace,£18.71,Communities,15/03/2022
19050,Amznmktplace,£24.98,People,15/03/2022
5375,Amznmktplace,£28.96,Communities,15/03/2022
37734,Amznmktplace,£30.70,People,15/03/2022
7959,Amznmktplace,£116.65,Fire and Rescue,15/03/2022
2817,Amznmktplace,£191.17,Resources,15/03/2022
6477,Amznmktplace,£9.15,Communities,16/03/2022
8332,Amznmktplace,£13.02,Communities,16/03/2022
42814,Amznmktplace,£13.19,Communities,16/03/2022
6310,Amznmktplace,£16.99,People,16/03/2022
42910,Amznmktplace,£29.98,Communities,16/03/2022
43490,Amznmktplace,£31.62,Resources,16/03/2022
44103,Amznmktplace,£31.62,Resources,16/03/2022
6923,Amznmktplace,£31.65,Fire and Rescue,16/03/2022
12738,Amznmktplace,£34.97,People,16/03/2022
2169,Amznmktplace,£57.49,Communities,16/03/2022
824,Amznmktplace,£74.97,People,16/03/2022
43114,Amznmktplace,£137.41,Communities,16/03/2022
45734,Amznmktplace,£15.48,Communities,17/03/2022
974,Amznmktplace,£21.66,Communities,17/03/2022
781,Amznmktplace,£54.96,Communities,17/03/2022
1625,Amznmktplace,£59.98,Resources,17/03/2022
11478,Amznmktplace,£62.49,Resources,17/03/2022
1511,Amznmktplace,£64.26,Communities,17/03/2022
2276,Amznmktplace,£82.50,People,17/03/2022
3021,Amznmktplace,£6.17,Communities,18/03/2022
44579,Amznmktplace,£34.86,People,18/03/2022
1689,Amznmktplace,£47.67,Resources,18/03/2022
44579,Amznmktplace,£65.45,People,18/03/2022
2688,Amznmktplace,£17.47,People,19/03/2022
4275,Amznmktplace,£10.85,People,20/03/2022
3285,Amznmktplace,£14.17,People,20/03/2022
4379,Amznmktplace,£14.92,People,20/03/2022
3285,Amznmktplace,£39.58,People,20/03/2022
3881,Amznmktplace,£47.92,Fire and Rescue,20/03/2022
17305,Amznmktplace,£2.25,People,21/03/2022
17305,Amznmktplace,£4.55,People,21/03/2022
6177,Amznmktplace,£14.98,Communities,21/03/2022
17269,Amznmktplace,£20.41,Communities,21/03/2022
11086,Amznmktplace,£32.25,People,21/03/2022
11086,Amznmktplace,£49.86,People,21/03/2022
4311,Amznmktplace,£96.27,Fire and Rescue,21/03/2022
12329,Amznmktplace,£7.07,Resources,22/03/2022
18514,Amznmktplace,£7.18,Resources,22/03/2022
12393,Amznmktplace,£7.48,Resources,22/03/2022
4521,Amznmktplace,£10.79,Resources,22/03/2022
34414,Amznmktplace,£12.86,People,22/03/2022
35660,Amznmktplace,£17.48,Resources,22/03/2022
5209,Amznmktplace,£47.32,Resources,22/03/2022
34173,Amznmktplace,£91.64,Fire and Rescue,22/03/2022
34358,Amznmktplace,£91.64,Fire and Rescue,22/03/2022
124,Amznmktplace,£6.67,Communities,23/03/2022
5089,Amznmktplace,£8.32,Communities,23/03/2022
40385,Amznmktplace,£8.74,Resources,23/03/2022
5960,Amznmktplace,£12.07,Communities,23/03/2022
20792,Amznmktplace,£12.40,Resources,23/03/2022
347,Amznmktplace,£19.40,Resources,23/03/2022
12112,Amznmktplace,£20.40,Communities,23/03/2022
11428,Amznmktplace,£27.59,Resources,23/03/2022
6207,Amznmktplace,£29.89,Communities,23/03/2022
4685,Amznmktplace,£53.42,Resources,23/03/2022
6966,Amznmktplace,£67.17,Fire and Rescue,23/03/2022
4261,Amznmktplace,£165.00,Resources,23/03/2022
3520,Amznmktplace,£168.00,Resources,23/03/2022
1355,Amznmktplace,£7.12,Communities,24/03/2022
41783,Amznmktplace,£14.67,Communities,24/03/2022
46546,Amznmktplace,£16.64,Communities,24/03/2022
42406,Amznmktplace,£17.31,People,24/03/2022
12892,Amznmktplace,£29.99,People,24/03/2022
4264,Amznmktplace,£47.00,Communities,24/03/2022
2376,Amznmktplace,£84.18,Communities,24/03/2022
8392,Amznmktplace,£91.08,Communities,24/03/2022
8915,Amznmktplace,£3.13,Resources,25/03/2022
45905,Amznmktplace,£4.16,Fire and Rescue,25/03/2022
46265,Amznmktplace,£7.96,Communities,25/03/2022
46237,Amznmktplace,£19.15,Resources,25/03/2022
45829,Amznmktplace,£35.97,Resources,25/03/2022
8988,Amznmktplace,£66.58,Resources,25/03/2022
661,Amznmktplace,£70.82,Resources,25/03/2022
47741,Amznmktplace,£124.16,Resources,25/03/2022
29931,Amznmktplace,£110.01,People,26/03/2022
8803,Amznmktplace,£14.34,Resources,27/03/2022
4442,Amznmktplace,£20.82,Resources,27/03/2022
1771,Amznmktplace,£24.99,Communities,27/03/2022
4991,Amznmktplace,£1.50,Communities,28/03/2022
11496,Amznmktplace,£4.16,Communities,28/03/2022
11560,Amznmktplace,£7.91,Communities,28/03/2022
3385,Amznmktplace,£9.99,People,28/03/2022
10910,Amznmktplace,£36.65,Resources,28/03/2022
17346,Amznmktplace,£9.91,Communities,29/03/2022
7313,Amznmktplace,£11.66,People,29/03/2022
36612,Amznmktplace,£13.99,People,29/03/2022
26672,Amznmktplace,£14.99,Communities,29/03/2022
26617,Amznmktplace,£14.99,People,29/03/2022
1076,Amznmktplace,£20.82,Communities,29/03/2022
12681,Amznmktplace,£27.60,Communities,29/03/2022
810,Amznmktplace,£44.97,Resources,29/03/2022
19469,Amznmktplace,£58.08,Communities,29/03/2022
32425,Amznmktplace,£87.49,Communities,29/03/2022
7361,Amznmktplace,£149.98,Communities,29/03/2022
7349,Amznmktplace,£214.98,Communities,29/03/2022
406,Amznmktplace,£7.12,People,30/03/2022
47455,Amznmktplace,£11.27,Communities,30/03/2022
15213,Amznmktplace,£14.15,Fire and Rescue,30/03/2022
40807,Amznmktplace,£33.32,Communities,30/03/2022
8557,Amznmktplace,£35.37,Communities,30/03/2022
26983,Amznmktplace,£75.47,Communities,30/03/2022
5287,Amznmktplace,£19.45,Communities,31/03/2022
49667,Amznmktplace,£77.32,People,31/03/2022
32771,Ao Retail Limited,£102.50,People,09/03/2022
30534,Ao Retail Limited,£194.17,Resources,15/03/2022
26417,Ao Retail Limited,£82.99,People,28/03/2022
26393,Ao Retail Limited,£450.00,People,28/03/2022
51594,Apple.Com/Bill,£2.07,Resources,30/03/2022
17602,Arc (Europe) Ltd Rt,£43.75,People,14/03/2022
21040,Arc Media (Midlands) L,£118.80,Communities,22/03/2022
10967,Arcade Vapes,£0.83,People,16/03/2022
28073,Arco Limited (Ahpp),£35.49,Communities,04/03/2022
28073,Arco Limited (Ahpp),£35.49,Communities,04/03/2022
28604,Argos Canley,£35.00,People,30/03/2022
34916,Argos Ltd,£13.33,People,01/03/2022
34904,Argos Ltd,£80.00,People,01/03/2022
30501,Argos Ltd,£114.96,People,01/03/2022
30493,Argos Ltd,£150.00,Resources,01/03/2022
30605,Argos Ltd,£150.00,Resources,01/03/2022
30453,Argos Ltd,£158.33,People,01/03/2022
30457,Argos Ltd,£209.96,People,01/03/2022
31237,Argos Ltd,£12.44,People,02/03/2022
33636,Argos Ltd,£37.49,Communities,03/03/2022
30505,Argos Ltd,£109.12,Resources,03/03/2022
30553,Argos Ltd,£109.12,Resources,03/03/2022
30521,Argos Ltd,£144.54,Resources,03/03/2022
30509,Argos Ltd,£150.00,Resources,03/03/2022
30549,Argos Ltd,£150.00,Resources,03/03/2022
30517,Argos Ltd,£303.95,People,03/03/2022
30525,Argos Ltd,£308.33,Resources,03/03/2022
6395,Argos Ltd,£140.00,People,04/03/2022
6399,Argos Ltd,£501.95,People,04/03/2022
31847,Argos Ltd,£109.12,Resources,07/03/2022
31783,Argos Ltd,£124.95,People,07/03/2022
31851,Argos Ltd,£150.00,Resources,07/03/2022
31719,Argos Ltd,£181.45,People,07/03/2022
31819,Argos Ltd,£275.00,People,07/03/2022
31823,Argos Ltd,£346.95,People,07/03/2022
28503,Argos Ltd,£150.00,Resources,08/03/2022
28551,Argos Ltd,£272.45,People,08/03/2022
34536,Argos Ltd,£32.46,People,09/03/2022
34680,Argos Ltd,£68.29,People,09/03/2022
34528,Argos Ltd,£151.62,People,09/03/2022
114,Argos Ltd,£36.62,People,11/03/2022
154,Argos Ltd,£44.12,People,11/03/2022
158,Argos Ltd,£149.99,People,11/03/2022
166,Argos Ltd,£162.50,Resources,11/03/2022
31346,Argos Ltd,£69.12,Resources,15/03/2022
31234,Argos Ltd,£125.83,Resources,15/03/2022
37611,Argos Ltd,£220.00,People,15/03/2022
31230,Argos Ltd,£489.12,Resources,15/03/2022
37372,Argos Ltd,£22.50,People,16/03/2022
37559,Argos Ltd,£30.83,Resources,16/03/2022
37555,Argos Ltd,£122.46,Resources,16/03/2022
8673,Argos Ltd,£163.29,Resources,18/03/2022
8677,Argos Ltd,£354.17,Resources,18/03/2022
22780,Argos Ltd,£27.46,People,21/03/2022
22784,Argos Ltd,£149.99,People,21/03/2022
22800,Argos Ltd,£183.33,People,21/03/2022
22904,Argos Ltd,£216.62,Resources,21/03/2022
22900,Argos Ltd,£358.33,Resources,21/03/2022
36757,Argos Ltd,£24.53,People,22/03/2022
36733,Argos Ltd,£79.12,People,22/03/2022
36753,Argos Ltd,£99.67,People,22/03/2022
36717,Argos Ltd,£166.67,Resources,22/03/2022
31629,Argos Ltd,-£258.32,People,23/03/2022
31657,Argos Ltd,£110.79,Resources,23/03/2022
35333,Argos Ltd,£299.99,People,23/03/2022
31653,Argos Ltd,£354.17,Resources,23/03/2022
31256,Argos Ltd,£219.95,People,24/03/2022
409,Argos Ltd,-£114.12,People,25/03/2022
3135,Argos Ltd,£38.29,Resources,25/03/2022
153,Argos Ltd,£114.12,People,25/03/2022
84,Argos Ltd,£114.12,People,25/03/2022
3139,Argos Ltd,£191.67,Resources,25/03/2022
72,Argos Ltd,£466.67,Resources,25/03/2022
29996,Argos Ltd,£58.29,People,29/03/2022
31207,Argos Ltd,£157.50,People,29/03/2022
30064,Argos Ltd,£202.87,Resources,29/03/2022
30068,Argos Ltd,£466.67,Resources,29/03/2022
33772,Argos Ltd,£174.95,People,30/03/2022
33820,Argos Ltd,£191.67,Resources,30/03/2022
33760,Argos Ltd,£391.62,Resources,30/03/2022
33756,Argos Ltd,£466.67,Resources,30/03/2022
36213,Argos Ltd,-£82.95,People,31/03/2022
36229,Argos Ltd,£14.96,People,31/03/2022
9182,Argos Ltd,£35.00,People,31/03/2022
36341,Argos Ltd,£82.95,People,31/03/2022
36277,Argos Ltd,£91.95,People,31/03/2022
8870,Argos Ltd,£189.00,People,31/03/2022
36233,Argos Ltd,£191.67,Resources,31/03/2022
9398,Argos Ltd,£200.00,People,31/03/2022
36373,Argos Ltd,£220.79,Resources,31/03/2022
36369,Argos Ltd,£358.33,Resources,31/03/2022
32282,Argos Nuneaton,£18.33,People,15/03/2022
47311,Arnold Machin,£13.25,People,08/03/2022
44163,Aromaprime,£34.97,Communities,01/03/2022
30230,Arrow County Supplies,"£6,434.48",Communities,31/03/2022
34432,Asda 4233,£13.28,People,22/03/2022
17291,Asda Groceries Online,-£0.45,Communities,01/03/2022
17283,Asda Groceries Online,£13.83,Communities,01/03/2022
16839,Asda Groceries Online,-£0.85,Communities,03/03/2022
16835,Asda Groceries Online,£27.59,Communities,03/03/2022
11001,Asda Groceries Online,-£6.70,People,04/03/2022
11005,Asda Groceries Online,£71.60,People,04/03/2022
11057,Asda Groceries Online,£72.19,People,04/03/2022
14537,Asda Groceries Online,£29.70,People,17/03/2022
10126,Asda Groceries Online,£101.77,People,18/03/2022
13714,Asda Groceries Online,-£2.97,People,22/03/2022
13726,Asda Groceries Online,£116.82,People,22/03/2022
8776,Asda Groceries Online,-£1.00,People,28/03/2022
8788,Asda Groceries Online,£71.42,People,28/03/2022
12753,Asda Groceries Online,-£13.33,People,29/03/2022
12757,Asda Groceries Online,-£1.25,People,29/03/2022
12785,Asda Groceries Online,£1.67,People,29/03/2022
12781,Asda Groceries Online,£26.67,People,29/03/2022
28577,Asda Petrol 4641,£14.77,Fire and Rescue,01/03/2022
21836,Asda Petrol 5126,£21.00,People,22/03/2022
29777,Asda Stores 4801,£16.31,People,02/03/2022
37708,Asda Stores 5757,£91.57,People,01/03/2022
38038,Asda Stores 5757,£2.05,People,02/03/2022
37112,Asda Stores 5757,£12.53,People,10/03/2022
36043,Asda Stores 5757,£4.79,People,15/03/2022
35614,Asda Stores 5757,£9.35,People,16/03/2022
28855,Asda Stores 5757,£8.62,People,23/03/2022
28871,Asda Stores 5757,£9.12,People,23/03/2022
35841,Asda Stores 5757,£20.68,People,30/03/2022
15921,Asda Stores Ltd,£100.00,Resources,24/03/2022
10872,Asda Stores Ltd,£150.00,Resources,28/03/2022
14172,Asda Stores Ltd,£150.00,Communities,29/03/2022
13031,Asda Stores Ltd,£150.00,Resources,30/03/2022
13938,Asda Stores Ltd,£13.91,Resources,31/03/2022
31393,Asda Superstore,£44.25,People,01/03/2022
30459,Asda Superstore,£37.57,People,02/03/2022
27206,Asda Superstore,£3.75,People,03/03/2022
6398,Asda Superstore,£2.30,Fire and Rescue,12/03/2022
24742,Asda Superstore,£1.25,People,14/03/2022
28040,Asda Superstore,£88.99,People,15/03/2022
20962,Asda Superstore,£1.25,People,18/03/2022
20966,Asda Superstore,£7.15,People,18/03/2022
21500,Asda Superstore,£20.11,Communities,18/03/2022
27221,Asda Superstore,£14.44,People,22/03/2022
30150,Asda Superstore 04030,£4.85,People,02/03/2022
13203,Ash Green Post Office,£2.79,People,28/03/2022
254,Aspolice Dfp-Tmvdy,£100.00,Resources,17/03/2022
39583,Aston Food & Wine,£8.36,People,22/03/2022
38201,Atlassian,£9.19,Resources,28/03/2022
15603,Autoguide Equipment Lt,£376.12,Communities,02/03/2022
30184,Autosound Ltd,£140.00,Communities,04/03/2022
49186,Aws Emea,£21.55,Communities,03/03/2022
39307,B Booze,£1.30,People,24/03/2022
32363,B&a Daries Ltd,£10.00,Communities,02/03/2022
9333,B&m 031 - Airport,£12.50,People,13/03/2022
25020,B&m 074 - Newbold,£30.40,People,23/03/2022
25850,B&m 468 - Hs Nuneaton,£2.49,People,01/03/2022
21271,B&m 468 - Hs Nuneaton,£8.49,Fire and Rescue,04/03/2022
23816,B&m 468 - Hs Nuneaton,£245.22,People,15/03/2022
31535,B&q Ltd,£242.95,Communities,16/03/2022
20999,Baker Ross,£99.25,Communities,08/03/2022
17944,Bean Coffee Liverpool,£3.60,People,04/03/2022
26429,Bennetts Driving Schoo,£300.00,People,15/03/2022
4076,Bham Council Phone Pyt,£241.09,People,11/03/2022
24289,Bhf Shops Ltd,"£1,070.83",Communities,24/03/2022
24297,Bhf Shops Ltd,"£1,070.83",Communities,24/03/2022
24301,Bhf Shops Ltd,"£1,070.83",Communities,24/03/2022
24293,Bhf Shops Ltd,"£1,466.66",Communities,24/03/2022
24305,Bhf Shops Ltd,"£1,466.66",Communities,24/03/2022
21909,Bhf Shops Ltd,"£1,466.66",Communities,28/03/2022
21913,Bhf Shops Ltd,"£1,466.66",Communities,28/03/2022
17343,Bhma Ltd,£53.15,Communities,03/03/2022
35738,Birmingham Register,£14.50,People,01/03/2022
28329,Birmingham Register,£25.50,People,21/03/2022
17968,Blue Cross - Warwick,£1.50,Resources,30/03/2022
42810,Booker Limited Rugby,£50.46,People,29/03/2022
33296,Booker Limited Tamwort,£61.27,Communities,18/03/2022
33296,Booker Limited Tamwort,£97.69,Communities,18/03/2022
45273,Booker Limited Warwick,£2.59,Communities,22/03/2022
44951,Bookerecomm,£232.35,Communities,01/03/2022
9550,Bookerecomm,£48.94,Communities,05/03/2022
9550,Bookerecomm,£126.73,Communities,05/03/2022
8485,Bookerecomm,£62.19,Communities,12/03/2022
33311,Bookerecomm,£12.79,Communities,18/03/2022
33311,Bookerecomm,£60.07,Communities,18/03/2022
33317,Bookerecomm,£182.26,Communities,18/03/2022
9563,Bookerecomm,£68.59,Communities,19/03/2022
31785,Bookerecomm,£70.89,Communities,25/03/2022
31785,Bookerecomm,£122.21,Communities,25/03/2022
7327,Bookerecomm,£152.34,Communities,26/03/2022
33433,Bookerecomm,£84.01,Communities,28/03/2022
42852,Bookerecomm,£118.91,Communities,29/03/2022
49403,Bookmeetingroom.Com,£12.71,Communities,10/03/2022
15144,Boots 6459,£48.47,People,24/03/2022
18036,Bouncy Castle Hire,£250.00,People,01/03/2022
2365,Bridges Events,£119.00,Communities,07/03/2022
1406,Bridges Events,£289.00,Communities,07/03/2022
27159,Bristol Hippodrome,£5.40,People,09/03/2022
27236,Bristol Hippodrome,£6.00,People,09/03/2022
35688,British Gas Online,£47.62,People,28/03/2022
35700,British Gas Otp,£25.16,People,28/03/2022
35728,British Gas Otp,£25.33,People,28/03/2022
17385,British Heart Foundati,£29.17,People,22/03/2022
17096,British Heart Foundati,-£29.17,People,24/03/2022
17092,British Heart Foundati,£62.50,People,24/03/2022
31975,Brumacc,£689.66,People,16/03/2022
28254,Bsm Driving School,£241.00,People,22/03/2022
36104,Bt.Com Business Bp,£40.00,Communities,22/03/2022
36104,Bt.Com Business Bp,£55.89,Communities,22/03/2022
31280,Btconsumer Wifirecurri,£12.50,Communities,10/03/2022
31280,Btconsumer Wifirecurri,£12.50,Communities,10/03/2022
1461,Building & Plumb Supp,£265.80,Communities,04/03/2022
21927,Building & Plumb Supp,£33.35,Communities,22/03/2022
29262,C.E.F. (Coventry North,"£1,532.85",Communities,28/03/2022
18055,C2e812000133l Ukvi,"£3,199.00",Resources,25/03/2022
14804,Cafe Leamington Spa Li,£10.94,People,09/03/2022
422,Caffe Nero Nuneaton,£2.84,People,17/03/2022
38004,Camlab,£124.61,Communities,21/03/2022
12829,Card Factory,£4.80,People,17/03/2022
16865,Cartridge Save,£32.40,Communities,18/03/2022
16862,Cartridge Save,£51.37,Communities,18/03/2022
20677,Cartridgepeople.Com,£74.83,Resources,17/03/2022
30988,Cass Art,£40.25,Communities,09/03/2022
13178,Cba*matchware,£153.00,Communities,05/03/2022
13178,Cba*matchware,£153.00,Communities,05/03/2022
18063,Ccl Computers Ltd,£659.97,Communities,04/03/2022
10422,Central Buildings And,£137.50,Communities,17/03/2022
36444,Central Eng Coop,£104.49,People,21/03/2022
56944,Charge.Prezi.Com,£44.47,Resources,02/03/2022
24125,Chiltern Raliways,£5.60,People,17/03/2022
20530,Citizencard,£30.00,Resources,03/03/2022
44721,Clarke Oil Ltd,£96.25,Communities,02/03/2022
14769,Companieshouse Web Fil,£12.00,Resources,21/03/2022
32893,Co-Op Food Centre,£5.80,People,01/03/2022
37053,Co-Op Food Centre,£2.49,People,22/03/2022
35561,Co-Op Late Shop,£4.25,People,10/03/2022
31425,Co-Op Late Shop,£4.10,People,17/03/2022
26939,Co-Operative Food,£4.75,People,04/03/2022
24323,Co-Operative Food,£0.50,People,18/03/2022
29887,Co-Operative Food,£1.00,People,22/03/2022
33733,Co-Operative Food,£2.65,People,23/03/2022
22825,Co-Operative Food,£4.30,People,28/03/2022
21811,Costa @ Next 43039545,£3.24,People,02/03/2022
21420,Costa @ Tesco 43035715,£9.85,People,03/03/2022
21961,Costa Coffe,£3.10,People,08/03/2022
39295,Costa Coffee,£8.30,People,01/03/2022
22083,Costa Coffee,£5.00,People,09/03/2022
20576,Costa Coffee,£3.11,People,15/03/2022
22058,Costa Coffee,£4.67,People,22/03/2022
21565,Costa Coffee,£5.70,People,24/03/2022
20723,Costa Coffee,£6.45,People,29/03/2022
18601,Costa Coffee 43044225,£4.50,People,04/03/2022
21058,Costa Coffee 43044225,£3.29,People,10/03/2022
19650,Costa Coffee 43044395,£5.56,People,17/03/2022
18038,Costa Coffee 43044635,£4.20,People,11/03/2022
19595,Costa Coffee Atherston,£3.20,People,16/03/2022
28168,Costco Online UK Limit,£4.99,Communities,02/03/2022
28168,Costco Online UK Limit,£45.63,Communities,02/03/2022
27941,Costco Wholesale #122,£25.76,Fire and Rescue,24/03/2022
27941,Costco Wholesale #122,£105.05,Fire and Rescue,24/03/2022
32722,Cotswolds Lavender,£268.20,Communities,11/03/2022
45988,Coursra*6pg9hc3b31odki,£108.00,Resources,31/03/2022
26188,Coventry City Council,£155.66,People,14/03/2022
11075,Crosscountrycom,£14.00,Resources,02/03/2022
10623,Crosscountrycom,£14.00,Resources,09/03/2022
7314,Crosscountrycom,£15.90,Resources,18/03/2022
3681,Crosscountrycom,-£5.90,Resources,19/03/2022
11072,Crosscountrycom,£14.00,People,30/03/2022
38735,Crows Nest,£15.30,People,03/03/2022
17739,Currys Business,£169.00,People,17/03/2022
28078,Currys Online,£184.99,People,01/03/2022
23203,Currys Online,£359.00,People,07/03/2022
7991,Cvaa UK Ltd,£99.00,People,15/03/2022
18136,D A Brockwell,£82.75,Communities,16/03/2022
55747,Datacamp Inc.,£63.07,Resources,08/03/2022
55969,Datacamp Inc.,£118.51,Resources,08/03/2022
20875,Diamond Logistics Limi,£16.83,Communities,14/03/2022
18040,Disclosure And Barring,£23.00,Resources,31/03/2022
26997,Displaysense Ltd,£83.50,Communities,02/03/2022
15386,Dlvr.It,£15.15,Resources,06/03/2022
25190,Dobbies,£9.69,People,15/03/2022
31009,Domino S Pizza,£27.98,People,18/03/2022
42559,Domino S Pizza,£44.98,People,22/03/2022
4388,Dough & Brew,£70.00,Communities,03/03/2022
177,Dough & Brew,£56.00,Communities,31/03/2022
23888,Dunelm,-£130.00,People,03/03/2022
23932,Dunelm,£108.33,People,03/03/2022
27160,Dunelm,£40.79,Communities,23/03/2022
26837,Dunelm,£40.79,Communities,28/03/2022
25870,Dunelm,£36.62,Resources,30/03/2022
28782,Dunelm (Soft Furnishin,£4.17,People,16/03/2022
28786,Dunelm (Soft Furnishin,£28.54,People,16/03/2022
33889,Duotool Direct Ltd,£48.17,Communities,17/03/2022
24252,Dvla Driver Online,£28.33,People,11/03/2022
34772,Dvla Driver Online,£34.00,People,16/03/2022
32389,Dvla Driver Online,£34.00,People,23/03/2022
32385,Dvla Driving License,£34.00,People,23/03/2022
35103,Dvla Vehicle Tax,£32.50,Communities,10/03/2022
32140,Dvla Vehicle Tax,£167.50,Communities,10/03/2022
32176,Dvla Vehicle Tax,£167.50,Communities,10/03/2022
32092,Dvla Vehicle Tax,£277.50,Communities,10/03/2022
32096,Dvla Vehicle Tax,£277.50,Communities,10/03/2022
32184,Dvla Vehicle Tax,£277.50,Communities,10/03/2022
32192,Dvla Vehicle Tax,£277.50,Communities,10/03/2022
32216,Dvla Vehicle Tax,£277.50,Communities,10/03/2022
35091,Dvla Vehicle Tax,£277.50,Communities,10/03/2022
32248,Dvla Vehicle Tax,£282.50,Communities,10/03/2022
32292,Dvla Vehicle Tax,£282.50,Communities,10/03/2022
35087,Dvla Vehicle Tax,£282.50,Communities,10/03/2022
35107,Dvla Vehicle Tax,£282.50,Communities,10/03/2022
35115,Dvla Vehicle Tax,£282.50,Communities,10/03/2022
35127,Dvla Vehicle Tax,£282.50,Communities,10/03/2022
24244,Dvla Vehicle Tax,£277.50,Communities,11/03/2022
34732,Dvla Vehicle Tax,£167.50,Communities,16/03/2022
34744,Dvla Vehicle Tax,£167.50,Communities,16/03/2022
34784,Dvla Vehicle Tax,£167.50,Communities,16/03/2022
34748,Dvla Vehicle Tax,£172.50,Communities,16/03/2022
34752,Dvla Vehicle Tax,£277.50,Communities,16/03/2022
34796,Dvla Vehicle Tax,£277.50,Communities,16/03/2022
34856,Dvla Vehicle Tax,£277.50,Communities,16/03/2022
34760,Dvla Vehicle Tax,£282.50,Communities,16/03/2022
34780,Dvla Vehicle Tax,£282.50,Communities,16/03/2022
34788,Dvla Vehicle Tax,£282.50,Communities,16/03/2022
23829,Dvla Vehicle Tax,£277.50,Communities,21/03/2022
23845,Dvla Vehicle Tax,£277.50,Communities,21/03/2022
33054,Dvla Vehicle Tax,£32.50,Communities,31/03/2022
33154,Dvla Vehicle Tax,£277.50,Communities,31/03/2022
33182,Dvla Vehicle Tax,£277.50,Communities,31/03/2022
38647,Dvsa,£155.00,Fire and Rescue,16/03/2022
44974,Easyjet 000k3854zp,£57.98,People,22/03/2022
50381,Eb *2022 C20 West Midl,£15.00,Communities,29/03/2022
53042,Eb *meaningful Lgbt In,-£120.00,People,15/03/2022
37910,Eb *nfcc Members Sprin,£345.00,Fire and Rescue,18/03/2022
41937,Eb *nfcc-Fia Extreme W,£396.00,Fire and Rescue,04/03/2022
10218,Ebay Commerce UK Ltd,£50.99,Communities,01/03/2022
4607,Ebay Commerce UK Ltd,£9.96,Communities,04/03/2022
3142,Ebay O*18-08436-37342,£69.99,People,28/03/2022
8273,Ebay O*23-08360-85514,£213.95,Communities,10/03/2022
3979,Ebay O*24-08408-74764,£19.83,Resources,18/03/2022
19842,Efes Bistro,£1.25,People,25/03/2022
2405,Elnor Guest House,£48.89,People,08/03/2022
2405,Elnor Guest House,£48.89,People,08/03/2022
17384,Endrick Trading Ltd,£380.97,Communities,23/03/2022
23451,Engelbert Strauss Ltd,£99.00,Communities,21/03/2022
25221,Engelbert Strauss Ltd,£7.20,Communities,30/03/2022
12696,Enterprise Rent,£43.75,People,21/03/2022
24258,Enterprise Rent A Car,-£40.44,People,03/03/2022
14207,Enterprise Rent A Car,£40.44,People,03/03/2022
13177,Enterprise Rent A Car,-£12.00,People,14/03/2022
13174,Enterprise Rent A Car,£12.00,People,14/03/2022
13171,Enterprise Rent A Car,£30.22,People,14/03/2022
13180,Enterprise Rent A Car,£49.34,People,14/03/2022
14834,Enterprise Rent A Car,£0.43,People,15/03/2022
14831,Enterprise Rent A Car,£30.22,People,15/03/2022
14837,Enterprise Rent A Car,£40.44,People,15/03/2022
15007,Enterprise Rent A Car,£19.67,People,16/03/2022
14004,Enterprise Rent A Car,£20.22,People,16/03/2022
14007,Enterprise Rent A Car,£20.22,People,16/03/2022
14039,Enterprise Rent A Car,£54.84,People,17/03/2022
4340,Enterprise Rent A Car,£18.92,People,18/03/2022
21662,Enterprise Rent A Car,£22.42,People,18/03/2022
14448,Enterprise Rent A Car,£50.44,People,22/03/2022
15199,Enterprise Rent A Car,£24.68,People,23/03/2022
26854,Enviroment Agency,£780.50,Communities,01/03/2022
51579,Etsy,£36.21,Communities,02/03/2022
9394,Eventdecorgroup.Co.Uk,£69.12,Resources,04/03/2022
25381,Express & Star,£50.00,Communities,18/03/2022
10681,Facebk *e8l3ycbep2,£450.00,Resources,12/03/2022
12876,Facebk *f8dpnc3ep2,£450.00,Resources,27/03/2022
51385,Facebk *mpfksc7ep2,£333.51,Resources,01/03/2022
42226,Facebk *ru3l4etep2,£450.00,Resources,07/03/2022
43803,Facebk *s9dusefep2,£84.75,Resources,31/03/2022
17231,Farmhouse,£39.10,People,10/03/2022
19469,Farnell,£48.92,Communities,02/03/2022
29767,Fast Key Services Limi,£1.13,Communities,30/03/2022
29767,Fast Key Services Limi,£7.66,Communities,30/03/2022
8716,Finerfilters Limited,£249.96,Communities,30/03/2022
23079,Firefighter Protection,£390.48,Fire and Rescue,04/03/2022
21900,Firstaid4less.Co.Uk,£44.65,People,17/03/2022
6300,Fischer Panda UK Ltd,£715.70,Communities,30/03/2022
5909,Flglobaltra,£199.98,Fire and Rescue,21/03/2022
55640,Flickr Pro Monthly,£6.99,Resources,08/03/2022
45431,Floors 4 Less,£416.67,Resources,08/03/2022
3580,Footasylum Order,£82.47,People,14/03/2022
25884,Footasylum Order,-£3.99,People,15/03/2022
60310,"Formstack, Llc",£79.63,Resources,01/03/2022
55664,"Formstack, Llc",£81.09,Resources,29/03/2022
12124,Franklins Sandwich,£86.25,Fire and Rescue,08/03/2022
10298,Franklins Sandwich,£250.00,Fire and Rescue,17/03/2022
50087,Freepik & Flaticon,£75.76,Resources,09/03/2022
50242,Freepik & Flaticon,£75.92,Resources,10/03/2022
41549,Freepik & Flaticon,-£75.23,Resources,11/03/2022
25635,Furniture Instore,£599.99,People,07/03/2022
29166,G E M Integrated S,£9.72,Communities,15/03/2022
8471,Galleon Supplies Ltd,£84.00,Communities,04/03/2022
8728,Galleon Supplies Ltd,£110.00,Communities,14/03/2022
9794,Galleon Supplies Ltd,£73.00,Communities,24/03/2022
8899,Galleon Supplies Ltd,£55.50,Communities,29/03/2022
18467,Gen Register Office,£38.00,People,07/03/2022
19411,Gen Register Office,£11.00,People,08/03/2022
15549,Gen Register Office,-£7.50,People,15/03/2022
19458,Gen Register Office,£14.00,People,15/03/2022
17370,Gen Register Office,£14.00,People,16/03/2022
15270,Gen Register Office,£11.00,Resources,17/03/2022
15266,Gen Register Office,£11.00,Resources,21/03/2022
15270,Gen Register Office,£11.00,Resources,21/03/2022
15258,Gen Register Office,£22.00,Resources,21/03/2022
18168,Gen Register Office,£11.00,Resources,22/03/2022
19477,Gen Register Office,£25.00,People,23/03/2022
17161,Gen Register Office,£14.00,People,30/03/2022
50139,Geouniversity,£109.70,Resources,08/03/2022
10547,Giffgaff,£29.17,People,14/03/2022
22044,Gloucestershire.Gov.Uk,£11.00,People,08/03/2022
22047,Gloucestershire.Gov.Uk,£11.00,People,08/03/2022
5093,Goodtobee,£393.75,Communities,03/03/2022
51577,Google Ads2789853021,£500.00,Resources,09/03/2022
53460,Google Ads2789853021,£500.00,Resources,23/03/2022
53531,Google Cloud Emea Limi,£80.49,Resources,03/03/2022
9038,Government Events,£396.00,Resources,02/03/2022
6803,Grazeful.Net,£264.00,Communities,17/03/2022
35861,Grazeful.Net,£65.50,Communities,30/03/2022
26124,Greggs New Market,£4.75,People,25/03/2022
27382,Greggs Plc,£4.00,People,11/03/2022
3209,Hachette UK Distributi,£48.27,People,17/03/2022
26079,Halfords On Line,£17.49,Fire and Rescue,01/03/2022
22976,Halfords On Line,£195.00,People,31/03/2022
34700,Hampton By Hilton,£76.00,People,28/03/2022
28230,Hartshill Local Store,£2.60,Communities,16/03/2022
44493,Haunchwood Sstn,£4.54,People,03/03/2022
29295,Highstreetvouchers,£20.00,People,07/03/2022
2171,Hilltop Garden Centre,£6.66,Fire and Rescue,21/03/2022
2869,Hilltop Garden Centre,£12.50,Fire and Rescue,29/03/2022
49610,Hilton Hotels,£224.00,Fire and Rescue,16/03/2022
19116,Hm Passport Office,£49.00,Resources,01/03/2022
19120,Hm Passport Office,£49.00,Resources,01/03/2022
19124,Hm Passport Office,£49.00,Resources,01/03/2022
18477,Hm Passport Office,£75.50,Resources,03/03/2022
14584,Hm Passport Office,£54.00,People,04/03/2022
11633,Hm Passport Office,£254.00,People,04/03/2022
11637,Hm Passport Office,£254.00,People,04/03/2022
18846,Hm Passport Office,£75.50,People,10/03/2022
15020,Hm Passport Office,£54.00,People,18/03/2022
11641,Hm Passport Office,£127.00,People,18/03/2022
18173,Hm Passport Office,£49.00,Resources,24/03/2022
19031,Hm Passport Office,£75.50,People,24/03/2022
13558,Hm Passport Office,£75.50,People,25/03/2022
16212,Hm Passport Office,£49.00,People,31/03/2022
14311,Hm Passport Office,£122.00,People,31/03/2022
32982,Hmcts Birminghamconf11,£81.00,People,30/03/2022
22491,Hobbycraft,£88.60,People,01/03/2022
8302,Hobbycraft,£175.00,Communities,07/03/2022
38659,Hollywood Bowl,£32.36,People,16/03/2022
7043,Home Bargains,£9.10,Fire and Rescue,12/03/2022
7264,Home Bargains Venture,£53.27,Communities,26/03/2022
7268,Home Bargains Venture,£53.27,Communities,26/03/2022
31657,Homebase.Co.Uk,£55.00,People,02/03/2022
35427,Horizon Iceland Hinckl,£1.00,People,15/03/2022
5819,Hotel At Booking.Com,£285.00,People,04/03/2022
11644,Hotel At Booking.Com,£37.29,People,22/03/2022
11641,Hotel At Booking.Com,£72.31,People,22/03/2022
51347,Hotel On Booking.Com,£80.00,People,08/03/2022
29552,Https://Butcombe.Com/T,£75.75,People,16/03/2022
23803,Hyndburn Borough Counc,£189.30,People,22/03/2022
25101,Iceland,£17.87,People,22/03/2022
38464,Iet Publication,£74.25,Resources,25/03/2022
38469,Iet Publication,£222.75,Resources,25/03/2022
8111,Ikea Ltd Shop Online,£262.50,People,09/03/2022
17719,Ikea Ltd Shop Online,£75.00,People,15/03/2022
6446,Ikea Ltd Shop Online,£182.00,People,17/03/2022
13479,Ima Trading Ltd,£101.15,Communities,01/03/2022
9587,Inarastays.Co.Uk,£980.00,People,03/03/2022
8593,Inarastays.Co.Uk,£730.00,People,15/03/2022
3198,Inarastays.Co.Uk,£490.00,People,22/03/2022
18786,Inst Of Cert Book-Keep,£125.00,Resources,01/03/2022
34526,Internet Photo Service,£6.55,People,03/03/2022
23700,Iss Mediclean Ltd,£1.33,People,15/03/2022
25368,Iss Mediclean Ltd,£2.36,People,23/03/2022
11281,Iz *saints Cafe,£3.91,People,23/03/2022
11128,Iz *skyblue Mobile,£66.67,Communities,31/03/2022
12261,Iz *the Old Barn C,£235.00,Communities,29/03/2022
12204,Iz *the Old Barn C,£384.00,Communities,29/03/2022
12261,Iz *the Old Barn C,"£1,125.33",Communities,29/03/2022
11222,Iz *the Old Barn C,£272.00,Fire and Rescue,31/03/2022
33434,J & F Export Svs,£108.50,Communities,08/03/2022
37580,Jacksons Of Old Arley,£38.09,Fire and Rescue,29/03/2022
38819,Jacksonsart.Com L Draw,£36.50,Communities,08/03/2022
5807,Jax First Aid,£339.00,Fire and Rescue,11/03/2022
24337,Jd Sports Internet,£58.33,People,25/03/2022
22427,John Lyne Home Improve,£9.98,People,18/03/2022
7031,Johnsons Skoda Bir,£95.00,Fire and Rescue,03/03/2022
22885,Js Online Grocery,-£0.60,Communities,25/03/2022
15074,Karcher Uk,£64.11,Communities,09/03/2022
111,Karpet Kingdom,£363.84,Resources,02/03/2022
3343,Karpet Kingdom,£333.33,Resources,25/03/2022
43399,Kata Removals Ltd,£37.50,People,24/03/2022
39053,Kfc,£6.38,People,24/03/2022
28821,Kfc - Hinckley,£13.75,People,28/03/2022
41140,Kfc Nuneaton North Dt,£6.98,People,01/03/2022
24939,Khera Supermarkets,£5.64,People,18/03/2022
11692,Kirwin Maclean Associa,£975.00,Resources,09/03/2022
11688,Kirwin Maclean Associa,"£1,025.00",Resources,09/03/2022
12153,Kirwin Maclean Associa,"£2,320.00",Resources,10/03/2022
21661,Kunis Coffee,£4.85,People,23/03/2022
20365,L & S Engineers Ltd,-£10.85,Communities,01/03/2022
20353,L & S Engineers Ltd,£39.63,Communities,01/03/2022
15736,L & S Engineers Ltd,£13.80,Communities,02/03/2022
15517,L & S Engineers Ltd,£32.74,Communities,11/03/2022
48882,Lego System A/S,£137.47,Resources,17/03/2022
47991,Lego System A/S,£333.25,Resources,17/03/2022
16685,Leic City Council,£12.00,People,10/03/2022
16494,Leic City Council,-£11.00,People,21/03/2022
23683,Lidl Gb Leamington,£73.10,People,08/03/2022
28593,Lidl Gb Nuneaton,£14.58,People,01/03/2022
26328,Lidl Gb Nuneaton,£13.20,People,29/03/2022
26690,Lidl Gb Nuneaton,£9.18,People,30/03/2022
53316,Linkedin-737*6071283,£36.33,Resources,01/03/2022
41773,Linkedin-741*5752183,£58.71,Resources,11/03/2022
51973,Linkedin-742*8040283,£94.76,Resources,15/03/2022
10932,Linkedin-746*6185953,£35.91,Resources,26/03/2022
51084,Linkedin-747*4653033,£84.02,Resources,29/03/2022
46449,Linkedin-748*1588443,£77.75,Resources,31/03/2022
16184,Linkedin-764*9258444,£96.53,Resources,13/03/2022
15800,London Borough Of Harr,£357.37,People,21/03/2022
40236,Loughborough,£18.06,People,14/03/2022
45492,Lyreco UK Limited,£40.00,Communities,24/03/2022
34223,Lyreco UK Ltd,"£4,095.00",Communities,31/03/2022
29954,M6 Toll,£5.92,People,04/03/2022
29958,M6 Toll,£5.92,People,04/03/2022
29970,M6 Toll,£7.10,People,04/03/2022
28715,M6 Toll,£5.92,Communities,11/03/2022
32586,M6 Toll,£5.92,Communities,15/03/2022
35413,M6 Toll,£5.92,Communities,16/03/2022
31283,M6 Toll,£5.92,Communities,29/03/2022
53514,Mailchimp,£650.66,Resources,17/03/2022
38018,Makro Self Service Lei,£61.76,People,07/03/2022
43163,Manchester Cc Inte,£11.00,Resources,30/03/2022
23548,Marks&spencer Plc,£2.35,People,08/03/2022
22452,Marks&spencer Plc,£35.00,People,17/03/2022
35814,Marshall Fleet,£272.27,Communities,22/03/2022
17957,Mary Ann Evans Hospice,£137.50,People,15/03/2022
23116,Mattressman Ltd,£950.00,Communities,07/03/2022
26158,Mattressman Ltd,£40.00,Communities,08/03/2022
28050,Max Spielmann Ltd,£8.00,People,22/03/2022
39521,McDonalds,£6.18,People,07/03/2022
47691,McDonalds,£11.27,People,08/03/2022
47874,McDonalds,£4.86,People,09/03/2022
47870,McDonalds,£10.65,People,09/03/2022
47494,McDonalds,£3.28,People,10/03/2022
41972,McDonalds,£3.89,People,14/03/2022
44503,McDonalds,£11.25,People,17/03/2022
34184,McDonalds,£7.91,People,18/03/2022
48230,McDonalds,£1.89,People,22/03/2022
48234,McDonalds,£4.88,People,22/03/2022
48426,McDonalds,£5.00,People,22/03/2022
49557,McDonalds,£4.51,People,23/03/2022
47189,McDonalds,£4.39,People,24/03/2022
47245,McDonalds,£9.78,People,24/03/2022
34150,McDonalds,£6.06,People,25/03/2022
49054,McDonalds,£2.29,People,30/03/2022
49710,McDonalds 1565,£5.09,People,23/03/2022
39581,McDonalds 1574,£4.89,People,07/03/2022
48088,McDonalds 1574,£9.68,People,09/03/2022
38832,McDonalds 178,£7.58,People,04/03/2022
49266,McDonalds 521,£6.69,People,16/03/2022
48714,McDonalds 521,£12.28,People,30/03/2022
11673,McDonalds 521,£2.80,People,31/03/2022
47944,McDonalds 8156 / Warwi,£1.06,People,01/03/2022
47944,McDonalds 8156 / Warwi,£1.19,People,01/03/2022
47193,McDonalds 8156 / Warwi,£2.68,People,02/03/2022
47185,McDonalds 8156 / Warwi,£7.33,People,02/03/2022
49430,McDonalds 8156 / Warwi,£3.45,People,16/03/2022
40064,McDonalds 8156 / Warwi,£2.10,People,21/03/2022
47341,McDonalds 8156 / Warwi,£2.20,People,24/03/2022
15140,Metcalf Timber And Bui,£130.00,Communities,11/03/2022
15413,Metcalf Timber And Bui,£25.23,Communities,16/03/2022
18048,Metcalf Timber And Bui,£60.93,Communities,23/03/2022
15937,Metcalf Timber And Bui,£230.40,Communities,29/03/2022
16131,Midpac,£17.50,People,18/03/2022
30126,Milk And More,£3.92,Communities,15/03/2022
30797,Milk And More (Recur,£2.94,Communities,03/03/2022
30829,Milk And More (Recur,£8.82,Communities,03/03/2022
32230,Milk And More (Recur,£1.96,Communities,17/03/2022
27194,Milk And More (Recur,£8.82,Communities,17/03/2022
33975,Milk And More (Recur,£2.94,Communities,24/03/2022
33614,Milk And More (Recur,£8.82,Communities,24/03/2022
37826,Milk And More (Recur,£2.94,Communities,31/03/2022
37790,Milk And More (Recur,£8.82,Communities,31/03/2022
22483,Mortons Media Group Lt,£160.00,Communities,22/03/2022
6221,Moss Bros,£16.62,People,17/03/2022
6859,Msft * E0400hx5ua,£28.50,Resources,21/03/2022
31839,Museums Asctn,£40.00,Communities,30/03/2022
2814,National Express Limit,£12.42,Communities,18/03/2022
38939,Nbbmatting.Co.Uk,£335.00,Communities,16/03/2022
38879,Nbbmatting.Co.Uk,£402.00,Communities,16/03/2022
38975,Nbbmatting.Co.Uk,£402.00,Communities,16/03/2022
31719,Nbbmatting.Co.Uk,"£1,060.00",Communities,29/03/2022
9831,Ncf Furnishings Limite,£199.00,People,29/03/2022
9835,Ncf Furnishings Limite,£438.00,People,29/03/2022
21539,Ncp Manchester Chorlto,£20.12,People,04/03/2022
9464,Ncp Manchester G-Mex (,£12.04,Communities,13/03/2022
10642,Ncs Trust,£10.00,People,28/03/2022
1427,Neves Bees,£280.06,Communities,04/03/2022
2394,Newitts.Com,£62.42,People,21/03/2022
12830,Nextdaycatering.Co.Uk,£98.85,Communities,22/03/2022
15410,Nhsbsa Ppc Online Pmt,£30.25,People,02/03/2022
17253,Nisa Local,£5.93,People,14/03/2022
5254,Nncdop,£10.00,Communities,10/03/2022
5260,Nncdop,£10.00,Communities,10/03/2022
5257,Nncdop,£60.00,Communities,10/03/2022
14975,North Warwickshire Bor,£56.35,People,21/03/2022
16142,North Warwickshire Bor,£90.63,People,21/03/2022
33850,Nuneaton & Bedworth Bc,£391.74,People,04/03/2022
40391,Nuneaton & Bedworth Bc,"£1,051.07",People,08/03/2022
39847,Nuneaton Bowl,£49.35,People,04/03/2022
12847,Nuneaton Signs Ltd,£204.00,Communities,01/03/2022
1839,Nuneaton Vehicles Rent,£58.33,People,09/03/2022
16776,Nuneaton&bedworth Bc,£129.52,People,29/03/2022
17904,Odeon Cinemas,£15.11,Resources,21/03/2022
25965,Odeon Upt,£28.33,People,16/03/2022
20899,One4all,£50.00,People,17/03/2022
141,Onedirect Uk,£46.72,People,28/03/2022
8117,Ontopup.Com,£23.78,People,12/03/2022
60090,Optimal Workshop,£152.81,Resources,17/03/2022
7205,Palmer Sons,£192.00,People,21/03/2022
37823,Parcel2go.Com Ltd,-£6.95,Communities,02/03/2022
21894,Parcel2go.Com Ltd,£11.64,Resources,24/03/2022
37063,Parcel2go.Com Ltd,-£11.64,Resources,30/03/2022
22246,Pass Portable Applian,£303.00,Communities,02/03/2022
9712,Paypal *als,£61.30,Communities,16/03/2022
6671,Paypal *amseduc,£24.50,People,11/03/2022
11952,Paypal *badairy,£10.00,Communities,02/03/2022
49745,Paypal *bedifolgmbh,£6.16,Communities,01/03/2022
2797,Paypal *emageenncee,£25.00,Communities,01/03/2022
494,Paypal *justinhanco,£93.00,People,24/03/2022
13511,Paypal *leamangling,£40.00,People,01/03/2022
52230,Paypal *li Qin,£28.78,Communities,31/03/2022
7269,Paypal *penheaven,£93.33,People,11/03/2022
4141,Paypal *tacpac,£55.00,People,15/03/2022
5792,Paypal *tacpac,£55.00,People,15/03/2022
42195,Pdsa Solihull,£2.97,Resources,31/03/2022
354,People Express Tax,£60.00,People,03/03/2022
22282,Phonak,"£2,351.89",People,02/03/2022
22273,Phonak,"£5,461.01",People,02/03/2022
23570,Phs Group,£188.00,Fire and Rescue,10/03/2022
12374,Plantool Hire Centres,£814.40,Communities,04/03/2022
24565,Plum Tree Farm,£10.44,People,09/03/2022
6755,Post Office Counter,£2.25,People,04/03/2022
11621,Post Office Counter,£9.02,People,09/03/2022
10479,Post Office Counter,£0.85,People,10/03/2022
8843,Post Office Counter,£6.85,People,17/03/2022
10844,Post Office Counter,£20.10,Communities,29/03/2022
9364,Post Office Counter,£6.85,People,30/03/2022
7382,Poundland,£9.20,People,05/03/2022
37130,Poundland Ltd 1282,£3.33,Communities,31/03/2022
30925,Poundland Ltd 1553,£10.17,People,03/03/2022
4584,Poundstretcher 369,£8.32,People,12/03/2022
21742,Poundstretcher 369,£6.24,People,16/03/2022
10021,Pp*familylinks,£116.40,People,16/03/2022
23189,Premier Inn 44531705,-£113.32,Communities,22/03/2022
23192,Premier Inn 44531705,-£113.32,Communities,22/03/2022
20352,Premier Inn 44534335,£73.78,People,28/03/2022
21534,Premier Inn40012815,£58.33,People,22/03/2022
22275,Premier Inn44029490,£115.00,People,08/03/2022
20578,Premier Inn44511275,£93.33,People,09/03/2022
20578,Premier Inn44511275,£93.33,People,09/03/2022
21953,Premier Inn44531610,£79.52,Fire and Rescue,08/03/2022
21452,Premier Inn44531610,£74.22,Fire and Rescue,23/03/2022
21455,Premier Inn44531610,£222.67,Fire and Rescue,23/03/2022
18577,Premier Inn44531970,£63.50,People,03/03/2022
7215,Premier Inn44531970,£58.67,People,04/03/2022
21810,Premier Inn44531970,£58.50,People,07/03/2022
21947,Premier Inn44531970,£71.56,People,08/03/2022
20743,Premier Inn44531970,£117.78,People,09/03/2022
6674,Premier Inn44537355,£129.78,People,18/03/2022
6677,Premier Inn44537355,£154.67,People,18/03/2022
22980,Prezzee/Gb7d9eea65,£10.00,People,04/03/2022
5545,Primark - Coventry,£32.50,People,17/03/2022
43808,Profitrip Gmbh,£70.00,Communities,31/03/2022
22288,Protrainings,£250.00,Fire and Rescue,02/03/2022
34534,Pts,£130.35,People,11/03/2022
22,Puregym Limited,£49.99,People,04/03/2022
2009,Puregym Limited,£164.99,People,14/03/2022
6376,Puregym Limited,£78.32,People,18/03/2022
25669,Pwm Sales Limited,"£2,226.00",Communities,28/03/2022
11849,Quasartronics Ltd,£180.00,Communities,10/03/2022
25519,Reach Publishing Servi,-£33.15,Resources,16/03/2022
35123,Redworth Hall,£190.40,People,15/03/2022
43932,Ripencccom,£570.07,Resources,29/03/2022
18750,Royal Mail Group Ltd,£3.35,Communities,09/03/2022
15645,Royal Mail Group Ltd,£44.35,Communities,24/03/2022
14888,Royal Mail Group Ltd,£7.55,Communities,30/03/2022
25322,Royal Mail Online Shop,£376.00,Resources,01/03/2022
16678,Rugby Bareboards Trust,£85.00,People,22/03/2022
12589,Rugby Bc Internet,£486.22,People,02/03/2022
18305,Rugby Bc Touchtone,£156.78,People,15/03/2022
975,Rugby Register Office,£11.00,People,28/03/2022
978,Rugby Register Office,£11.00,People,28/03/2022
2161,Sai Global,£477.15,Fire and Rescue,11/03/2022
2171,Sai Global,£477.15,Fire and Rescue,11/03/2022
34812,Sainsburys - Smkts,£44.17,Communities,28/03/2022
42801,Sainsburys Nuneato,£10.25,People,01/03/2022
46378,Sainsburys Nuneato,£31.95,People,09/03/2022
36683,Sainsburys Nuneato,£3.40,People,11/03/2022
36425,Sainsburys Nuneato,£23.30,People,21/03/2022
44947,Sainsburys S/mkt,£2.85,People,29/03/2022
44959,Sainsburys S/mkt,£4.50,People,29/03/2022
46390,Sainsburys S/mkt,£56.34,People,30/03/2022
42775,Sainsburys S/mkts,£14.10,Communities,02/03/2022
41016,Sainsburys S/mkts,£2.50,Communities,03/03/2022
8818,Sainsburys S/mkts,£24.25,Communities,06/03/2022
42347,Sainsburys S/mkts,£20.38,People,08/03/2022
4741,Sainsburys S/mkts,£12.00,Communities,12/03/2022
42642,Sainsburys S/Mkts,£3.33,People,15/03/2022
42622,Sainsburys S/mkts,£56.23,People,15/03/2022
45570,Sainsburys S/Mkts,£10.25,People,16/03/2022
41254,Sainsburys S/mkts,£7.50,People,17/03/2022
10239,Sainsburys S/mkts,£19.00,Communities,20/03/2022
30903,Sainsburys S/mkts,£10.20,People,25/03/2022
28189,Sainsburys Smkts,£95.00,Communities,03/03/2022
29576,Sainsburys.Co.Uk,£32.25,People,24/03/2022
23097,Sainsburys.Co.Uk,£44.60,Communities,25/03/2022
49714,Saketos,£7.82,Communities,01/03/2022
20891,Scan Computers Int Ltd,£80.40,Communities,15/03/2022
18359,Scan Computers Int Ltd,£16.43,Communities,21/03/2022
32609,Scarman,£229.17,Communities,01/03/2022
8035,Schoolhire* B866934,£402.00,People,11/03/2022
27254,Screwfix Dir Ltd,£9.15,People,11/03/2022
37201,Screwfix Dir Ltd,£18.73,People,22/03/2022
31633,Screwfix Direct,£124.99,Communities,01/03/2022
31669,Screwfix Direct,£283.32,Communities,01/03/2022
29259,Screwfix Direct,£422.02,Communities,02/03/2022
17792,Secure A Field,£285.72,Communities,11/03/2022
17789,Secure A Field,£308.60,Communities,11/03/2022
33951,Selecta U.K. Limited,£2.00,People,04/03/2022
9066,Seton,£55.94,Communities,21/03/2022
48039,Severn Trent Water,£155.34,Resources,01/03/2022
15687,Short Stays,£491.56,People,07/03/2022
17280,Short Stays,£491.56,People,22/03/2022
17284,Short Stays,£491.56,People,22/03/2022
18417,Short Stays,£491.56,People,29/03/2022
21214,Silentnight Group,£31.25,Resources,17/03/2022
43528,Simply Local Bedworth,£3.79,People,09/03/2022
48754,Simply Local Bedworth,£2.99,People,23/03/2022
7511,Smyths Toys Coventry,£13.30,People,13/03/2022
24638,Smythstoys.Com,£109.98,People,01/03/2022
24728,Smythstoys.Com,£20.82,People,24/03/2022
15018,Snap Inc Snap Snap Ads,£13.84,Resources,01/03/2022
9924,Snap Inc Snap Snap Ads,£13.85,Resources,02/03/2022
2158,Snap Inc Snap Snap Ads,£13.82,Resources,03/03/2022
1841,Snap Inc Snap Snap Ads,£15.95,Resources,04/03/2022
2293,Snap Inc Snap Snap Ads,£16.61,Resources,05/03/2022
2813,Snap Inc Snap Snap Ads,£18.54,Resources,06/03/2022
8295,Snap Inc Snap Snap Ads,£16.60,Resources,07/03/2022
7021,Snap Inc Snap Snap Ads,£12.18,Resources,08/03/2022
4969,Snap Inc Snap Snap Ads,£7.74,Resources,09/03/2022
435,Snap Inc Snap Snap Ads,£8.55,Resources,10/03/2022
1680,Snap Inc Snap Snap Ads,£16.03,Resources,11/03/2022
2215,Snap Inc Snap Snap Ads,£23.71,Resources,12/03/2022
4893,Snap Inc Snap Snap Ads,£27.77,Resources,13/03/2022
4803,Snap Inc Snap Snap Ads,£26.77,Resources,14/03/2022
5095,Snap Inc Snap Snap Ads,£22.42,Resources,15/03/2022
8309,Snap Inc Snap Snap Ads,£22.26,Resources,16/03/2022
37,Snap Inc Snap Snap Ads,£22.37,Resources,17/03/2022
3059,Snap Inc Snap Snap Ads,£22.11,Resources,18/03/2022
2755,Snap Inc Snap Snap Ads,£21.79,Resources,19/03/2022
2340,Snap Inc Snap Snap Ads,£26.62,Resources,20/03/2022
1569,Snap Inc Snap Snap Ads,£25.01,Resources,21/03/2022
4914,Snap Inc Snap Snap Ads,£21.77,Resources,22/03/2022
3273,Snap Inc Snap Snap Ads,£21.17,Resources,23/03/2022
3881,Snap Inc Snap Snap Ads,£20.38,Resources,24/03/2022
1672,Snap Inc Snap Snap Ads,£20.37,Resources,25/03/2022
2220,Snap Inc Snap Snap Ads,£20.63,Resources,26/03/2022
3520,Snap Inc Snap Snap Ads,£23.78,Resources,27/03/2022
6076,Snap Inc Snap Snap Ads,£21.35,Resources,28/03/2022
6628,Snap Inc Snap Snap Ads,£16.79,Resources,30/03/2022
40551,Snap Inc Snap Snap Ads,£16.97,Resources,30/03/2022
5526,Snap Inc Snap Snap Ads,£16.23,Resources,31/03/2022
49023,Sony Store Online Gb,"£1,499.17",Resources,24/03/2022
5401,Sp * Avatu Ltd,£594.00,Communities,10/03/2022
1088,Sp * Books4people,£407.25,Communities,12/03/2022
6734,Sp * Colour Clad Profi,£359.00,Communities,16/03/2022
1106,Sp * Next Day Paint,£55.99,Communities,14/03/2022
3234,Sp * Storie,£99.00,People,22/03/2022
1432,Sp * Vending Superstor,£319.87,Communities,23/03/2022
15681,Spar Stores,£3.00,People,17/03/2022
2763,Sponge.Co.Uk* S559159,£10.50,People,23/03/2022
392,Sportsdirect.Com,£78.49,Resources,05/03/2022
49398,Sq *coffee On The Corn,£5.80,People,08/03/2022
49354,Sq *coffee On The Corn,£6.05,People,22/03/2022
48735,Sq *sbs Trailers Ltd,"£2,174.13",Communities,02/03/2022
46663,St John Ambulance,£198.00,Communities,08/03/2022
39460,St John Ambulance,£990.00,Communities,21/03/2022
14757,Staffordshire County C,£9.17,Communities,17/03/2022
18714,Stagecoach Service,£66.80,People,03/03/2022
25846,Starbucks,£11.84,People,01/03/2022
24866,Starbucks,£3.32,People,03/03/2022
21562,Starbucks,£9.83,People,04/03/2022
26733,Starbucks,£8.98,People,09/03/2022
22263,Starbucks,£11.42,People,14/03/2022
21139,Starbucks,£15.32,People,21/03/2022
26720,Starbucks,£7.68,People,23/03/2022
26800,Starbucks,£13.05,People,23/03/2022
43465,Starbucks Centurion,£7.70,People,03/03/2022
49063,Starbucks Centurion,£7.33,People,23/03/2022
39845,Starbucks Warwick,£9.15,People,14/03/2022
37706,Starbucks Warwick,£7.30,People,21/03/2022
283,Startsafety.Uk,£179.29,Communities,06/03/2022
11844,Stationeryu,£417.83,People,29/03/2022
1944,Stockingford Allotment,£4.45,People,01/03/2022
6940,Stratford Herald,£130.00,Resources,11/03/2022
27799,Stratford On Avon D /,£2.40,People,03/03/2022
17866,Subway 39831 Ropewalk,£1.50,People,21/03/2022
4659,Subway 40899 Nuneaton,£16.46,People,12/03/2022
21011,Subway 45373 Arena Ret,£11.93,People,02/03/2022
18398,Subway 45373 Arena Ret,£5.08,People,11/03/2022
20956,Subway 69028 Uhcw,£7.47,People,23/03/2022
38025,Sumup *direct Taxis,£280.80,People,01/03/2022
38033,Sumup *direct Taxis,£280.80,People,01/03/2022
39217,Sumup *kel-Mar Limited,£40.00,People,02/03/2022
39179,Sumup *kel-Mar Limited,£80.00,People,16/03/2022
37719,Sumup *kel-Mar Limited,£40.00,People,23/03/2022
31134,Sumup *shine Hair Salo,£15.00,People,15/03/2022
38956,Sumup *taxi,£7.92,People,09/03/2022
39149,Sumup *zak&co Ltd,£35.98,People,02/03/2022
8646,Surrey Cc Card Pay,£11.00,People,29/03/2022
6240,Sw Nhs Foundtn Trust,"£37,410.00",Resources,30/03/2022
18686,Sykes Cottages,£370.00,People,07/03/2022
20984,Sykes Cottages,£515.00,People,08/03/2022
33323,Sykes Cottages,-£370.00,People,09/03/2022
15101,Sykes Cottages,£417.00,People,25/03/2022
22038,T K Maxx,£23.32,People,17/03/2022
27063,Tamworth,£2.92,People,23/03/2022
35784,Taxicode,£110.50,People,25/03/2022
12505,Tesco Gift Card,£25.00,People,14/03/2022
10599,Tesco Gift Card,£35.00,People,18/03/2022
12393,Tesco Gift Card,£10.00,People,25/03/2022
14251,Tesco Online,£15.00,People,23/03/2022
17527,Tesco Online,£21.99,People,24/03/2022
11063,Tesco Pay At Pump 4215,£68.34,Communities,25/03/2022
14787,Tesco Pfs 3893,£4.10,People,30/03/2022
14990,Tesco Store 2813,£3.37,People,03/03/2022
13500,Tesco Store 2813,£18.70,People,11/03/2022
12478,Tesco Store 2813,£20.00,Communities,11/03/2022
12965,Tesco Store 2813,£19.69,People,29/03/2022
15545,Tesco Store 3115,£2.00,People,08/03/2022
16042,Tesco Store 3115,£18.01,People,08/03/2022
16230,Tesco Store 3115,£13.54,People,14/03/2022
19512,Tesco Store 3115,£53.46,People,23/03/2022
18226,Tesco Store 3370,£44.40,Communities,03/03/2022
14367,Tesco Store 3370,£102.50,People,10/03/2022
14862,Tesco Store 3370,£32.50,People,16/03/2022
15765,Tesco Store 3370,£12.26,Communities,31/03/2022
16141,Tesco Stores 2323,£16.00,People,08/03/2022
15486,Tesco Stores 2328,£7.50,Communities,03/03/2022
14460,Tesco Stores 2328,£7.50,People,24/03/2022
17908,Tesco Stores 2974,£2.60,Communities,02/03/2022
17097,Tesco Stores 2974,£5.70,People,03/03/2022
13496,Tesco Stores 2974,£4.95,People,11/03/2022
14238,Tesco Stores 2974,£6.05,People,17/03/2022
14541,Tesco Stores 5779,£1.67,People,17/03/2022
11609,Tesco Stores Ltd 6367,£9.20,People,04/03/2022
12200,Tesco-Stores 6473,£12.34,Fire and Rescue,18/03/2022
607,Tfh Special Needs,£45.35,Resources,18/03/2022
37052,The Antelope Inn,£79.55,Communities,30/03/2022
1854,The Banbury Counsellin,"£1,375.00",People,09/03/2022
7603,The Larder,£10.30,Communities,12/03/2022
22028,The Paint Shed,£462.70,Communities,23/03/2022
45219,The Reading Agency,£382.50,Resources,15/03/2022
2752,The Textile Society,£20.83,Communities,03/03/2022
29649,The Time Cafe & Bar,£9.07,People,16/03/2022
29403,The Time Cafe & Bar,£16.25,People,17/03/2022
1414,Theory Test Pro,£7.50,Fire and Rescue,23/03/2022
6523,Thetrainline.Com,£5.59,People,01/03/2022
13947,Thetrainline.Com,£5.90,People,01/03/2022
5032,Thetrainline.Com,£8.85,People,01/03/2022
7618,Thetrainline.Com,£9.15,People,01/03/2022
5077,Thetrainline.Com,£83.44,People,01/03/2022
1318,Thetrainline.Com,£101.34,People,01/03/2022
13964,Thetrainline.Com,-£4.90,People,02/03/2022
6691,Thetrainline.Com,-£2.20,People,02/03/2022
6694,Thetrainline.Com,£13.83,People,02/03/2022
8712,Thetrainline.Com,£13.83,People,03/03/2022
4791,Thetrainline.Com,£6.41,People,07/03/2022
13084,Thetrainline.Com,£6.41,People,08/03/2022
9579,Thetrainline.Com,£51.53,People,09/03/2022
9579,Thetrainline.Com,£51.54,People,09/03/2022
6923,Thetrainline.Com,£64.65,People,10/03/2022
6923,Thetrainline.Com,£64.66,People,10/03/2022
5800,Thetrainline.Com,£44.19,People,11/03/2022
10568,Thetrainline.Com,£5.59,People,14/03/2022
10154,Thetrainline.Com,£6.41,People,14/03/2022
10148,Thetrainline.Com,£148.84,Resources,14/03/2022
11224,Thetrainline.Com,£5.59,People,16/03/2022
1381,Thetrainline.Com,£13.83,People,18/03/2022
5699,Thetrainline.Com,£264.98,People,18/03/2022
9619,Thetrainline.Com,£5.59,People,21/03/2022
3948,Thetrainline.Com,£44.19,People,21/03/2022
3965,Thetrainline.Com,£83.44,People,21/03/2022
5933,Thetrainline.Com,£5.90,People,22/03/2022
9047,Thetrainline.Com,£125.35,People,22/03/2022
2043,Thetrainline.Com,£5.50,People,23/03/2022
8727,Thetrainline.Com,£6.41,People,25/03/2022
61,Thetrainline.Com,£61.33,People,25/03/2022
6387,Thetrainline.Com,£5.59,People,29/03/2022
833,Thetrainline.Com,£5.59,People,30/03/2022
816,Thetrainline.Com,£6.41,People,30/03/2022
6200,Thetrainline.Com,£8.54,People,30/03/2022
13370,Tiktok Ads,£105.53,Resources,06/03/2022
51570,Tiktok Ads,£160.00,Resources,10/03/2022
16284,Tiktok Ads,£155.19,Resources,13/03/2022
13073,Tiktok Ads,£390.00,Resources,19/03/2022
13638,Tiktok Ads,£18.82,Resources,20/03/2022
13633,Tiktok Ads,£24.10,Resources,20/03/2022
51276,Tiktok Ads,£445.74,Resources,29/03/2022
6610,Timpson Ltd,£6.67,Fire and Rescue,12/03/2022
7980,Toolbox Nuneaton Ltd,£10.82,People,30/03/2022
3284,Trainline,£14.00,Resources,04/03/2022
1671,Trainline,£14.00,Resources,11/03/2022
8440,Trainline,£14.00,Resources,16/03/2022
4894,Trainline,£15.90,Resources,25/03/2022
12626,Trainline.Com,£35.44,People,01/03/2022
11055,Trainline.Com,£5.59,People,02/03/2022
11087,Trainline.Com,£7.02,People,02/03/2022
8105,Trainline.Com,£44.19,People,04/03/2022
9238,Trainline.Com,£5.59,People,07/03/2022
9210,Trainline.Com,£40.68,People,07/03/2022
11087,Trainline.Com,£83.44,People,08/03/2022
10639,Trainline.Com,£5.59,People,09/03/2022
10659,Trainline.Com,£6.41,People,09/03/2022
9358,Trainline.Com,£6.41,People,11/03/2022
9250,Trainline.Com,£13.83,People,11/03/2022
9350,Trainline.Com,£24.81,People,11/03/2022
9073,Trainline.Com,£7.88,People,14/03/2022
9137,Trainline.Com,£38.29,Fire and Rescue,14/03/2022
10113,Trainline.Com,£13.83,People,15/03/2022
10053,Trainline.Com,£59.04,Fire and Rescue,15/03/2022
10125,Trainline.Com,£83.44,People,15/03/2022
9340,Trainline.Com,£6.41,People,16/03/2022
9264,Trainline.Com,£39.97,People,16/03/2022
7270,Trainline.Com,£264.98,People,18/03/2022
8366,Trainline.Com,£6.41,People,21/03/2022
8458,Trainline.Com,£29.54,People,21/03/2022
9663,Trainline.Com,£5.59,People,23/03/2022
9667,Trainline.Com,£16.45,People,23/03/2022
7265,Trainline.Com,£6.41,People,28/03/2022
7201,Trainline.Com,£133.48,People,28/03/2022
10715,Trainline.Com,£82.43,People,29/03/2022
11156,Trainline.Com,£6.41,People,30/03/2022
28486,Travelodge Gb0000,£62.54,People,07/03/2022
31023,Travelodge Gb0000,£501.79,Fire and Rescue,08/03/2022
28100,Travelodge Gb0000,£180.38,People,10/03/2022
28094,Travelodge Gb0000,£203.96,People,10/03/2022
25820,Travelodge Gb0000,£74.33,People,14/03/2022
35120,Travelodge Gb0000,£250.20,People,15/03/2022
45254,Troopers Lodge Filling,£4.30,People,23/03/2022
45025,Troopers Lodge Filling,£4.30,People,30/03/2022
4581,Tso Shop* Id-7445450,£192.75,Fire and Rescue,30/03/2022
28193,Tu At Sainsburys,£23.00,Communities,14/03/2022
16842,Tudor Environmental,£77.05,Communities,21/03/2022
20917,Tudor Environmental,£70.45,Communities,22/03/2022
20917,Tudor Environmental,£75.18,Communities,22/03/2022
39537,Tuttle Hill Post Offic,£48.38,People,30/03/2022
8323,Tvlicensing.Co.Uk,£132.50,People,17/03/2022
10273,Tvlicensing.Co.Uk,£159.00,Communities,28/03/2022
10384,Tvlicensing.Co.Uk,£159.00,People,29/03/2022
12487,Tvlicensing.Co.Uk,£159.00,Communities,31/03/2022
15829,Verivide Ltd,£60.00,Fire and Rescue,21/03/2022
18217,Viking Uk,£468.00,Communities,25/03/2022
28074,Viking Uk,£209.97,Communities,28/03/2022
28106,Viking Uk,£458.00,Communities,28/03/2022
28066,Viking Uk,£687.00,Communities,28/03/2022
28070,Viking Uk,£916.00,Communities,28/03/2022
46631,Virtualinout.Com,£27.49,Communities,12/03/2022
56785,Vitalsource,£339.90,Fire and Rescue,10/03/2022
5483,Viva Access Ltd,£35.40,People,17/03/2022
5474,Viva Access Ltd,£42.00,People,17/03/2022
18444,Voucher Express,£51.50,People,04/03/2022
22262,Voucher Express,£13.99,People,23/03/2022
22048,Voucher Express Moto,£205.50,Resources,08/03/2022
19261,W C Peace & Son,£31.40,Fire and Rescue,17/03/2022
13703,Warwick District Counc,£40.00,People,03/03/2022
18589,Warwick District Counc,£30.22,People,09/03/2022
10625,Warwick District Counc,£218.11,People,17/03/2022
13664,Warwick District Counc,£93.00,People,21/03/2022
15677,Warwick District Counc,£26.84,People,24/03/2022
12808,Warwick District Counc,£154.15,People,28/03/2022
12804,Warwick District Counc,£353.73,People,28/03/2022
4163,Watercoolersdirect.Com,£464.70,Communities,30/03/2022
16525,Welcome Break,£34.16,People,29/03/2022
8522,Wenman Healthcare Ltd,£150.84,Communities,16/03/2022
30645,West Midlands Trav,£55.00,Resources,08/03/2022
33913,West Midlands Trav,£51.50,People,17/03/2022
36208,West Northamptonshire,£203.00,Resources,10/03/2022
8213,Westmidlandscom,£35.70,People,04/03/2022
8342,Westmidlandscom,£15.60,People,21/03/2022
23305,Wf Education Group Ltd,£65.80,People,04/03/2022
40378,Wh Smith,£9.75,Communities,01/03/2022
39906,Wh Smith,£100.00,Fire and Rescue,08/03/2022
42781,Wh Smith,£3.55,People,23/03/2022
40489,Wh Smith Tavel,£3.32,People,10/03/2022
32564,Wickes Nuneaton,£19.58,People,22/03/2022
23759,Wilko Retail Limited,£15.00,People,08/03/2022
24585,Wilko Retail Limited,£6.25,People,09/03/2022
4424,Wilko Retail Limited,£4.42,People,26/03/2022
16436,Wilko.Com,£11.67,Communities,30/03/2022
58063,Wix.Com*986704509,£147.90,Resources,21/03/2022
45268,Wm Morrisons Store,£21.60,People,15/03/2022
29918,Worcestershire Cou,-£11.00,People,07/03/2022
3702,Worcestershire Cou,£104.00,Communities,08/03/2022
8640,Worcestershire Cou,£8.33,Communities,25/03/2022
43450,Wordpress Scet721neg,£55.10,Resources,14/03/2022
14825,Wp-Institution Of,-£40.25,Fire and Rescue,10/03/2022
14829,Wp-Institution Of,-£40.25,Fire and Rescue,10/03/2022
19063,Wp-Institution Of,£275.25,Fire and Rescue,10/03/2022
19067,Wp-Institution Of,£275.25,Fire and Rescue,10/03/2022
16770,Wp-Ocd-Uk,£480.00,People,15/03/2022
18672,Wp-Warwickshire Co,£11.00,Resources,01/03/2022
18716,Wp-Warwickshire Co,£11.00,Resources,01/03/2022
18720,Wp-Warwickshire Co,£11.00,Resources,01/03/2022
19413,Wp-Warwickshire Co,£11.00,People,01/03/2022
18242,Wp-Warwickshire Co,£11.00,People,03/03/2022
14564,Wp-Warwickshire Co,£11.00,People,04/03/2022
14282,Wp-Warwickshire Co,£11.00,People,04/03/2022
16936,Wp-Warwickshire Co,£11.00,Resources,07/03/2022
18477,Wp-Warwickshire Co,£11.00,People,09/03/2022
17141,Wp-Warwickshire Co,£11.00,Resources,10/03/2022
16864,Wp-Warwickshire Co,£11.00,Resources,14/03/2022
15476,Wp-Warwickshire Co,£11.00,Resources,14/03/2022
16714,Wp-Warwickshire Co,£11.00,People,17/03/2022
15911,Wp-Warwickshire Co,£11.00,Resources,21/03/2022
14785,Wp-Warwickshire Co,£11.00,Resources,21/03/2022
14841,Wp-Warwickshire Co,£11.00,Resources,21/03/2022
14845,Wp-Warwickshire Co,£11.00,Resources,21/03/2022
16659,Wp-Warwickshire Co,£11.00,Resources,22/03/2022
13049,Wp-Warwickshire Co,£11.00,Resources,25/03/2022
13177,Wp-Warwickshire Co,£22.00,People,25/03/2022
17783,Wp-Warwickshire Co,£11.00,People,30/03/2022
17787,Wp-Warwickshire Co,£11.00,People,30/03/2022
17791,Wp-Warwickshire Co,£11.00,People,30/03/2022
17795,Wp-Warwickshire Co,£11.00,People,30/03/2022
18096,Wp-Warwickshire Co,£11.00,People,30/03/2022
17018,Wp-Warwickshire Co,£11.00,People,30/03/2022
46520,Www.Aldi.Co.Uk,£149.95,Resources,02/03/2022
246,Www.Anyvan.Com,£359.88,People,21/03/2022
21539,Www.Architecture.Com/r,£399.00,Resources,02/03/2022
19904,Www.Baga.Co.Uk,£19.00,People,21/03/2022
23851,Www.Barprofessionaltra,£659.00,Resources,08/03/2022
21289,Www.Barprofessionaltra,£253.00,Resources,22/03/2022
26380,Www.Boostpower.Co.Uk,£16.67,People,14/03/2022
7371,Www.Boostpower.Co.Uk,£20.00,People,18/03/2022
22592,Www.Britishgas.Co.,£72.59,People,19/03/2022
22568,Www.Britishgas.Co.,£127.45,People,19/03/2022
22588,Www.Britishgas.Co.,£415.83,People,19/03/2022
18941,Www.Cgpbooks.Co.Uk,£23.95,Communities,14/03/2022
16553,Www.Cgpbooks.Co.Uk,£23.95,Communities,18/03/2022
32652,Www.Cimaglobal.Com,£306.00,Resources,24/03/2022
39424,Www.Coventry.Gov.Uk,£433.22,People,01/03/2022
8157,Www.Coventry.Gov.Uk,£11.00,Resources,11/03/2022
8166,Www.Coventry.Gov.Uk,£11.00,People,11/03/2022
30883,Www.Coventry.Gov.Uk,£155.66,People,14/03/2022
35990,Www.Coventry.Gov.Uk,"£1,037.72",People,15/03/2022
40647,Www.Coventry.Gov.Uk,£81.99,People,17/03/2022
40632,Www.Coventry.Gov.Uk,£155.65,People,17/03/2022
40611,Www.Coventry.Gov.Uk,"£48,109.25",Resources,17/03/2022
2798,Www.Coventry.Gov.Uk,£11.00,People,18/03/2022
2795,Www.Coventry.Gov.Uk,£22.00,People,18/03/2022
32814,Www.Coventry.Gov.Uk,£276.84,People,21/03/2022
32817,Www.Coventry.Gov.Uk,"£1,037.72",People,21/03/2022
43160,Www.Coventry.Gov.Uk,"£36,344.92",Resources,30/03/2022
15804,Www.Coventryhome.Co.Uk,£129.78,People,01/03/2022
15414,Www.Coventryhome.Co.Uk,£501.11,People,02/03/2022
11229,Www.Coventryhome.Co.Uk,£112.75,People,04/03/2022
15312,Www.Coventryhome.Co.Uk,£676.50,People,07/03/2022
15743,Www.Coventryhome.Co.Uk,£112.75,People,15/03/2022
15895,Www.Coventryhome.Co.Uk,£112.75,People,17/03/2022
15899,Www.Coventryhome.Co.Uk,£717.50,People,17/03/2022
14739,Www.Coventryhome.Co.Uk,£717.50,People,23/03/2022
15205,Www.Coventryhome.Co.Uk,£717.50,People,30/03/2022
20584,Www.Cscs.Uk.Com,£30.00,Communities,09/03/2022
22354,Www.Cutpricewholesaler,£81.39,People,31/03/2022
32992,Www.Drainstore.Com,£91.50,Communities,14/03/2022
22220,Www.Dyslexiaactionshop,£288.00,Resources,08/03/2022
21173,Www.Easyequipment.Com,£223.40,Communities,22/03/2022
45912,Www.Equip4work.Co.Uk,£476.00,People,28/03/2022
29417,Www.Flags.Co.Uk,£39.79,Resources,01/03/2022
20092,Www.Fta.Co.Uk,£56.99,Communities,31/03/2022
23466,Www.Furniturechoice.Co,£583.32,People,11/03/2022
29420,Www.Galatent.Co.Uk,"£1,448.77",Resources,01/03/2022
31344,Www.Galatent.Co.Uk,£266.63,Communities,03/03/2022
38667,Www.Gov.Uk,£1.50,Resources,16/03/2022
29989,Www.Gov.Uk,£1.50,Resources,17/03/2022
35984,Www.Gov.Uk,£1.50,Resources,22/03/2022
23061,Www.Hce-Uk.Com,£192.72,Fire and Rescue,15/03/2022
22758,Www.Idcardcentre.Co.Uk,£111.50,Communities,04/03/2022
27110,Www.Johnlewis.Com,£100.00,People,03/03/2022
16048,Www.Lockdoctor.Biz,£6.95,Communities,28/03/2022
16048,Www.Lockdoctor.Biz,£30.96,Communities,28/03/2022
25112,Www.Minervacrafts.Com,£3.16,Resources,23/03/2022
20305,Www.Mitaxis.Com,£73.33,People,10/03/2022
20308,Www.Mitaxis.Com,£225.00,People,10/03/2022
20302,Www.Mitaxis.Com,"£1,666.67",People,10/03/2022
16570,Www.Nuneatonandbedwort,£137.60,People,10/03/2022
16566,Www.Nuneatonandbedwort,£183.94,People,10/03/2022
16574,Www.Nuneatonandbedwort,£421.07,People,10/03/2022
16766,Www.Nuneatonandbedwort,£138.56,People,15/03/2022
14926,Www.Nuneatonandbedwort,£421.07,People,16/03/2022
14922,Www.Nuneatonandbedwort,£560.43,People,16/03/2022
21814,Www.Ofcom.Org.Uk,£75.00,Communities,24/03/2022
27257,Www.Preservationequipm,£123.65,Communities,03/03/2022
30346,Www.Preservationequipm,£196.81,Communities,23/03/2022
30313,Www.Screwfix.Com,£26.95,Communities,17/03/2022
30313,Www.Screwfix.Com,£49.99,Communities,17/03/2022
21424,Www.Screwfix.Com,£59.37,Communities,18/03/2022
29429,Www.Screwfix.Com,£79.16,Communities,22/03/2022
29036,Www.Screwfix.Com,£8.32,Communities,24/03/2022
16975,Www.Smartuk.Net,£176.44,Communities,08/03/2022
4524,Www.Thecleverbaggers.C,£115.79,Communities,12/03/2022
31609,Www.Theworks.Co.Uk,£25.42,People,02/03/2022
36658,Www.Theworks.Co.Uk,£12.99,Communities,09/03/2022
36597,Www.Theworks.Co.Uk,£32.00,Communities,23/03/2022
20593,Www.Tudorenvironmental,£29.15,Communities,03/03/2022
20923,Www.Tudorenvironmental,"£1,551.13",Communities,22/03/2022
23823,Www.Ukpos.Com,£431.69,Communities,08/03/2022
21165,Www.Ukpos.Com,£125.10,Resources,22/03/2022
22630,Www.Utilita.Co.Uk,£20.00,People,18/03/2022
21755,Www.Utilita.Co.Uk,£30.00,People,25/03/2022
23985,Www.Voxi.Co.Uk,£20.00,People,21/03/2022
22089,Www.Warkscol.Ac.Uk,£85.00,Communities,22/03/2022
23345,Www.Wildseed.Co.Uk,£332.80,Communities,18/03/2022
15551,Www.Wmemployers.Org.Uk,£100.00,Resources,16/03/2022
20489,Www.Wonderlandmodels.C,£42.60,People,31/03/2022
737,Yha England & Wales,£126.35,People,17/03/2022
20719,Zoro Uk,£33.32,Communities,17/03/2022
20719,Zoro Uk,£33.32,Communities,17/03/2022
9586,Ztl*morning Sunshine C,£60.00,Communities,19/03/2022
43417,Ztl*taxi Services,£10.83,People,09/03/2022
602107562,,£0.25,Resources,01/03/2022
612109121,,£2.19,Resources,02/03/2022
622114250,,£1.47,Resources,03/03/2022
632134572,,£0.59,Communities,04/03/2022
662114088,,£0.42,Resources,07/03/2022
662113043,,£1.04,Resources,07/03/2022
682110247,,£2.08,Resources,09/03/2022
682110237,,£3.02,Resources,09/03/2022
682110257,,£3.26,Resources,09/03/2022
692112320,,£2.50,Resources,10/03/2022
702111470,,£0.42,Communities,11/03/2022
702111597,,£2.51,Resources,11/03/2022
732111593,,-£2.48,Resources,14/03/2022
732116429,,£0.76,Communities,14/03/2022
762107413,,£4.20,Resources,17/03/2022
822116378,,£4.07,Resources,23/03/2022
882206372,,£0.25,Resources,29/03/2022
892110268,,£2.23,Resources,30/03/2022
