Trans No,Supplier,Amount,Directorate,Pay Date
6941,123 Reg Ltd,£1.00,Resources,15/10/2021
12840,123 Reg Ltd,£23.98,Resources,25/10/2021
12843,123 Reg Ltd,£15.99,Resources,25/10/2021
22550,2maa027606356 Td E-Pmt,£75.00,People,11/10/2021
45745,Ab* Abebooks.Uk J277hr,£20.00,Communities,19/10/2021
49408,Ab* Abebooks.Uk J2ykvr,£15.93,Communities,20/10/2021
35869,Ab* Abebooks.Uk Jxbbze,£58.95,Communities,01/10/2021
45824,Ab* Abebooks.Uk Jxhp47,£9.20,Communities,05/10/2021
45988,Ab* Abebooks.Uk Jxsj9q,£6.19,Communities,12/10/2021
43200,Acraarn20211026121042,£10.84,Resources,27/10/2021
10198,Adobe Dw Creative Cld,£12.64,Resources,31/10/2021
15219,Agora Publications,£48.39,Communities,16/10/2021
15219,Agora Publications,£24.20,Communities,16/10/2021
15219,Agora Publications,£24.19,Communities,16/10/2021
4107,Airbnb * Hmpmbf4aqy,"£2,986.13",People,01/10/2021
867,Airbnb * Hmscyra8hq,£605.00,People,25/10/2021
42899,Aldi 13 772,£7.41,People,12/10/2021
43307,Aldi 13 772,£1.33,Resources,20/10/2021
43307,Aldi 13 772,£1.61,Resources,20/10/2021
30222,Aldi 17 772,£14.92,People,25/10/2021
34173,Aldi 17 772,£26.40,People,27/10/2021
38139,Aldi 40 772,£33.98,People,18/10/2021
33777,Aldi 61 772,£23.06,People,28/10/2021
32477,Aldi 89 772,£4.23,People,26/10/2021
32481,Aldi 89 772,£7.95,People,26/10/2021
32481,Aldi 89 772,£7.12,People,26/10/2021
6641,All Sofas,£401.40,People,26/10/2021
26033,Allpay *citizen Housin,£403.00,People,06/10/2021
7853,Alt Twrs Food Bev,£7.00,People,13/10/2021
8186,Alton Towers,£808.50,People,06/10/2021
7633,Amalfi Pizza,£22.49,People,27/10/2021
3522,Amazon Prime*bd5w09lp5,£6.66,Communities,11/10/2021
2721,Amazon Prime*fd7yd9j65,£7.99,Communities,08/10/2021
5692,Amazon Prime*hs8pg69l5,£7.99,People,27/10/2021
2486,Amazon Prime*py3l94z15,£7.99,Communities,03/10/2021
2533,Amazon.Co.Uk*057b13jq5,£38.95,Communities,02/10/2021
4079,Amazon.Co.Uk*110tc7815,£15.67,Communities,20/10/2021
38274,Amazon.Co.Uk*142by0bg5,£5.66,Fire and Rescue,01/10/2021
1284,Amazon.Co.Uk*224dz54f5,£27.27,Resources,17/10/2021
43027,Amazon.Co.Uk*2w88g1y44,£4.05,Communities,15/10/2021
336,Amazon.Co.Uk*2z5qr2vj5,£307.50,Communities,13/10/2021
3310,Amazon.Co.Uk*3710w4r55,£11.51,Communities,20/10/2021
17341,Amazon.Co.Uk*3c5521855,£4.08,Communities,11/10/2021
14305,Amazon.Co.Uk*3e7459nm5,£10.80,Resources,07/10/2021
1159,Amazon.Co.Uk*3f2ch41m5,£21.01,People,03/10/2021
13068,Amazon.Co.Uk*4u9ef7n35,£10.48,People,19/10/2021
15896,Amazon.Co.Uk*4v4kn47o5,£10.98,Communities,28/10/2021
16181,Amazon.Co.Uk*5p8zf6es5,£15.99,Communities,12/10/2021
1264,Amazon.Co.Uk*5r3o235i5,£13.32,Communities,30/10/2021
16826,Amazon.Co.Uk*5x63c9215,£85.44,Resources,19/10/2021
2277,Amazon.Co.Uk*615it3uu5,£19.02,Communities,03/10/2021
43417,Amazon.Co.Uk*701h07a05,£30.38,People,15/10/2021
3506,Amazon.Co.Uk*885c017d5,£15.67,Communities,17/10/2021
4051,Amazon.Co.Uk*8c0qc1lj5,£12.99,Communities,15/10/2021
17400,Amazon.Co.Uk*8i55t9dd5,£4.05,Communities,14/10/2021
3005,Amazon.Co.Uk*av2jt0845,£15.78,Resources,20/10/2021
4080,Amazon.Co.Uk*ax3xb3s25,£29.04,Fire and Rescue,05/10/2021
33253,Amazon.Co.Uk*ca1oy2m85,£6.29,Communities,16/10/2021
17055,Amazon.Co.Uk*cf4id6b55,£37.42,Communities,12/10/2021
18215,Amazon.Co.Uk*dr5th3zn5,£5.94,Communities,14/10/2021
7361,Amazon.Co.Uk*dy80j2q65,£29.04,Fire and Rescue,04/10/2021
43536,Amazon.Co.Uk*e52rm0fh5,£41.66,Resources,15/10/2021
22516,Amazon.Co.Uk*e69ej8kv5,£23.94,People,07/10/2021
4400,Amazon.Co.Uk*em0x383q5,£24.99,People,08/10/2021
1550,Amazon.Co.Uk*ev2ai2d95,£16.97,People,06/10/2021
3293,Amazon.Co.Uk*ez0j38hf5,£9.36,Communities,03/10/2021
25531,Amazon.Co.Uk*f19pw8985,£272.79,Communities,13/10/2021
1385,Amazon.Co.Uk*fp68i63t5,£61.78,People,31/10/2021
3838,Amazon.Co.Uk*go8yr0ld5,£26.66,People,07/10/2021
3056,Amazon.Co.Uk*hu7lq4hn5,£36.76,Fire and Rescue,17/10/2021
181,Amazon.Co.Uk*j11qi90a5,£20.97,Communities,21/10/2021
8782,Amazon.Co.Uk*j74le6iq5,£7.60,Communities,19/10/2021
14748,Amazon.Co.Uk*jh2h55gy5,£16.28,Communities,11/10/2021
14748,Amazon.Co.Uk*jh2h55gy5,£4.16,Communities,11/10/2021
11752,Amazon.Co.Uk*ju0i71be5,£13.73,Communities,26/10/2021
420,Amazon.Co.Uk*jw69375m5,£187.47,Communities,21/10/2021
7040,Amazon.Co.Uk*kj0872845,£69.37,Resources,06/10/2021
37158,Amazon.Co.Uk*kl2569k15,£108.68,Resources,12/10/2021
801,Amazon.Co.Uk*l26hp8gz5,£39.38,Resources,07/10/2021
950,Amazon.Co.Uk*lz00i50a5,£11.72,Resources,21/10/2021
1236,Amazon.Co.Uk*m01i821y5,£13.73,Communities,24/10/2021
4424,Amazon.Co.Uk*md2yl8075,£29.04,Fire and Rescue,01/10/2021
138,Amazon.Co.Uk*mu5vg9h95,£15.99,Communities,20/10/2021
19597,Amazon.Co.Uk*nu4yi65l5,£22.42,Communities,13/10/2021
24179,Amazon.Co.Uk*nv3pn4r65,£63.90,People,19/10/2021
2857,Amazon.Co.Uk*o724162u5,£33.33,Communities,30/10/2021
2242,Amazon.Co.Uk*od50o9my5,£7.57,Communities,20/10/2021
2970,Amazon.Co.Uk*pb4qh7jq5,£21.01,People,03/10/2021
18025,Amazon.Co.Uk*pn3wz6mz5,£133.32,Resources,14/10/2021
3486,Amazon.Co.Uk*pt5d41815,£20.88,Communities,21/10/2021
17849,Amazon.Co.Uk*pu1r26lq5,£29.84,People,06/10/2021
4278,Amazon.Co.Uk*qy2fl37i5,£24.99,People,08/10/2021
16929,Amazon.Co.Uk*r05g22nc5,£4.05,Communities,14/10/2021
13112,Amazon.Co.Uk*rc8ji9vw5,£17.31,Fire and Rescue,20/10/2021
7896,Amazon.Co.Uk*rl56p6gj5,£33.33,Communities,25/10/2021
2266,Amazon.Co.Uk*rv9tw9i95,£29.04,Fire and Rescue,14/10/2021
5471,Amazon.Co.Uk*s38x71a95,£24.99,People,17/10/2021
21740,Amazon.Co.Uk*sk3614vb5,£13.82,Communities,07/10/2021
14933,Amazon.Co.Uk*so9ov0ta5,£47.49,People,22/10/2021
12348,Amazon.Co.Uk*t153691d5,£8.80,Fire and Rescue,18/10/2021
4814,Amazon.Co.Uk*t170q6ac5,£10.84,Communities,03/10/2021
1355,Amazon.Co.Uk*tq0tj7l35,£106.80,Resources,18/10/2021
13439,Amazon.Co.Uk*u82t15d55,£5.25,Communities,07/10/2021
24107,Amazon.Co.Uk*uz7ei7x95,£58.32,Communities,06/10/2021
15169,Amazon.Co.Uk*ve9dp4245,£29.04,Fire and Rescue,07/10/2021
5638,Amazon.Co.Uk*w23kn6dc5,£19.98,Communities,14/10/2021
39121,Amazon.Co.Uk*xb36v5hc5,£7.65,Communities,21/10/2021
9644,Amazon.Co.Uk*xd0tv4475,£29.04,Fire and Rescue,13/10/2021
10872,Amazon.Co.Uk*xd0z07jl5,£671.82,Communities,18/10/2021
537,Amazon.Co.Uk*xe9lf4zw5,£23.76,Communities,31/10/2021
10986,Amazon.Co.Uk*xs8m55tk5,£234.96,Resources,18/10/2021
4047,Amazon.Co.Uk*y442q3nb5,£52.98,People,02/10/2021
4774,Amazon.Co.Uk*y985r38k5,£23.68,Communities,09/10/2021
3171,Amazon.Co.Uk*yg0lz9ih5,£21.01,People,03/10/2021
3357,Amazon.Co.Uk*yj7494g25,£24.99,People,08/10/2021
38852,Amazon.Co.Uk*z02bj4cf5,£224.73,Resources,21/10/2021
2621,Amz*amazon.Co.Uk,-£29.04,Fire and Rescue,07/10/2021
9450,Amz*amazon.Co.Uk,-£106.80,Resources,20/10/2021
2554,Amz*amazon.Co.Uk,-£34.85,Fire and Rescue,20/10/2021
2953,Amz*amazon.Co.Uk,-£69.70,Fire and Rescue,20/10/2021
1693,Amz*dependable Trading,-£17.70,Communities,14/10/2021
7957,Amz*green Eu,-£23.24,Resources,01/10/2021
12,Amz*kidzmotion Ltd,-£41.66,Fire and Rescue,08/10/2021
9841,Amzn Digital*an0307925,£7.91,Communities,29/10/2021
38139,Amznmktplace,£20.73,People,01/10/2021
3460,Amznmktplace,£1.32,Communities,01/10/2021
8113,Amznmktplace,£2.73,Communities,01/10/2021
8937,Amznmktplace,£24.99,Resources,01/10/2021
8165,Amznmktplace,£19.98,People,01/10/2021
2517,Amznmktplace,£36.88,Resources,01/10/2021
3899,Amznmktplace,£3.99,Communities,02/10/2021
4218,Amznmktplace,£39.15,Communities,03/10/2021
4297,Amznmktplace,£27.97,Resources,04/10/2021
2675,Amznmktplace,£349.98,People,04/10/2021
12198,Amznmktplace,£223.73,Communities,05/10/2021
4385,Amznmktplace,£99.11,Communities,05/10/2021
3618,Amznmktplace,£12.58,Resources,05/10/2021
477,Amznmktplace,£241.62,People,05/10/2021
1536,Amznmktplace,£17.67,Resources,05/10/2021
3324,Amznmktplace,£20.80,Resources,05/10/2021
7919,Amznmktplace,£51.99,Communities,06/10/2021
4406,Amznmktplace,£20.79,Communities,06/10/2021
2019,Amznmktplace,£9.11,People,06/10/2021
17751,Amznmktplace,£18.18,Fire and Rescue,06/10/2021
15571,Amznmktplace,£18.56,Communities,06/10/2021
6080,Amznmktplace,£39.98,Communities,07/10/2021
7487,Amznmktplace,£4.99,People,07/10/2021
7528,Amznmktplace,£4.58,People,07/10/2021
8382,Amznmktplace,£6.91,People,07/10/2021
8161,Amznmktplace,£55.82,People,07/10/2021
8267,Amznmktplace,£111.65,People,07/10/2021
5936,Amznmktplace,£70.97,Resources,07/10/2021
6227,Amznmktplace,£17.07,Resources,07/10/2021
6998,Amznmktplace,£8.12,Resources,07/10/2021
19665,Amznmktplace,£17.49,Communities,08/10/2021
40052,Amznmktplace,£26.63,Resources,08/10/2021
4302,Amznmktplace,£20.94,People,08/10/2021
5556,Amznmktplace,£16.99,Communities,08/10/2021
2483,Amznmktplace,£17.07,Communities,09/10/2021
357,Amznmktplace,£24.97,Resources,09/10/2021
4108,Amznmktplace,£31.20,Communities,10/10/2021
1387,Amznmktplace,£4.79,Resources,10/10/2021
2217,Amznmktplace,£19.95,Resources,10/10/2021
940,Amznmktplace,£47.40,Resources,10/10/2021
10015,Amznmktplace,£21.66,Resources,11/10/2021
301,Amznmktplace,£11.57,Fire and Rescue,11/10/2021
15411,Amznmktplace,£10.57,Communities,11/10/2021
3973,Amznmktplace,£30.09,Communities,11/10/2021
5133,Amznmktplace,£13.32,People,11/10/2021
7914,Amznmktplace,£54.02,Communities,12/10/2021
3485,Amznmktplace,£117.48,Fire and Rescue,12/10/2021
2913,Amznmktplace,£444.95,Communities,12/10/2021
1603,Amznmktplace,£14.50,Fire and Rescue,12/10/2021
23767,Amznmktplace,£11.66,Resources,12/10/2021
2414,Amznmktplace,£3.05,Communities,12/10/2021
15536,Amznmktplace,£11.38,Communities,12/10/2021
15536,Amznmktplace,£8.99,Communities,12/10/2021
15536,Amznmktplace,£9.15,Communities,12/10/2021
8343,Amznmktplace,£127.49,Communities,13/10/2021
8535,Amznmktplace,£13.33,Communities,13/10/2021
16378,Amznmktplace,£9.67,Communities,13/10/2021
4987,Amznmktplace,£17.70,Communities,13/10/2021
7643,Amznmktplace,£24.98,Resources,13/10/2021
4173,Amznmktplace,£68.00,Communities,13/10/2021
765,Amznmktplace,£10.45,People,13/10/2021
1481,Amznmktplace,£17.75,Communities,14/10/2021
7709,Amznmktplace,£137.50,Communities,14/10/2021
25195,Amznmktplace,£23.71,Communities,14/10/2021
5985,Amznmktplace,£10.42,Communities,15/10/2021
7412,Amznmktplace,£13.50,Resources,15/10/2021
21456,Amznmktplace,£37.49,Communities,15/10/2021
3260,Amznmktplace,£14.00,Communities,15/10/2021
144,Amznmktplace,£86.41,Fire and Rescue,15/10/2021
440,Amznmktplace,£40.72,Communities,16/10/2021
2207,Amznmktplace,£17.48,Fire and Rescue,16/10/2021
7952,Amznmktplace,£16.62,Fire and Rescue,17/10/2021
6620,Amznmktplace,£6.66,Resources,18/10/2021
12393,Amznmktplace,£21.99,Communities,18/10/2021
5751,Amznmktplace,£15.12,Resources,18/10/2021
4183,Amznmktplace,£6.46,Communities,18/10/2021
5731,Amznmktplace,£86.66,Resources,18/10/2021
27137,Amznmktplace,£28.23,People,18/10/2021
6632,Amznmktplace,£6.99,Communities,19/10/2021
1278,Amznmktplace,£7.91,Communities,19/10/2021
1278,Amznmktplace,£4.99,Communities,19/10/2021
4508,Amznmktplace,£29.92,People,19/10/2021
332,Amznmktplace,£4.99,Resources,19/10/2021
1065,Amznmktplace,£9.62,Communities,19/10/2021
15159,Amznmktplace,£17.98,Resources,19/10/2021
36364,Amznmktplace,£9.65,Resources,19/10/2021
605,Amznmktplace,£20.83,People,19/10/2021
652,Amznmktplace,£25.00,People,19/10/2021
5570,Amznmktplace,£25.47,Resources,19/10/2021
2125,Amznmktplace,£58.32,Resources,19/10/2021
10074,Amznmktplace,£33.29,People,20/10/2021
8615,Amznmktplace,£389.62,People,20/10/2021
9185,Amznmktplace,£14.49,Resources,20/10/2021
9185,Amznmktplace,£16.63,Resources,20/10/2021
9185,Amznmktplace,£7.49,Resources,20/10/2021
10005,Amznmktplace,£18.44,Communities,20/10/2021
5355,Amznmktplace,£147.87,Communities,20/10/2021
11752,Amznmktplace,£9.57,Resources,20/10/2021
13027,Amznmktplace,£7.80,Resources,20/10/2021
7994,Amznmktplace,£93.33,Resources,20/10/2021
13398,Amznmktplace,£58.32,Communities,20/10/2021
6438,Amznmktplace,£290.83,Communities,20/10/2021
5428,Amznmktplace,£6.00,Communities,21/10/2021
4545,Amznmktplace,£15.98,Communities,21/10/2021
5200,Amznmktplace,£23.72,Communities,21/10/2021
23559,Amznmktplace,£24.96,People,21/10/2021
4504,Amznmktplace,£3.19,People,21/10/2021
4509,Amznmktplace,£37.49,People,21/10/2021
31742,Amznmktplace,£8.40,Communities,21/10/2021
2103,Amznmktplace,£27.99,Fire and Rescue,21/10/2021
3304,Amznmktplace,£18.03,Fire and Rescue,21/10/2021
6855,Amznmktplace,£15.99,People,21/10/2021
6437,Amznmktplace,£21.07,People,22/10/2021
2837,Amznmktplace,£88.14,Resources,22/10/2021
2506,Amznmktplace,£102.20,Communities,22/10/2021
5511,Amznmktplace,£129.16,Communities,22/10/2021
2518,Amznmktplace,£8.32,Fire and Rescue,22/10/2021
4743,Amznmktplace,£29.15,Communities,23/10/2021
4947,Amznmktplace,£27.57,Communities,23/10/2021
5070,Amznmktplace,£59.97,Fire and Rescue,23/10/2021
5249,Amznmktplace,£21.64,Communities,24/10/2021
3778,Amznmktplace,£32.49,Communities,24/10/2021
1828,Amznmktplace,£9.67,Communities,25/10/2021
2768,Amznmktplace,£12.47,Communities,25/10/2021
93,Amznmktplace,£14.99,Communities,25/10/2021
10726,Amznmktplace,£349.75,Communities,25/10/2021
27420,Amznmktplace,£47.67,Resources,26/10/2021
1021,Amznmktplace,£111.95,Communities,26/10/2021
27344,Amznmktplace,£32.42,Resources,26/10/2021
6113,Amznmktplace,£16.66,Resources,26/10/2021
22505,Amznmktplace,£19.58,Communities,26/10/2021
5047,Amznmktplace,£9.99,Communities,26/10/2021
16026,Amznmktplace,£11.97,Communities,27/10/2021
5565,Amznmktplace,£64.07,Resources,27/10/2021
3195,Amznmktplace,£8.97,People,27/10/2021
4366,Amznmktplace,£57.68,People,27/10/2021
9033,Amznmktplace,£9.16,Communities,28/10/2021
14869,Amznmktplace,£40.93,Resources,28/10/2021
9106,Amznmktplace,£4.16,Resources,28/10/2021
9106,Amznmktplace,£12.99,Resources,28/10/2021
7425,Amznmktplace,£9.92,Resources,28/10/2021
8948,Amznmktplace,£15.31,Communities,28/10/2021
1181,Amznmktplace,£8.78,Communities,28/10/2021
2612,Amznmktplace,£9.62,Communities,28/10/2021
6591,Amznmktplace,£17.49,Communities,29/10/2021
2665,Amznmktplace,£13.99,Communities,29/10/2021
3663,Amznmktplace,£9.95,Communities,30/10/2021
942,Amznmktplace,£5.82,Fire and Rescue,30/10/2021
4786,Amznmktplace,£26.99,Communities,31/10/2021
421,Amznmktplace,£32.95,Communities,31/10/2021
5791,Amznmktplace Amazon.Co,£14.08,People,01/10/2021
8859,Amznmktplace Amazon.Co,£5.86,People,01/10/2021
8883,Amznmktplace Amazon.Co,£41.62,People,01/10/2021
2184,Amznmktplace Amazon.Co,£16.49,People,03/10/2021
3727,Amznmktplace Amazon.Co,£41.37,People,03/10/2021
3759,Amznmktplace Amazon.Co,£112.84,People,03/10/2021
5904,Amznmktplace Amazon.Co,£5.82,Communities,05/10/2021
5705,Amznmktplace Amazon.Co,£10.42,Communities,06/10/2021
6117,Amznmktplace Amazon.Co,£20.82,People,06/10/2021
6129,Amznmktplace Amazon.Co,£15.75,People,06/10/2021
4508,Amznmktplace Amazon.Co,£10.78,Fire and Rescue,06/10/2021
5689,Amznmktplace Amazon.Co,£179.93,Resources,06/10/2021
5991,Amznmktplace Amazon.Co,£18.74,People,07/10/2021
5143,Amznmktplace Amazon.Co,-£41.66,Fire and Rescue,08/10/2021
3515,Amznmktplace Amazon.Co,£13.91,People,08/10/2021
5147,Amznmktplace Amazon.Co,-£3.47,Communities,08/10/2021
8506,Amznmktplace Amazon.Co,£18.15,Communities,12/10/2021
5566,Amznmktplace Amazon.Co,£33.32,People,13/10/2021
10964,Amznmktplace Amazon.Co,£6.65,Communities,14/10/2021
9194,Amznmktplace Amazon.Co,£3.32,Fire and Rescue,15/10/2021
7493,Amznmktplace Amazon.Co,£2.90,Fire and Rescue,18/10/2021
10202,Amznmktplace Amazon.Co,£46.65,People,19/10/2021
10537,Amznmktplace Amazon.Co,£15.82,Communities,19/10/2021
11260,Amznmktplace Amazon.Co,£66.96,People,20/10/2021
6490,Amznmktplace Amazon.Co,£7.88,Communities,20/10/2021
1677,Amznmktplace Amazon.Co,£24.83,Communities,21/10/2021
8897,Amznmktplace Amazon.Co,£13.36,People,22/10/2021
8490,Amznmktplace Amazon.Co,£41.58,Fire and Rescue,22/10/2021
7775,Amznmktplace Amazon.Co,£12.48,Fire and Rescue,25/10/2021
7814,Amznmktplace Amazon.Co,£53.31,Communities,26/10/2021
3954,Amznmktplace Amazon.Co,£35.00,Communities,28/10/2021
3565,Amznmktplace Amazon.Co,£31.96,Communities,28/10/2021
3862,Amznmktplace Amazon.Co,-£17.77,Communities,29/10/2021
2006,Amznmktplace Amazon.Co,£23.32,People,29/10/2021
31667,Anyvan Storage,£171.00,People,25/10/2021
26297,Ao Retail Limited,£215.83,People,04/10/2021
34489,Ao Retail Limited,£182.50,People,13/10/2021
26720,Ao Retail Limited,£218.33,People,21/10/2021
26740,Ao Retail Limited,£149.17,People,21/10/2021
26230,Ao Retail Limited,£309.00,People,27/10/2021
26246,Ao Retail Limited,£447.00,People,27/10/2021
9454,Apple.Com/Bill,£2.07,Resources,30/10/2021
19289,Arc Media (Midlands) L,£120.00,Communities,05/10/2021
38256,Arches Flooring And Be,£827.77,Resources,12/10/2021
9345,Archives And Records,£50.00,Communities,18/10/2021
22976,Arco Limited (Ahpp),£5.60,Communities,25/10/2021
31506,Arco Limited (Sap),£6.35,Communities,01/10/2021
31506,Arco Limited (Sap),£11.28,Communities,01/10/2021
31506,Arco Limited (Sap),£21.17,Communities,01/10/2021
31506,Arco Limited (Sap),£4.71,Communities,01/10/2021
9116,Arco Limited (Sap),£17.28,Communities,03/10/2021
9116,Arco Limited (Sap),£17.35,Communities,03/10/2021
36269,Arco Limited (Sap),£13.49,Fire and Rescue,19/10/2021
31463,Arco Limited (Sap),-£21.17,Communities,20/10/2021
29475,Arco Ltd,£399.67,Fire and Rescue,13/10/2021
25254,Argos Ltd,£286.62,Resources,04/10/2021
25258,Argos Ltd,£333.32,Resources,04/10/2021
25306,Argos Ltd,£270.83,People,04/10/2021
25310,Argos Ltd,£253.29,People,04/10/2021
32563,Argos Ltd,£151.62,Resources,06/10/2021
32473,Argos Ltd,£36.66,People,07/10/2021
31701,Argos Ltd,£12.45,Communities,07/10/2021
7331,Argos Ltd,£219.99,Resources,08/10/2021
7335,Argos Ltd,£93.94,Resources,08/10/2021
7867,Argos Ltd,£21.99,People,08/10/2021
25608,Argos Ltd,£183.32,Resources,11/10/2021
25612,Argos Ltd,£37.45,Resources,11/10/2021
31822,Argos Ltd,£333.32,Resources,12/10/2021
30886,Argos Ltd,£30.00,Resources,12/10/2021
31802,Argos Ltd,£219.99,Resources,12/10/2021
31850,Argos Ltd,£29.95,Communities,12/10/2021
33131,Argos Ltd,-£24.99,People,13/10/2021
33135,Argos Ltd,-£3.29,People,13/10/2021
33037,Argos Ltd,£128.28,People,13/10/2021
33025,Argos Ltd,£123.29,Resources,13/10/2021
3242,Argos Ltd,£241.67,People,14/10/2021
33159,Argos Ltd,£60.00,People,14/10/2021
1683,Argos Ltd,£183.32,Resources,15/10/2021
1687,Argos Ltd,£94.95,Resources,15/10/2021
1707,Argos Ltd,£214.12,Resources,15/10/2021
2168,Argos Ltd,£141.66,People,15/10/2021
33326,Argos Ltd,£117.45,Resources,18/10/2021
32228,Argos Ltd,£40.79,People,19/10/2021
32176,Argos Ltd,£77.46,People,19/10/2021
38199,Argos Ltd,£60.00,People,19/10/2021
27421,Argos Ltd,£247.49,People,19/10/2021
32120,Argos Ltd,£149.99,People,19/10/2021
29459,Argos Ltd,£274.98,People,21/10/2021
29539,Argos Ltd,£129.12,People,21/10/2021
29551,Argos Ltd,£86.62,People,21/10/2021
29483,Argos Ltd,£101.62,People,21/10/2021
29515,Argos Ltd,£179.90,People,21/10/2021
29555,Argos Ltd,£358.32,People,21/10/2021
8016,Argos Ltd,£52.46,People,22/10/2021
26567,Argos Ltd,£111.62,People,25/10/2021
25481,Argos Ltd,£64.17,People,25/10/2021
26619,Argos Ltd,£115.37,People,25/10/2021
26559,Argos Ltd,£91.44,People,25/10/2021
26635,Argos Ltd,£294.12,People,26/10/2021
26679,Argos Ltd,£418.29,People,26/10/2021
29640,Argos Ltd,£15.00,People,27/10/2021
29764,Argos Ltd,£159.99,Resources,27/10/2021
31693,Argos Marshall Lake,£12.00,Resources,07/10/2021
40294,Arnold Machin,£12.08,People,05/10/2021
40978,Aryan Garages,£6.04,People,19/10/2021
36195,Asda George Com Leeds,£12.46,Communities,06/10/2021
11432,Asda Groceries Online,-£0.04,People,18/10/2021
11452,Asda Groceries Online,£86.65,People,18/10/2021
13172,Asda Groceries Online,-£1.50,People,18/10/2021
13188,Asda Groceries Online,£44.29,People,18/10/2021
15366,Asda Groceries Online,-£8.46,People,20/10/2021
17755,Asda Groceries Online,£132.35,People,20/10/2021
12062,Asda Groceries Online,£54.54,People,28/10/2021
10684,Asda Groceries Online,-£1.17,People,29/10/2021
6389,Asda Petrol 5126,£12.54,People,23/10/2021
25816,Asda Stores,£85.52,People,06/10/2021
26507,Asda Stores 5757,£60.00,People,19/10/2021
26511,Asda Stores 5757,£41.62,People,19/10/2021
14958,Asda Stores Ltd,£25.00,People,06/10/2021
9919,Asda Stores Ltd,£53.28,Communities,11/10/2021
16399,Asda Stores Ltd,£20.83,People,20/10/2021
10641,Asda Stores Ltd,£16.67,People,25/10/2021
22822,Asda Superstore,£6.12,Communities,01/10/2021
25163,Asda Superstore,£26.55,People,06/10/2021
24147,Asda Superstore,£8.00,Fire and Rescue,07/10/2021
23170,Asda Superstore,£12.49,Communities,11/10/2021
20759,Asda Superstore,£14.65,People,22/10/2021
19972,Asda Superstore,£53.23,People,26/10/2021
21033,Asda Superstore,£10.16,People,27/10/2021
21037,Asda Superstore,£4.27,People,27/10/2021
6379,Aspolice Dfp-Rav2k,£100.00,Resources,29/10/2021
5036,Atherstone Carpets And,£330.92,Resources,01/10/2021
35502,Atlassian,£7.29,Resources,28/10/2021
26413,B & Q 1092,£32.47,Communities,25/10/2021
30333,B & Q 1258,£19.42,Communities,05/10/2021
8660,B & Q 1258,£4.17,Communities,23/10/2021
8660,B & Q 1258,£2.50,Communities,23/10/2021
8660,B & Q 1258,£4.17,Communities,23/10/2021
8660,B & Q 1258,£6.67,Communities,23/10/2021
8660,B & Q 1258,£6.67,Communities,23/10/2021
8660,B & Q 1258,£10.00,Communities,23/10/2021
8660,B & Q 1258,£3.30,Communities,23/10/2021
8660,B & Q 1258,£0.83,Communities,23/10/2021
8660,B & Q 1258,£7.50,Communities,23/10/2021
8660,B & Q 1258,£7.50,Communities,23/10/2021
8660,B & Q 1258,£1.00,Communities,23/10/2021
8660,B & Q 1258,£0.83,Communities,23/10/2021
8660,B & Q 1258,£1.67,Communities,23/10/2021
8660,B & Q 1258,£2.00,Communities,23/10/2021
8660,B & Q 1258,£4.00,Communities,23/10/2021
27443,B&a Daries Ltd,£10.00,Communities,22/10/2021
24176,B&m 031 - Airport,£13.22,People,14/10/2021
23763,B&m 031 - Airport,£8.00,Communities,19/10/2021
22351,B&m 247 - Sheldon,£8.15,Communities,12/10/2021
18767,B&m 279 - Rugby,£6.66,People,04/10/2021
18044,B&m 468 - Hs Nuneaton,£40.05,People,08/10/2021
18048,B&m 468 - Hs Nuneaton,£25.00,People,08/10/2021
19331,B&m 468 - Hs Nuneaton,£7.91,People,27/10/2021
19323,B&m 468 - Hs Nuneaton,£60.07,People,27/10/2021
20092,B&m 517 - Brockhill,£37.47,People,21/10/2021
8400,Batsford Timber Ltd,£826.17,Communities,01/10/2021
23981,Belgrade Theatre,£45.33,People,20/10/2021
38782,Birmingham Register,£14.50,People,05/10/2021
38786,Birmingham Register,£14.50,Resources,05/10/2021
30357,Birmingham Register,£14.50,Resources,26/10/2021
1866,Birmingham Register,£14.50,People,29/10/2021
40041,Bolts Co Uk,£20.42,Communities,07/10/2021
41229,Booker Limited Nuneato,£46.49,Fire and Rescue,12/10/2021
30363,Booker Limited Nuneato,£146.72,Communities,26/10/2021
12791,Booker Limited Rugby,£33.72,Fire and Rescue,02/10/2021
41250,Booker Limited Tamwort,£62.60,Communities,12/10/2021
41250,Booker Limited Tamwort,£38.15,Communities,12/10/2021
41332,Booker Limited Warwick,£80.73,Communities,06/10/2021
12800,Bookerecomm,£84.91,Communities,02/10/2021
9922,Bookerecomm,£162.27,Communities,09/10/2021
34722,Bookerecomm,£246.61,Communities,11/10/2021
33196,Bookerecomm,£110.71,Communities,15/10/2021
33202,Bookerecomm,£119.87,Communities,15/10/2021
33202,Bookerecomm,£35.05,Communities,15/10/2021
8213,Bookerecomm,£11.96,Communities,16/10/2021
8213,Bookerecomm,£42.62,Communities,16/10/2021
29962,Bookerecomm,£204.57,Communities,22/10/2021
29965,Bookerecomm,£208.94,Communities,22/10/2021
29959,Bookerecomm,£2.99,Communities,22/10/2021
29959,Bookerecomm,£116.40,Communities,22/10/2021
29959,Bookerecomm,£8.00,Communities,22/10/2021
6991,Bookerecomm,£78.37,Communities,30/10/2021
6991,Bookerecomm,£19.73,Communities,30/10/2021
48955,Bookmeetingroom.Com,£15.45,Communities,06/10/2021
11136,Boots 1810,£24.09,People,25/10/2021
16396,"Boots,newcastle",£39.69,People,05/10/2021
2192,Bp Guys Cliffe Conveni,£10.37,People,26/10/2021
42250,British Gas Online,£47.62,People,06/10/2021
41367,British Gas Online,£20.00,People,19/10/2021
41371,British Gas Online,£20.00,People,19/10/2021
9942,British Gas Otp,£20.00,People,01/10/2021
36304,British Gas Otp,£20.00,People,11/10/2021
36308,British Gas Otp,£20.00,People,11/10/2021
2063,British Gas Otp,£5.00,People,29/10/2021
2077,British Gas Otp,£15.00,People,29/10/2021
26255,Brooks/forgings/,£96.97,Communities,12/10/2021
26255,Brooks/forgings/,£48.48,Communities,12/10/2021
26255,Brooks/forgings/,£48.48,Communities,12/10/2021
41171,Brumacc,£91.43,People,13/10/2021
34686,Bsm Driving School,£301.00,People,07/10/2021
24298,Btconsumer Wifirecurri,£25.00,Communities,08/10/2021
9858,Building & Plumb Supp,£19.04,Communities,14/10/2021
2438,Building & Plumb Supp,£42.27,Communities,18/10/2021
2441,Building & Plumb Supp,£7.83,Communities,18/10/2021
2444,Building & Plumb Supp,£93.61,Communities,18/10/2021
29162,C.E.F. (Rugby),£62.50,Communities,13/10/2021
27396,Cadbury World Internet,£18.05,People,22/10/2021
14070,Calendly,£7.36,Communities,09/10/2021
13946,Card Factory,£13.86,Communities,19/10/2021
20672,Carpet Castle,£416.67,Resources,14/10/2021
31236,Cartridge Save,£18.98,People,01/10/2021
13542,Cartridge Save,£42.46,Communities,26/10/2021
25766,Cartridgepeople.Com,£132.25,Resources,05/10/2021
24990,Cartridgepeople.Com,£124.92,Resources,12/10/2021
14580,Ccl Computers Ltd,£101.20,Resources,27/10/2021
10560,Central Buildings And,£165.00,People,13/10/2021
4419,Central Buildings And,£137.50,People,19/10/2021
7253,Central Buildings And,£37.50,People,27/10/2021
25366,Central Eng Co Op,£9.54,People,27/10/2021
12874,Cex,£95.00,People,07/10/2021
11817,Chandlers Accounts,"£1,125.19",Communities,19/10/2021
17520,Charlies Stores Ltd,£319.20,Communities,15/10/2021
9959,Chesford Grange Hotel,£304.00,People,28/10/2021
6701,Cieem.Net,£275.00,Communities,27/10/2021
41618,Cm *musicroom.Com,£24.75,Communities,18/10/2021
25338,Co Operative Food,£7.29,People,26/10/2021
27143,Co Operative Food,£7.50,People,27/10/2021
40503,Co-Op Group Food,£7.92,People,14/10/2021
31678,Co-Op Late Shop,£3.83,People,12/10/2021
30373,Co-Op Late Shop,£6.00,People,18/10/2021
30646,Co-Op Late Shop,£1.75,People,20/10/2021
24021,Co-Op Late Shop,£12.35,Communities,22/10/2021
27011,Co-Op Late Shop,£2.15,People,27/10/2021
25892,Co-Operative Food,£2.00,People,21/10/2021
15709,Costa @ Tesco,£6.58,People,27/10/2021
16307,Costa Coffee,£7.69,People,04/10/2021
15491,Costa Coffee,£5.58,People,28/10/2021
17569,Costa Coffee 43036695,£1.47,People,01/10/2021
19066,Costa Coffee 43036785,£1.12,People,12/10/2021
16555,Costa Coffee 43044225,£3.60,People,18/10/2021
14521,Costa Coffee Rugby 2,£5.12,People,20/10/2021
10994,Costa Leamington Spa D,£3.07,People,04/10/2021
12212,Costa Leamington Spa D,£3.08,People,27/10/2021
12145,Costa Lutterworth,£5.29,People,12/10/2021
26587,Costco Online UK Limit,£191.66,Communities,28/10/2021
26042,Costco Wholesale #122,£54.25,People,20/10/2021
42575,Costcutter Rugby,£2.08,People,20/10/2021
28291,Coventry Car Park,£12.00,Communities,08/10/2021
35928,Coventry Car Park,£12.00,Communities,19/10/2021
31770,Coventry Car Park,£10.00,Communities,20/10/2021
10470,Crosscountrycom,£95.50,People,14/10/2021
8418,Crown Waste Management,£61.00,People,01/10/2021
8421,Crown Waste Management,£157.50,People,01/10/2021
983,Crown Waste Management,£51.00,People,07/10/2021
15016,Currys Business,£85.37,People,07/10/2021
19896,Currys Care Service,-£4.50,People,26/10/2021
19900,Currys Care Service,-£4.95,People,26/10/2021
19904,Currys Care Service,-£5.40,People,26/10/2021
19908,Currys Care Service,-£2.70,People,26/10/2021
22963,Currys Online,£397.50,Communities,01/10/2021
26828,Currys Online,£99.00,People,06/10/2021
29408,Currys Online,£954.17,People,12/10/2021
31093,Currys Online,£236.67,People,13/10/2021
30942,Currys Online,£204.00,People,13/10/2021
27445,Currys Online,£954.17,People,19/10/2021
21581,Currys Online,£954.17,People,25/10/2021
25701,Currys Online,£295.82,People,27/10/2021
19036,Currys Stratford Up,"£2,347.53",People,21/10/2021
17159,Decathlon,£45.78,People,22/10/2021
24260,Deichmann UK Online,£20.82,Resources,13/10/2021
11200,Derwent Living,£100.78,People,12/10/2021
24835,Disccycle/Leisureout,-£775.93,Communities,20/10/2021
16419,Disclosure & Barring,£13.00,Communities,01/10/2021
12702,Disclosure And Barring,£23.00,People,12/10/2021
39328,Disposables &cater,£80.53,Communities,13/10/2021
52824,Dlvr.It,£14.76,Resources,06/10/2021
42688,Domino S Pizza,£31.46,People,07/10/2021
24389,Dpd Wl,£21.98,Fire and Rescue,06/10/2021
32983,Drayton Manor Park,£5.00,People,27/10/2021
30070,Drayton Manor Resort L,£110.22,People,25/10/2021
26903,Drayton Manor Resort L,£245.00,People,27/10/2021
23482,Drayton Manor Resort L,£56.50,People,27/10/2021
23482,Drayton Manor Resort L,£9.83,People,27/10/2021
23506,Drayton Manor Resort L,£11.80,People,27/10/2021
7641,Drayton Manor Resort L,£16.67,People,27/10/2021
23490,Drayton Manor Resort L,£53.75,People,27/10/2021
23486,Drayton Manor Resort L,£3.15,People,27/10/2021
23498,Drayton Manor Resort L,£9.60,People,27/10/2021
23518,Drayton Manor Resort L,£33.20,People,27/10/2021
23522,Drayton Manor Resort L,£22.10,People,27/10/2021
33233,Drayton Manor Resort L,£27.00,People,28/10/2021
4843,Dreams Ltd,"£2,874.60",People,10/10/2021
10907,Dri*lenovo,£216.66,Resources,15/10/2021
26326,Dunelm,-£16.67,People,12/10/2021
33353,Dvla Driver Online,£34.00,People,13/10/2021
29628,Dvla Driver Online,£28.33,People,21/10/2021
33078,Dvla Vehicle Tax,£282.50,Communities,12/10/2021
34492,Dvla Vehicle Tax,£167.50,Communities,20/10/2021
34496,Dvla Vehicle Tax,£167.50,Communities,20/10/2021
34520,Dvla Vehicle Tax,£277.50,Communities,20/10/2021
34524,Dvla Vehicle Tax,£282.50,Communities,20/10/2021
34536,Dvla Vehicle Tax,£157.50,Communities,20/10/2021
34540,Dvla Vehicle Tax,£167.50,Communities,20/10/2021
34548,Dvla Vehicle Tax,£167.50,Communities,20/10/2021
34568,Dvla Vehicle Tax,£167.50,Communities,20/10/2021
34584,Dvla Vehicle Tax,£277.50,Communities,20/10/2021
34608,Dvla Vehicle Tax,£277.50,Communities,20/10/2021
22224,Dvla Vehicle Tax,£277.50,Communities,22/10/2021
22264,Dvla Vehicle Tax,£277.50,Communities,22/10/2021
25033,Dvla Vehicle Tax,£277.50,Communities,25/10/2021
24916,Dvla Vehicle Tax,£277.50,Communities,27/10/2021
25000,Dvla Vehicle Tax,£277.50,Communities,27/10/2021
19706,Dvla Vehicle Tax,£282.50,Communities,29/10/2021
1026,Dvsa,£257.00,Communities,04/10/2021
4710,Dvsa,£205.00,Communities,22/10/2021
49598,Eb *alerc Conference 2,£40.00,Communities,06/10/2021
47819,Eb *basic Archive Skil,£138.94,Communities,07/10/2021
41182,Eb *floodplain Meadows,£20.83,Communities,11/10/2021
41732,Eb *hoarding Awareness,£67.87,Fire and Rescue,18/10/2021
40279,Eb *national Hoarding,£135.73,Fire and Rescue,15/10/2021
38385,Eb *nspa Conference Su,£140.00,Communities,27/10/2021
391,Ebay Commerce UK Ltd,£173.30,People,18/10/2021
7367,Ebay Commerce UK Ltd,£16.77,Communities,19/10/2021
3450,Ebay Commerce UK Ltd,£51.30,Resources,19/10/2021
3657,Ebay Commerce UK Ltd,£8.41,Communities,19/10/2021
3657,Ebay Commerce UK Ltd,£16.82,Communities,19/10/2021
3657,Ebay Commerce UK Ltd,£8.41,Communities,19/10/2021
11540,Ebay Commerce UK Ltd,£10.00,Resources,20/10/2021
2689,Ebay Commerce UK Ltd,£87.50,People,25/10/2021
2978,Ebay Commerce UK Ltd,£49.45,People,25/10/2021
6457,Ebay Commerce UK Ltd,£4.97,Communities,27/10/2021
35653,Ebay O*11-07674-64691,£19.32,Fire and Rescue,01/10/2021
46735,Ebay O*14-07700-14280,£75.00,Resources,07/10/2021
46738,Ebay O*14-07700-14281,£15.50,Resources,07/10/2021
46741,Ebay O*14-07700-14282,£135.90,Resources,07/10/2021
35958,Ebay O*27-07670-96673,£58.29,Communities,01/10/2021
20382,Enterprise Rent A Car,£50.52,People,01/10/2021
18716,Enterprise Rent A Car,£29.17,People,04/10/2021
18728,Enterprise Rent A Car,£32.46,People,04/10/2021
22010,Enterprise Rent A Car,£27.21,People,05/10/2021
15436,Enterprise Rent A Car,£35.00,People,11/10/2021
22695,Enterprise Rent A Car,£40.06,People,11/10/2021
22692,Enterprise Rent A Car,£10.00,People,12/10/2021
22698,Enterprise Rent A Car,£40.06,People,12/10/2021
3748,Enterprise Rent A Car,£247.02,People,13/10/2021
20925,Enterprise Rent A Car,-£80.21,People,13/10/2021
24083,Enterprise Rent A Car,£42.71,People,13/10/2021
24086,Enterprise Rent A Car,£40.06,People,13/10/2021
23067,Enterprise Rent A Car,£32.42,People,14/10/2021
23788,Enterprise Rent A Car,£32.42,People,20/10/2021
21299,Enterprise Rent A Car,£200.00,People,21/10/2021
6684,Enterprise Rent A Car,-£200.00,People,21/10/2021
17812,Enterprise Rent A Car,£31.67,People,26/10/2021
13405,Enterprise Rent A Car,£54.84,People,28/10/2021
12001,Enterprise Rent A Car,£27.17,People,29/10/2021
3344,Enterprise Rent A Car,£27.42,People,30/10/2021
15369,Epay.Ed.Ac.Uk,£50.00,People,06/10/2021
47176,Etsy,£50.50,Resources,07/10/2021
46798,Etsy,£26.04,Resources,19/10/2021
46798,Etsy,£46.90,Resources,19/10/2021
34637,Etsy.Com - Charlierose,£25.58,Communities,26/10/2021
37576,Etsy.Com - Coffeeboxed,£37.46,Communities,01/10/2021
39902,Euroffice.Co.Uk,£134.63,Communities,20/10/2021
39898,Euroffice.Co.Uk,-£118.05,Communities,21/10/2021
31825,Evaris,£263.32,Communities,04/10/2021
31828,Evaris,£263.32,Communities,04/10/2021
31831,Evaris,£254.98,Communities,04/10/2021
31834,Evaris,£129.99,Communities,04/10/2021
34971,Exhibit 3sixty Ltd,£322.20,Communities,11/10/2021
45579,Facebk *dm9t983fp2,£470.34,Resources,12/10/2021
45576,Facebk *mnans73ep2,£500.00,Resources,12/10/2021
10456,Facebk *tutjn8xdp2,£450.00,Resources,24/10/2021
31322,Facebk *ugthr83fp2,£450.00,Resources,29/10/2021
37088,Facebk *vyxqj8kep2,£32.28,Resources,01/10/2021
11600,Facebk *wq6zx8bep2,£154.68,Resources,31/10/2021
37946,Facebk *ylelq9tep2,£450.00,Resources,15/10/2021
35965,Findel Education,£118.69,Communities,05/10/2021
14781,Firstaid4less.Co.Uk,£34.68,People,25/10/2021
41167,Flickr Pro Monthly,£6.49,Resources,08/10/2021
35858,"Formstack, Llc",£77.21,Resources,29/10/2021
43760,Fuel Tank Shop Ltd,-£184.95,Communities,07/10/2021
28356,Furniture Village,"£1,146.86",People,14/10/2021
6218,Galleon Sup,£230.40,Communities,07/10/2021
6674,Galleon Sup,£120.00,Communities,11/10/2021
5779,Galleon Sup,£327.00,Communities,27/10/2021
11749,Galleon Supplies L,£810.00,Communities,11/10/2021
19741,Gen Register Office,£14.00,People,01/10/2021
19813,Gen Register Office,£35.00,People,01/10/2021
19598,Gen Register Office,£14.00,People,07/10/2021
21067,Gen Register Office,£11.00,Resources,21/10/2021
17709,Gen Register Office,£11.00,Resources,26/10/2021
1858,Geronigo.Com,£80.98,People,14/10/2021
32780,Glencrest,£32.27,Communities,15/10/2021
33734,Gls Educational Su,£14.94,Communities,12/10/2021
41777,Gompels Healthcare,£72.00,Resources,19/10/2021
45650,Google Ads2789853021,£502.45,Resources,07/10/2021
39534,Google Cloud Emea Limi,£301.83,Resources,02/10/2021
17260,Greene King,£25.31,People,21/10/2021
10,Greenvalley-Jerrycans,£44.08,Communities,03/10/2021
29819,Groundbolt.Co.Uk,£85.67,Communities,25/10/2021
167,Harper Collins Publish,£199.70,Communities,29/10/2021
167,Harper Collins Publish,£49.98,Communities,29/10/2021
167,Harper Collins Publish,£52.08,Communities,29/10/2021
40818,Hartshill Local Store,£2.60,Communities,06/10/2021
3904,Hartwell And Company (,£42.32,Communities,22/10/2021
20706,High Speed Training Lt,£120.00,People,19/10/2021
17936,Highspeedtraining.Co.U,£30.00,People,11/10/2021
20534,Highspeedtraining.Co.U,£50.00,People,18/10/2021
33053,Highstreetvouchers,£11.50,People,13/10/2021
3412,Hilltop Garden Centre,£3.54,People,05/10/2021
3649,Hilltop Garden Centre,£3.33,People,12/10/2021
2564,Hilltop Garden Centre,£3.54,People,19/10/2021
2316,Hilltop Garden Centre,£3.12,People,25/10/2021
30580,Hilton Hotels,£92.65,Resources,27/10/2021
7604,Hilton Hotels,£92.65,Resources,28/10/2021
29685,Hilton Manchester Airp,£164.00,Communities,19/10/2021
9307,Hinckley Club For Youn,£60.00,People,26/10/2021
11067,Hm Land Registry - Onl,£6.00,Communities,19/10/2021
11071,Hm Land Registry - Onl,£3.00,Communities,19/10/2021
11075,Hm Land Registry - Onl,£3.00,Communities,19/10/2021
11079,Hm Land Registry - Onl,£3.00,Communities,19/10/2021
17094,Hm Passport Office,£75.50,People,05/10/2021
15219,Hm Passport Office,£75.50,People,21/10/2021
35899,Hmcourts-Service.G,£81.00,People,14/10/2021
19614,Hobbycraft,£119.46,Communities,05/10/2021
17294,Hobbycraft,£5.00,Resources,15/10/2021
35557,Homebase Ltd,£75.00,People,13/10/2021
37286,Homebase Ltd 494,£52.50,People,14/10/2021
37458,Horizon Mobility Ltd,£50.00,People,04/10/2021
37919,Horizon Mobility Ltd,£50.00,People,11/10/2021
38319,Horizon Mobility Ltd,£50.00,People,18/10/2021
29927,Horizon Mobility Ltd,£50.00,People,25/10/2021
35545,Hotel At Booking.Com,£383.45,People,01/10/2021
46498,Hotel At Booking.Com,£59.11,People,05/10/2021
45196,Hotel At Booking.Com,£53.33,People,12/10/2021
40374,Hotel At Booking.Com,£87.10,People,18/10/2021
45801,Hotel At Booking.Com,£192.97,People,19/10/2021
11140,Hotel On Booking.Com,£91.55,Communities,31/10/2021
59,House Of Marbles,£213.87,Communities,29/10/2021
42951,Hp Inc Hp.Com Store Uk,£219.98,People,15/10/2021
21783,Ikea Ltd Shop Online,£80.00,Resources,06/10/2021
22449,Ikea Ltd Shop Online,£170.00,People,14/10/2021
15999,Instit Of Occptnl Safe,£110.83,Resources,14/10/2021
22238,Institute Of Payroll P,£195.00,Resources,21/10/2021
36009,Internetstores,£224.16,People,26/10/2021
43283,Ipay88-Mydata-Ssm,£4.44,Resources,26/10/2021
26891,Ironmongerydirect Ltd,£10.90,Communities,25/10/2021
21016,Ironmongerydirect Ltd,£78.25,Communities,29/10/2021
11749,Iz *melissa Keskin,£60.00,Communities,12/10/2021
4906,Kaisertech Ltd,£27.50,Communities,14/10/2021
4046,Karpet Kingdom,£213.33,People,21/10/2021
4049,Karpet Kingdom,£166.67,People,21/10/2021
30503,Kilworth Machinery,£171.72,Communities,05/10/2021
28034,Kings Norton Coaches,£450.00,People,25/10/2021
28037,Kings Norton Coaches,£300.00,People,25/10/2021
15712,Kunis Coffee,£3.20,People,27/10/2021
3534,Leamington Register Of,£11.00,People,20/10/2021
5747,Leeds Marriott Hotel F,£95.24,Resources,01/10/2021
30504,Leicestershire County,£38.00,People,26/10/2021
19198,Lidl Gb Coventry,£4.15,Communities,11/10/2021
14901,Lidl Gb Leamington,£10.35,People,25/10/2021
5671,Lidl Gb Nuneaton,£6.28,Communities,30/10/2021
20847,M6 Toll,£5.83,People,22/10/2021
21216,M6 Toll,£4.17,People,22/10/2021
10369,Machine Mart Web,£25.99,Communities,11/10/2021
13175,Mailchimp,£516.09,Resources,17/10/2021
11316,Mammoth Workwear,£158.47,Communities,12/10/2021
23343,Manchester Cc Inte,£11.00,Resources,26/10/2021
36973,Marshall Fleet,£129.00,Communities,12/10/2021
31057,Marshall Fleet,£87.73,Communities,22/10/2021
31780,Marshall Fleet,£255.71,Communities,28/10/2021
8360,Marshalls Garden,£55.47,Communities,31/10/2021
18349,Max Electrical,£389.99,People,22/10/2021
44102,McDonalds,£12.27,People,07/10/2021
821,McDonalds,£5.92,People,08/10/2021
37883,McDonalds,£2.58,People,11/10/2021
43423,McDonalds,£3.39,People,12/10/2021
44259,McDonalds,£3.54,People,13/10/2021
44566,McDonalds,£5.82,People,13/10/2021
44255,McDonalds,£3.48,People,13/10/2021
38743,McDonalds,£2.70,People,18/10/2021
43923,McDonalds,£2.58,People,19/10/2021
43779,McDonalds,£3.35,People,20/10/2021
43839,McDonalds,£14.65,People,20/10/2021
30654,McDonalds,£2.62,People,25/10/2021
32885,McDonalds,£8.48,People,26/10/2021
43915,McDonalds 1620 / Warwi,£7.87,People,20/10/2021
37934,McDonalds 521,£6.51,People,04/10/2021
43167,McDonalds 521,£1.53,People,12/10/2021
41397,McDonalds 521,£5.67,People,21/10/2021
30793,McDonalds 8156 / Warwi,£2.70,People,25/10/2021
43828,McDonalds1581,£3.88,People,05/10/2021
25895,Medisave,£15.98,Fire and Rescue,05/10/2021
7512,Merlin Attractions Ope,£30.04,People,13/10/2021
8892,Merlin Attractions Ope,£41.20,People,13/10/2021
7515,Merlin Attractions Ope,£50.83,People,13/10/2021
5085,Merlin Attractions Ope,£29.85,People,13/10/2021
10120,Metcalf Timber And Bui,£373.50,Communities,04/10/2021
13965,Metcalf Timber And Bui,£26.82,Communities,06/10/2021
13969,Metcalf Timber And Bui,£11.04,Communities,06/10/2021
10796,Metcalf Timber And Bui,£56.50,Communities,11/10/2021
39127,Microsoft*microsoft 36,£79.99,Communities,15/10/2021
30164,Mike B?s Security Lock,£29.17,People,01/10/2021
40864,Mike B?s Security Lock,£30.00,People,06/10/2021
40124,Mike B?s Security Lock,£20.00,People,07/10/2021
37018,Milk And More,£0.95,Communities,11/10/2021
37026,Milk And More,£1.90,Communities,11/10/2021
42962,Milk And More,-£0.95,Communities,13/10/2021
36101,Milk And More,£4.75,Communities,15/10/2021
36109,Milk And More,£2.85,Communities,15/10/2021
43010,Milk And More,£11.95,Communities,19/10/2021
43014,Milk And More,£11.95,Communities,19/10/2021
40022,Milk And More,£2.85,Communities,21/10/2021
650,Milk And More,£3.96,Communities,22/10/2021
33253,Milk And More,£1.90,Communities,28/10/2021
28168,Milk And More,£5.70,Communities,29/10/2021
1364,Minifirstaid Coventry,£40.00,Communities,19/10/2021
3666,Montague Storage,£75.00,Resources,18/10/2021
671,Mountain Warehouse,£79.16,Communities,16/10/2021
23155,Mpb,£209.12,Communities,06/10/2021
33790,Multi E-Commerce,£116.66,Resources,12/10/2021
9740,Mustang Tools,£310.00,Fire and Rescue,04/10/2021
1955,My Car Keys,£180.00,Communities,04/10/2021
30832,Myhermes.Co.Uk,£2.95,People,18/10/2021
1017,Naturescape,£47.41,Communities,17/10/2021
6559,Naturescape,£396.87,Communities,29/10/2021
27178,Ncp Limited,£2.70,People,20/10/2021
8706,Ncs Vue Wamitab Test,-£73.50,Communities,01/10/2021
8706,Ncs Vue Wamitab Test,-£73.50,Communities,01/10/2021
26423,Ncs*citb Exam,£22.00,Resources,12/10/2021
14848,Newgate (Newark) Limit,£10.00,Communities,04/10/2021
18384,Next Directory,£18.32,Resources,05/10/2021
21570,Next Directory,-£20.83,Communities,15/10/2021
21574,Next Directory,-£3.32,Communities,15/10/2021
9808,Next Directory,£24.16,Communities,15/10/2021
12944,Next Directory,£28.99,Resources,22/10/2021
6675,Nextdaycoffee.Co.Uk,£25.15,Communities,04/10/2021
35953,Nuneaton & Bedworth Bc,£227.67,People,07/10/2021
33685,Nuneaton & Bedworth Bc,£33.33,People,11/10/2021
27483,Nuneaton Stn T/O,£21.10,People,22/10/2021
27486,Nuneaton Stn T/O,-£21.10,People,22/10/2021
36044,Nurture Development,£161.71,Communities,27/10/2021
23144,Ocado,£35.75,Communities,11/10/2021
21769,One Stop 0814,£12.45,People,13/10/2021
21916,One Stop 1517,£6.85,Fire and Rescue,19/10/2021
24305,One Stop 2772,£16.67,Communities,12/10/2021
23116,One4all,£10.99,People,07/10/2021
13423,Optimal Workshop,£145.62,Resources,17/10/2021
31756,Original Factory S,£1.67,Communities,19/10/2021
4763,Oyo-Booking-199891146,£40.00,People,11/10/2021
32,Oyo-Booking-199892359,£48.00,People,11/10/2021
14488,P W Media & Publishing,£90.00,Communities,05/10/2021
21649,Parcel2go.Com Ltd,£6.29,Communities,01/10/2021
22888,Parcel2go.Com Ltd,£33.43,Communities,07/10/2021
22894,Parcel2go.Com Ltd,£41.80,Communities,07/10/2021
22903,Parcel2go.Com Ltd,£18.67,Communities,07/10/2021
25685,Parcel2go.Com Ltd,£6.29,Communities,14/10/2021
25691,Parcel2go.Com Ltd,£14.10,Communities,14/10/2021
15708,Parcel2go.Com Ltd,£13.90,Communities,18/10/2021
18781,Parcel2go.Com Ltd,£6.19,Communities,20/10/2021
12753,Parcel2go.Com Ltd,£21.05,Communities,25/10/2021
12650,Parcel2go.Com Ltd,£7.69,Communities,29/10/2021
12641,Parcel2go.Com Ltd,£6.29,Communities,29/10/2021
12659,Parcel2go.Com Ltd,£25.50,Communities,29/10/2021
34882,Parcel2go_uk,£6.95,Communities,08/10/2021
34052,Parking Fee,£4.00,People,27/10/2021
6578,Paypal *babymassage,£30.00,People,07/10/2021
10947,Paypal *bosticointl,£377.48,People,07/10/2021
11050,Paypal *bosticointl,£13.68,People,07/10/2021
11237,Paypal *chapter Two,£27.49,People,20/10/2021
5347,Paypal *chemassist,£129.00,Communities,27/10/2021
4345,Paypal *liverpoolco,£79.12,Communities,01/10/2021
12347,Paypal *mercersfurn,"£1,356.00",People,13/10/2021
19446,Paypal *mercersfurn,-£135.60,People,15/10/2021
9219,Paypal *securemail,£159.14,Communities,19/10/2021
7073,Paypal *travellermo,£59.00,People,12/10/2021
8771,Paypal *wielandforg,£180.00,Communities,29/10/2021
37044,Photo Me International,£6.67,People,21/10/2021
29500,Picturesque,£31.65,Communities,19/10/2021
21770,Planters Garden Centre,£25.00,Communities,05/10/2021
15396,Plantool Hire Centres,£348.60,Communities,12/10/2021
41130,Plastor,£113.60,Fire and Rescue,12/10/2021
6803,Post Office Counter,£11.36,Communities,04/10/2021
10771,Post Office Counter,£7.10,Communities,12/10/2021
8353,Post Office Counter,£13.07,Communities,15/10/2021
3369,Post Office Counter,£4.50,Communities,16/10/2021
6505,Post Office Counter,£3.51,People,18/10/2021
6766,Post Office Counter,£3.91,People,20/10/2021
7182,Post Office Counter,£101.00,People,21/10/2021
7518,Post Office Counter,£6.85,People,29/10/2021
33812,Poundland Ltd,£7.00,People,05/10/2021
29031,Poundland Ltd,£3.33,Communities,18/10/2021
27831,Poundland Ltd,£2.50,Communities,28/10/2021
3202,Poundland.Co.Uk,£20.00,Resources,19/10/2021
13418,Poundstretcher,£7.98,People,25/10/2021
6899,Pp*familylinks,"£3,960.00",People,25/10/2021
8841,Pp*millaco,£50.00,People,11/10/2021
17961,Premier Inn 44033690,£2.38,Fire and Rescue,20/10/2021
18744,Premier Inn44015160,£57.78,People,11/10/2021
18354,Premier Inn44016350,£66.67,People,18/10/2021
15979,Premier Inn44018230,£127.11,Communities,07/10/2021
18255,Premier Inn44018230,£127.11,Communities,18/10/2021
18297,Premier Inn44019220,£54.67,People,18/10/2021
15991,Premier Inn44025610,£45.78,Resources,07/10/2021
20005,Premier Inn44034360,£89.33,Resources,19/10/2021
32159,Price And Buckland,-£31.29,Resources,28/10/2021
30473,Proconferences.Com,£218.00,Communities,01/10/2021
35885,Proconferences.Com,£218.00,Communities,05/10/2021
29178,Proconferences.Com,£327.00,Communities,18/10/2021
29302,Proconferences.Com,£327.00,Communities,18/10/2021
86,Rcn Furnishings,£350.00,People,04/10/2021
27792,Robert Dyas Holdng Ltd,£16.66,Communities,04/10/2021
27971,Robert Dyas Holdng Ltd,£199.83,People,19/10/2021
395,Robins And Day Coventr,£70.00,Communities,26/10/2021
13116,Royal British Legion P,£18.25,Resources,25/10/2021
11443,Royal Mail Group Ltd,£11.04,Communities,11/10/2021
13841,Royal Mail Group Ltd,£4.68,Communities,26/10/2021
25917,Royal Mail Online Shop,£278.00,Communities,27/10/2021
25921,Royal Mail Online Shop,£190.32,Communities,27/10/2021
25925,Royal Mail Online Shop,£263.50,Communities,27/10/2021
29314,Royal Mail Online Shop,£396.00,Communities,28/10/2021
29318,Royal Mail Online Shop,£151.00,Communities,28/10/2021
12843,Rugby Bc Internet,"£1,108.36",People,27/10/2021
16834,Rugby Bc Telpay,£26.50,People,05/10/2021
13145,Rugby Bc Telpay,£322.47,People,21/10/2021
13149,Rugby Bc Telpay,£499.00,People,21/10/2021
12820,Rugby Bc Telpay,£303.00,People,22/10/2021
12824,Rugby Bc Telpay,£303.00,People,22/10/2021
6513,Rugby S.Stn Fs193,£5.83,People,19/10/2021
6108,Rupert Brooke,£9.16,People,14/10/2021
13221,Safetybootsuk,£88.95,Communities,25/10/2021
5751,Safetystock.Co.Uk,"£1,250.00",Communities,11/10/2021
5913,Safetysuppl,£55.75,Communities,05/10/2021
12590,Safetysuppl,£19.65,Communities,13/10/2021
34947,Sainsburys Nuneato,£4.81,People,05/10/2021
29590,Sainsburys Nuneato,£17.45,People,07/10/2021
33942,Sainsburys Nuneato,£9.45,People,08/10/2021
28932,Sainsburys S/mkts,£7.80,Communities,11/10/2021
8232,Sainsburys S/mkts,£7.52,Resources,30/10/2021
7913,Sainsburys S/Mkts,£5.80,Communities,31/10/2021
24345,Sainsburys Smkts,£36.00,People,27/10/2021
26517,Screwfix Dir Ltd,£14.97,Communities,04/10/2021
32462,Screwfix Dir Ltd,-£10.01,People,12/10/2021
34327,Screwfix Direct,£95.82,Communities,05/10/2021
31940,Screwfix Direct,£51.74,People,05/10/2021
21100,Screwfix Direct,£16.17,People,08/10/2021
32046,Screwfix Direct,£23.99,People,12/10/2021
29476,Screwfix Direct,£10.15,Communities,20/10/2021
28730,Screwfix Direct,£54.15,Communities,28/10/2021
15964,Secure A Field,£243.35,Communities,08/10/2021
15967,Secure A Field,£303.35,Communities,08/10/2021
31167,Sense Newcastle Under,£4.17,People,05/10/2021
7844,Shein.Com,£155.87,Communities,16/10/2021
38138,Sli Do,£480.00,Resources,28/10/2021
4177,Snap Inc Snap Snap Ads,£12.28,Resources,06/10/2021
9359,Snap Inc Snap Snap Ads,£29.02,Resources,07/10/2021
3756,Snap Inc Snap Snap Ads,£32.52,Resources,08/10/2021
2627,Snap Inc Snap Snap Ads,£32.44,Resources,09/10/2021
2428,Snap Inc Snap Snap Ads,£35.62,Resources,10/10/2021
1977,Snap Inc Snap Snap Ads,£26.01,Resources,11/10/2021
5259,Snap Inc Snap Snap Ads,£26.11,Resources,12/10/2021
8042,Snap Inc Snap Snap Ads,£24.62,Resources,13/10/2021
5503,Snap Inc Snap Snap Ads,£24.37,Resources,14/10/2021
4901,Snap Inc Snap Snap Ads,£22.32,Resources,15/10/2021
2950,Snap Inc Snap Snap Ads,£22.20,Resources,16/10/2021
4791,Snap Inc Snap Snap Ads,£21.79,Resources,17/10/2021
739,Snap Inc Snap Snap Ads,£7.47,Resources,18/10/2021
6056,Snap Inc Snap Snap Ads,£20.03,Resources,27/10/2021
302,Snap Inc Snap Snap Ads,£30.85,Resources,28/10/2021
226,Snap Inc Snap Snap Ads,£29.77,Resources,29/10/2021
1791,Snap Inc Snap Snap Ads,£29.08,Resources,30/10/2021
475,Snap Inc Snap Snap Ads,£31.71,Resources,31/10/2021
1465,Sp * Cambridge Online,£699.99,Communities,12/10/2021
5470,Sp * Ezeetiger,£111.30,Communities,07/10/2021
7226,Sp * Hollands Clothing,£83.21,Communities,22/10/2021
4852,Sp * Hollands Clothing,£43.17,Communities,25/10/2021
5539,Sp * Jonesbootmaker,£44.57,Communities,28/10/2021
16742,Sp * Jonesbootmaker,-£44.57,Communities,29/10/2021
53,Sp * Lights4fun,£114.13,Resources,22/10/2021
4347,Sp * Lights4fun,£247.37,Resources,25/10/2021
2308,Sp * Mx Wholesale,£245.99,Communities,14/10/2021
4614,Sp * Neom Organics,£79.17,People,13/10/2021
1656,Sp * Twinings Uk,£18.57,Communities,06/10/2021
7852,Sp * Vending Superstor,£9.08,Communities,20/10/2021
31193,Spillshop.Co.Uk,£347.00,Communities,07/10/2021
29415,Sportsdirect 309,£14.99,People,25/10/2021
38660,Sportsdirect.Com,£30.00,People,21/10/2021
16480,Spraycraft,"£1,100.00",Resources,05/10/2021
44472,Sq *evolve Digital Pub,£130.00,Communities,12/10/2021
42435,Sq *pumpkin R S,£56.00,Resources,21/10/2021
46662,Sq *strive To Succeed,£400.00,People,06/10/2021
46683,Sq *strive To Succeed,£60.00,People,06/10/2021
46686,Sq *strive To Succeed,£60.00,People,06/10/2021
46740,Sq *strive To Succeed,£150.00,People,06/10/2021
46743,Sq *strive To Succeed,£60.00,People,06/10/2021
46746,Sq *strive To Succeed,£60.00,People,06/10/2021
45148,Sq *the Mind And Body,£114.00,People,07/10/2021
45530,Sq *the Welsummer Camp,£250.00,Communities,14/10/2021
33968,St John Ambulance,£26.58,People,27/10/2021
14015,Staffordshire County C,£11.00,People,20/10/2021
21347,Stagecoach Bus,£15.00,People,11/10/2021
15645,Stagecoach Bus,£15.00,People,18/10/2021
5661,Stagecoach Bus,£15.00,People,30/10/2021
14975,Stagecoach Service,£29.00,People,01/10/2021
12160,Stagecoach Service,£66.80,People,07/10/2021
13051,Stagecoach Service,£29.00,People,08/10/2021
11323,Stagecoach Service,£186.00,People,08/10/2021
15510,Stagecoach Service,£24.17,People,15/10/2021
12881,Stagecoach Service,£46.50,People,15/10/2021
14154,Stagecoach Service,£24.17,People,21/10/2021
11096,Stagecoach Service,£24.17,People,26/10/2021
11884,Stagecoach Service,£110.00,People,28/10/2021
17288,Staples,£226.00,People,12/10/2021
1710,Staples,£44.29,Fire and Rescue,26/10/2021
20483,Starbucks,£10.92,People,07/10/2021
18723,Starbucks,£15.66,People,08/10/2021
28343,Starbucks,£7.48,People,13/10/2021
23442,Starbucks,£6.73,People,14/10/2021
23154,Starbucks,£8.07,People,15/10/2021
22652,Starbucks,£6.20,People,15/10/2021
25524,Starbucks,£7.55,People,19/10/2021
24080,Starbucks,£8.78,People,20/10/2021
26717,Starbucks,£4.74,People,20/10/2021
24392,Starbucks,£12.82,People,21/10/2021
18753,Starbucks,£7.07,People,27/10/2021
14699,Starbucks,£3.69,People,29/10/2021
28753,Starbucks Budbrooke,£6.70,People,25/10/2021
33501,Starbucks Centurion,£11.33,People,27/10/2021
28836,Starbucks Weston On Gr,£3.50,People,25/10/2021
6693,Stratford Herald,£98.20,Communities,04/10/2021
24911,Stratford On Avon D/C,£70.00,Communities,06/10/2021
42805,Stratrode S Stn,£1.00,People,07/10/2021
21470,Subway 37863 St Johns,£6.07,People,01/10/2021
24351,Subway 57899 Junction,£14.88,People,13/10/2021
19524,Subway 64586 Tungstun,£11.78,People,04/10/2021
10317,Team Sport Karting,£49.50,People,25/10/2021
45779,Teamviewer Gmbh,£394.80,Resources,07/10/2021
17891,Tesco Gift Card,£20.00,People,05/10/2021
12605,Tesco Gift Card,£15.00,People,11/10/2021
17619,Tesco Gift Card,£40.00,People,20/10/2021
13814,Tesco Gift Card,£10.00,People,27/10/2021
15473,Tesco Pfs 3244,£20.87,People,22/10/2021
16416,Tesco Store 3115,£24.65,People,21/10/2021
4271,Tesco Store 3212,£20.83,People,30/10/2021
18067,Tesco Store 3370,£14.75,Communities,20/10/2021
14342,Tesco Stores 6006,£2.35,People,04/10/2021
18239,Tesco Stores 6006,£5.45,People,12/10/2021
12504,Tesco-Stores 6473,£2.92,Communities,22/10/2021
11905,Tesco-Stores 6473,£25.00,Communities,28/10/2021
16321,The Bci Forum R/T,£89.00,Communities,18/10/2021
36704,The Garden Shed Cafe,£2.67,People,07/10/2021
21872,The Garden Shed Cafe,£3.00,People,14/10/2021
16003,The Garden Shed Cafe,£5.50,People,29/10/2021
25972,The Range,£32.87,People,21/10/2021
26681,The Range,£19.56,People,27/10/2021
25502,The Range,£8.32,Communities,28/10/2021
32790,The Reading Agency,£28.50,Communities,28/10/2021
10104,The Safer Food Group,£121.20,Communities,23/10/2021
31864,The Works,£18.50,People,26/10/2021
1429,Theory Test Pro,£7.50,Fire and Rescue,23/10/2021
4141,Thetrainline.Com,£22.73,People,01/10/2021
6474,Thetrainline.Com,£60.31,People,04/10/2021
2389,Thetrainline.Com,£11.70,People,05/10/2021
9756,Thetrainline.Com,£79.48,People,05/10/2021
7545,Thetrainline.Com,£22.73,People,06/10/2021
1683,Thetrainline.Com,£17.54,People,12/10/2021
1625,Thetrainline.Com,£11.59,People,12/10/2021
4281,Thetrainline.Com,£87.61,People,13/10/2021
11718,Thetrainline.Com,£12.20,People,13/10/2021
6285,Thetrainline.Com,£107.75,People,13/10/2021
9845,Thetrainline.Com,£15.05,People,14/10/2021
1733,Thetrainline.Com,£46.07,People,15/10/2021
5789,Thetrainline.Com,-£5.50,People,18/10/2021
8090,Thetrainline.Com,-£5.50,People,19/10/2021
6564,Thetrainline.Com,£12.20,People,20/10/2021
3599,Thetrainline.Com,£91.37,Communities,22/10/2021
6946,Thetrainline.Com,£56.65,Communities,22/10/2021
179,Thetrainline.Com,£11.70,People,26/10/2021
3899,Thetrainline.Com,£79.48,People,26/10/2021
245,Thetrainline.Com,£13.37,People,27/10/2021
42033,Theworks.Co.Uk,£1.67,Fire and Rescue,14/10/2021
35904,Timpson Ltd,£19.37,People,19/10/2021
25604,Toolstation Uk,£17.07,Communities,14/10/2021
25583,Toolstation Uk,£249.98,Communities,14/10/2021
16132,Toolstation Uk,£11.32,Communities,18/10/2021
34527,Torrys Hardware,£25.29,Communities,14/10/2021
12672,Townsends Of Rugby,£54.17,People,15/10/2021
12784,Townsends Of Rugby,£50.00,People,19/10/2021
11831,Toyota Birmingham,£75.30,Communities,01/10/2021
6506,Trade Uk,-£109.07,Communities,11/10/2021
10589,Trainline.Com,£99.41,People,06/10/2021
9206,Trainline.Com,£58.22,Communities,08/10/2021
10576,Trainline.Com,£8.34,People,12/10/2021
11864,Trainline.Com,£157.18,People,12/10/2021
10446,Trainline.Com,£73.68,People,14/10/2021
8497,Trainline.Com,£11.70,People,19/10/2021
8569,Trainline.Com,£80.50,People,19/10/2021
5585,Trainline.Com,£8.44,People,20/10/2021
5625,Trainline.Com,£107.75,People,20/10/2021
5605,Trainline.Com,£70.99,People,20/10/2021
9539,Trainline.Com,£22.73,People,21/10/2021
9551,Trainline.Com,£142.74,People,21/10/2021
9555,Trainline.Com,£63.26,People,21/10/2021
7583,Trainline.Com,£36.36,People,22/10/2021
7543,Trainline.Com,£50.04,People,22/10/2021
8626,Trainline.Com,£17.38,People,27/10/2021
8690,Trainline.Com,£20.07,People,27/10/2021
7800,Trainline.Com,£85.68,People,28/10/2021
7960,Trainline.Com,-£94.20,People,29/10/2021
7908,Trainline.Com,£11.18,People,29/10/2021
32786,Travelodge Gb0000,£209.91,People,05/10/2021
29195,Travelodge Gb0000,£152.12,People,13/10/2021
33710,Tu At Sainsburys,£649.96,People,12/10/2021
33810,Tu At Sainsburys,£23.95,Resources,12/10/2021
17175,Tudor Environmental,£86.13,Communities,01/10/2021
15684,Tudor Environmental,£291.00,Communities,04/10/2021
15687,Tudor Environmental,£66.50,Communities,04/10/2021
42481,Tudor Environmental,£41.80,Communities,05/10/2021
19190,Tudor Environmental,£225.16,Communities,05/10/2021
42398,Tudor Environmental,£157.77,Communities,19/10/2021
28774,Tudor Environmental,£221.20,Communities,25/10/2021
10144,Tvlicensing.Co.Uk,£159.00,People,11/10/2021
6984,Tvlicensing.Co.Uk,£159.00,People,28/10/2021
14394,Uber *trip,£13.20,People,27/10/2021
24758,Ultra Secure Ltd,£132.25,Communities,15/10/2021
15122,Ultra Secure Ltd,£845.37,Communities,29/10/2021
18994,United Carpets,£141.67,People,21/10/2021
10459,Ups Ltd,£201.91,Communities,27/10/2021
36278,Utility Warehouse,£95.24,People,04/10/2021
37136,Vantage England And Wa,£14.00,Communities,06/10/2021
26128,Viking Uk,£16.28,Communities,06/10/2021
14925,Viking Uk,£11.26,Communities,11/10/2021
45033,Virtualinout.Com,£24.89,Communities,12/10/2021
36509,W M Morrison Store,£1.50,Communities,11/10/2021
22418,Walsgrave Car Park,£3.33,People,19/10/2021
10906,Warwick District Counc,£199.97,People,04/10/2021
12409,Warwick District Counc,£498.50,People,06/10/2021
12129,Warwick District Counc,£499.00,People,12/10/2021
15002,Warwick District Counc,£174.92,People,21/10/2021
7856,Warwick District Counc,£79.22,People,25/10/2021
9558,Warwick District Counc,£55.43,People,25/10/2021
21558,Warwick Sports Limited,£19.99,Communities,19/10/2021
41585,Warwickshire Waste Ken,£208.33,Communities,13/10/2021
32098,Warwickshire Waste Ken,£208.33,Communities,28/10/2021
5969,Warwickshireearlyyears,£40.00,Communities,15/10/2021
68,Warwickshireearlyyears,£40.00,Communities,21/10/2021
11511,Webb Ellis,£114.95,People,11/10/2021
11511,Webb Ellis,£14.94,People,11/10/2021
14714,Webb Ellis,£26.94,Resources,12/10/2021
20129,Welcome Break Starbuck,£27.79,People,22/10/2021
1581,Wenman Healthcare Ltd,£39.91,Communities,28/10/2021
6373,West Midland,£12.50,People,28/10/2021
32215,West Midlands Card,£70.00,People,06/10/2021
32888,West Midlands Trav,£85.00,Communities,14/10/2021
32928,West Midlands Trav,£85.00,Communities,14/10/2021
37757,Wex Photographic,"£1,131.93",Communities,18/10/2021
85,Wf* Wayfair 3431619644,£113.32,People,14/10/2021
15091,Wh Lane And Son,£8.00,Communities,27/10/2021
25860,Wh Smith,£19.42,Communities,19/10/2021
21044,Wh Smith,£2.92,Communities,21/10/2021
24572,Wh Smith,£24.99,Communities,22/10/2021
27471,Wicked Cookies,£217.50,Communities,04/10/2021
30101,Wickes Building,£70.00,Communities,05/10/2021
8751,Wilko Retail Limited,£6.67,Communities,09/10/2021
14394,Wilko.Com,£146.87,People,21/10/2021
28601,Willow Brooke Day Nurs,£339.92,People,22/10/2021
35534,Wm Morrisons Store,£11.67,People,11/10/2021
8493,Wm Morrisons Store,£8.00,Communities,24/10/2021
30830,Wm Morrisons Store,£20.00,People,27/10/2021
30742,Wm Morrisons Store,£16.67,Fire and Rescue,27/10/2021
27365,World Of Garden Produc,£307.50,People,01/10/2021
35306,Worldofbooks Com,£17.79,People,01/10/2021
10669,Wp-The Institution,£106.00,Fire and Rescue,22/10/2021
9658,Wp-Warwickshire Co,£11.00,People,04/10/2021
9491,Wp-Warwickshire Co,£9.17,Resources,04/10/2021
14588,Wp-Warwickshire Co,£11.00,Resources,05/10/2021
14605,Wp-Warwickshire Co,£11.00,People,06/10/2021
14601,Wp-Warwickshire Co,£11.00,People,06/10/2021
14609,Wp-Warwickshire Co,£11.00,People,06/10/2021
13961,Wp-Warwickshire Co,£11.00,People,13/10/2021
13965,Wp-Warwickshire Co,£22.00,People,13/10/2021
13945,Wp-Warwickshire Co,£11.00,Resources,14/10/2021
10531,Wp-Warwickshire Co,£11.00,Resources,18/10/2021
14477,Wp-Warwickshire Co,£11.00,Resources,20/10/2021
13193,Wp-Warwickshire Co,£11.00,People,21/10/2021
12703,Wp-Warwickshire Co,£22.00,People,21/10/2021
10298,Wp-Warwickshire Co,£11.00,Resources,22/10/2021
10479,Wp-Warwickshire Co,£11.00,Resources,26/10/2021
10483,Wp-Warwickshire Co,£11.00,Resources,26/10/2021
10487,Wp-Warwickshire Co,£11.00,Resources,26/10/2021
11727,Wp-Warwickshire Co,£11.00,People,27/10/2021
38959,Www Anyvan Com,£160.00,People,04/10/2021
35177,Www Anyvan Com,£71.67,People,28/10/2021
16020,Www.Aat-Org.Uk,£142.00,Resources,04/10/2021
16683,Www.Aat-Org.Uk,£179.00,Resources,07/10/2021
17165,Www.Aat-Org.Uk,£105.00,Resources,15/10/2021
17168,Www.Aat-Org.Uk,£167.00,Resources,15/10/2021
35004,Www.Actia.Co.Uk,£240.00,Communities,20/10/2021
19753,Www.Aleretoxicology.Co,£140.00,People,13/10/2021
901,Www.Anyvan.Com,£359.88,People,04/10/2021
33864,Www.Cambridgeasses,£57.90,People,08/10/2021
18762,Www.Cgpbooks.Co.Uk,£9.65,Communities,12/10/2021
34059,Www.Cimaglobal.Com,£123.00,Resources,14/10/2021
32241,Www.Cipfa.Org.Uk,£220.00,Resources,21/10/2021
31368,Www.Cips.Org,£187.00,Communities,28/10/2021
31301,Www.Coventry.Gov.Uk,£11.00,Resources,04/10/2021
30785,Www.Coventry.Gov.Uk,£433.22,People,05/10/2021
28157,Www.Coventry.Gov.Uk,£11.00,People,18/10/2021
34890,Www.Coventry.Gov.Uk,£11.00,People,21/10/2021
34896,Www.Coventry.Gov.Uk,-£11.00,People,21/10/2021
23399,Www.Coventry.Gov.Uk,£11.00,Resources,25/10/2021
23402,Www.Coventry.Gov.Uk,£11.00,Resources,25/10/2021
23415,Www.Coventry.Gov.Uk,£77.03,People,26/10/2021
23337,Www.Coventry.Gov.Uk,£11.00,Resources,26/10/2021
23340,Www.Coventry.Gov.Uk,£11.00,Resources,26/10/2021
27625,Www.Coventry.Gov.Uk,£11.00,Resources,27/10/2021
27628,Www.Coventry.Gov.Uk,£11.00,Resources,27/10/2021
14978,Www.Cscs.Uk.Com,£30.00,Communities,28/10/2021
8898,Www.Escapereality.Com,£120.00,People,25/10/2021
19513,Www.Eventexfurniture.C,£84.00,Communities,11/10/2021
17825,Www.Fashionwallpaper.C,£3.33,Resources,19/10/2021
13275,Www.Fenlandleisure.Co.,£26.33,Communities,25/10/2021
35730,Www.Gov.Uk,£1.50,Resources,04/10/2021
24833,Www.Gov.Uk,£1.50,Resources,11/10/2021
36941,Www.Gov.Uk,£1.50,Resources,12/10/2021
37009,Www.Gov.Uk,£1.50,Resources,12/10/2021
34976,Www.Gov.Uk,£1.50,Resources,20/10/2021
35012,Www.Gov.Uk,£1.50,Resources,20/10/2021
20977,Www.Hall-Fast.Com,£97.70,Communities,12/10/2021
20457,Www.Ico.Org.Uk,£60.00,Resources,28/10/2021
31233,Www.Instantprint.C,£33.33,Communities,07/10/2021
34873,Www.Instantprint.C,£36.66,Communities,13/10/2021
22526,Www.Keycraftuk.Com,£299.99,Communities,29/10/2021
16881,Www.Mitaxis.Com,£55.00,People,15/10/2021
16884,Www.Mitaxis.Com,£360.00,People,15/10/2021
16887,Www.Mitaxis.Com,£333.33,People,15/10/2021
16890,Www.Mitaxis.Com,£381.67,People,15/10/2021
2182,Www.Moneyclaim.Gov,£205.00,Resources,01/10/2021
2190,Www.Moneyclaim.Gov,£50.00,Resources,01/10/2021
24849,Www.Moneyclaim.Gov,£80.00,Resources,11/10/2021
24853,Www.Moneyclaim.Gov,£70.00,Resources,11/10/2021
24865,Www.Moneyclaim.Gov,£80.00,Resources,11/10/2021
24869,Www.Moneyclaim.Gov,£70.00,Resources,11/10/2021
24877,Www.Moneyclaim.Gov,£762.07,Resources,11/10/2021
24889,Www.Moneyclaim.Gov,£558.87,Resources,11/10/2021
33594,Www.Moneyclaim.Gov,£205.00,Resources,18/10/2021
29158,Www.Moneyclaim.Gov,£80.00,Resources,21/10/2021
31501,Www.Moneyclaim.Gov,£83.00,Resources,22/10/2021
32129,Www.Moneyclaim.Gov,£70.00,Resources,27/10/2021
31792,Www.Moneyclaim.Gov,£50.00,Resources,28/10/2021
34485,Www.Nisbets.Com,£60.35,Communities,13/10/2021
26258,Www.Nisbets.Com,£9.57,Communities,27/10/2021
9073,Www.Nuneatonandbedwort,£845.00,People,18/10/2021
11821,Www.Nuneatonandbedwort,£84.56,People,22/10/2021
11775,Www.Nuneatonandbedwort,£102.00,People,29/10/2021
15796,Www.Qbicheating.Co.Uk,£115.80,Communities,08/10/2021
16750,Www.Qualsafe.Com,£420.00,Fire and Rescue,04/10/2021
19695,Www.Reddrivingschool.C,£320.89,People,20/10/2021
15806,Www.Registry-Trust.Org,£8.33,Resources,22/10/2021
1490,Www.Risedm* Diamond Bu,£680.00,Communities,25/10/2021
22848,Www.Russum.Co.Uk,£191.40,People,13/10/2021
32778,Www.Schoolshopsale,£27.84,Resources,12/10/2021
27701,Www.Studio.Co.Uk,£299.42,People,19/10/2021
34972,Www.Studio.Co.Uk,-£91.64,People,20/10/2021
35000,Www.Studio.Co.Uk,£283.62,People,20/10/2021
23788,Www.Studio.Co.Uk,£299.98,People,21/10/2021
13169,Www.Thelawsociety.Org,£156.00,Resources,15/10/2021
42891,Www.Therange.Co.Uk,£98.32,People,05/10/2021
37090,Www.Therange.Co.Uk,£20.71,Communities,11/10/2021
42970,Www.Therange.Co.Uk,£21.54,Communities,13/10/2021
16153,Www.Tudorenvironmental,£341.42,Communities,07/10/2021
16156,Www.Tudorenvironmental,£192.56,Communities,07/10/2021
19756,Www.Tudorenvironmental,£159.47,Communities,13/10/2021
12807,Www.Tudorenvironmental,£78.82,Communities,29/10/2021
4982,Www.Uksafetyfootwear.C,£79.95,Communities,03/10/2021
21732,Www.Ukvendingltd.Co.Uk,£40.04,Communities,20/10/2021
31238,Www.Utilita.Co.Uk,£20.00,People,06/10/2021
18825,Www.Voucherexpress.Co.,£10.00,Resources,12/10/2021
30655,Yell Limited,£391.75,Communities,14/10/2021
9916,Yell Limited,£391.75,Communities,22/10/2021
2792105429,,£0.42,Communities,06/10/2021
2802105391,,£0.41,Resources,07/10/2021
2842108311,,£0.20,Communities,11/10/2021
2852105579,,£0.68,Communities,12/10/2021
2912114104,,£4.00,Resources,18/10/2021
3012106336,,£0.30,Resources,28/10/2021
3012106346,,£0.12,Resources,28/10/2021
3012104451,,£5.34,Communities,28/10/2021
3022105145,,£0.24,Resources,29/10/2021
