Transaction,Supplier,Net,Directorate,Date
Number,,Amount,,
23192,Www.Cscs.Uk.Com,£30.00,Resources,04/11/2021
32740,Co-Op Late Shop,£5.61,Communities,02/11/2021
4863,Amznmktplace,£56.87,Communities,01/11/2021
5276,Amznmktplace,£14.50,Communities,01/11/2021
5381,Amznmktplace,£5.86,Communities,01/11/2021
6461,Amznmktplace,£58.57,Communities,01/11/2021
16087,Www.,£51.29,Communities,02/11/2021
16087,Www.,£4.99,Communities,02/11/2021
32687,Worcestershire Cou,£104.00,Communities,02/11/2021
4346,Amznmktplace,£219.95,Communities,02/11/2021
13177,Amznmktplace Amazon.Co,£44.16,Communities,03/11/2021
2986,Amznmktplace,£29.99,Communities,03/11/2021
3198,Amznmktplace,£36.15,Communities,03/11/2021
1020,Amznmktplace,£33.32,Communities,05/11/2021
21322,Engelbert Strauss Ltd,£287.30,Communities,05/11/2021
4750,Amazon.Co.Uk*mz8zk2wh5,£35.20,Communities,07/11/2021
9938,Amazon.Co.Uk*d24nn2ch5,£166.67,Communities,07/11/2021
10600,Amznmktplace,£144.94,Communities,08/11/2021
217,Cat Ballou Originals,£7.48,Communities,08/11/2021
6658,Amznmktplace Amazon.Co,£27.47,Communities,01/11/2021
9238,Amznmktplace Amazon.Co,£25.68,Communities,01/11/2021
10564,Amznmktplace Amazon.Co,£12.91,Communities,02/11/2021
22210,Amznmktplace Amazon.Co,£9.16,Communities,03/11/2021
6362,Amazon.Co.Uk*qh4ml85x5,£22.48,Communities,04/11/2021
1769,Sp * Top Deals Online,£6.52,Communities,03/11/2021
41743,Hartshill Local Store,£4.60,Communities,03/11/2021
6518,Amznmktplace,£29.99,Communities,01/11/2021
6522,Amznmktplace,£29.99,Communities,01/11/2021
9982,Amznmktplace Amazon.Co,£17.47,Communities,02/11/2021
18,Amazon.Co.Uk*v90jr1fe5,£120.82,Communities,04/11/2021
34078,Milk And More,£1.90,Communities,05/11/2021
34183,Milk And More,£8.55,Communities,05/11/2021
7012,Amz*amazon Business Uk,-£29.84,People,02/11/2021
2244,Amazon.Co.Uk*3f2bb29l5,£24.42,People,06/11/2021
28435,Mak Flooring,£833.33,People,03/11/2021
46755,Costa Leamington Spa D,£6.79,People,03/11/2021
32335,Argos Ltd,£22.46,People,01/11/2021
23084,Www.Registry-Trust.Org,£8.33,Resources,03/11/2021
5065,Amznmktplace,£52.44,Communities,01/11/2021
33666,Travelodge Gb0000,£122.80,Communities,03/11/2021
29469,Currys Online,£207.50,People,03/11/2021
29599,Dunelm,£109.17,People,03/11/2021
39139,Argos Ltd,£336.19,People,03/11/2021
39171,Argos Ltd,£24.12,People,03/11/2021
5573,Amznmktplace,£58.25,People,04/11/2021
7826,Amznmktplace,£49.97,People,04/11/2021
39069,Www.Therange.Co.Uk,£139.05,People,08/11/2021
8836,Tvlicensing.Co.Uk,£132.50,People,01/11/2021
19134,Stagecoach Service,£24.17,People,03/11/2021
32637,Www.Coventry.Gov.Uk,£433.22,People,02/11/2021
23591,Www.Cgpbooks.Co.Uk,£28.95,Communities,04/11/2021
45293,Praxisdienst Gmbh Co.,£239.34,Fire and Rescue,01/11/2021
7136,Amznmktplace,£2.82,Fire and Rescue,02/11/2021
7879,Amznmktplace,£32.66,Fire and Rescue,02/11/2021
1664,Thetrainline.Com,£75.04,People,01/11/2021
38303,Nuneaton & Bedworth Bc,£562.00,People,02/11/2021
38307,Nuneaton & Bedworth Bc,£562.18,People,02/11/2021
9402,Tvlicensing.Co.Uk,£159.00,People,02/11/2021
44739,Greggs Plc,£3.95,People,04/11/2021
46144,Costa Leamington Spa D,£4.40,People,04/11/2021
1432,The Outdoors Company,£376.46,Communities,02/11/2021
16645,Food4wildbirds-Dom,£115.99,Communities,02/11/2021
29745,Currys Online,£416.66,People,03/11/2021
18976,2maa027885235 Td E-Pmt,£75.00,People,01/11/2021
42921,Sainsburys S/mkt,£102.29,People,04/11/2021
11173,British Gas Otp,£15.00,People,05/11/2021
22502,Www.Mad4tools.Com,£37.18,People,08/11/2021
24235,Media Storehouse,£24.16,Resources,04/11/2021
26817,Www.Tts-Groups.Co.Uk,£16.94,Resources,04/11/2021
35996,Findel Education,£26.99,Resources,04/11/2021
52531,Fabfab Gmbh,£63.33,Resources,04/11/2021
53661,Etsy,£21.00,Resources,04/11/2021
42403,Bookerecomm,£48.73,Communities,02/11/2021
42403,Bookerecomm,£69.46,Communities,02/11/2021
36618,Amznmktplace,£14.24,Communities,03/11/2021
5167,Amznmktplace,£16.66,Communities,04/11/2021
37800,Sumup *tas Taxis And C,£120.00,Communities,02/11/2021
1833,Amznmktplace,£98.32,People,01/11/2021
18023,Tesco Gift Card,£10.00,People,02/11/2021
20847,Asda Stores Ltd,£35.00,People,03/11/2021
41069,Amazon.Co.Uk*u56rc8b65,£12.79,Resources,03/11/2021
51520,Www Anyvan Com,£46.67,Resources,04/11/2021
831,Thetrainline.Com,£17.28,Resources,05/11/2021
13579,Www.Nuneatonandbedwort,£310.90,People,01/11/2021
13722,Snappy Snaps Coventry,£12.49,People,04/11/2021
13826,Snappy Snaps Coventry,£12.49,People,04/11/2021
28857,Commercial Fuel So,£60.95,Communities,01/11/2021
28881,Commercial Fuel So,£81.95,Communities,01/11/2021
6501,Amznmktplace Amazon.Co,£183.17,Communities,01/11/2021
3368,Perdix Wildlife,£37.80,Communities,01/11/2021
8771,Amznmktplace,£33.31,Communities,04/11/2021
22073,Kunis Coffee,£3.51,People,02/11/2021
23492,Coles Nurseries,£364.00,Communities,01/11/2021
21041,One Stop 0376,£7.30,People,01/11/2021
22291,Currys Online,£237.49,People,05/11/2021
8556,Argos Ltd,£15.82,People,05/11/2021
18581,Starbucks,£7.94,People,01/11/2021
2585,Itsm.Zone,£862.00,Resources,04/11/2021
2710,Snap Inc Snap Snap Ads,£30.13,Resources,01/11/2021
40144,Google *ads2789853021,£400.00,Resources,01/11/2021
47501,Google Ads2789853021,£116.97,Resources,02/11/2021
8041,Snap Inc Snap Snap Ads,£23.71,Resources,02/11/2021
10567,Snap Inc Snap Snap Ads,£28.42,Resources,03/11/2021
17715,Snap Inc Snap Snap Ads,£31.43,Resources,04/11/2021
53716,Facebk *w4vqaatep2,£450.00,Resources,04/11/2021
18335,Ibis Styles Crewe - H9,£57.00,People,02/11/2021
38006,Www.Britishgas.Co.,£406.45,People,08/11/2021
18888,Www.Thebarcodewarehous,£63.98,People,01/11/2021
35830,Griggs,£39.92,Communities,01/11/2021
8953,Seton,£237.67,Communities,01/11/2021
12739,Seton,£59.47,Communities,03/11/2021
47141,Google Cloud Emea Limi,£290.51,Resources,02/11/2021
40833,123 Reg Ltd,£19.98,Resources,04/11/2021
46686,Www.Tenpin.Co.Uk,£126.45,People,03/11/2021
11651,Amazon.Co.Uk*263fo7ya5,£25.36,Resources,02/11/2021
6710,Amznmktplace,£62.46,Resources,02/11/2021
16094,Amazon.Co.Uk*p14952ui5,£25.36,Resources,03/11/2021
6171,Food Safety Uk,£90.00,People,01/11/2021
45525,Utility Warehouse,£166.67,People,03/11/2021
11104,Post Office Counter,£3.85,Communities,04/11/2021
26394,Www.Cscs.Uk.Com,£30.00,People,01/11/2021
7088,Customheat,£125.00,People,01/11/2021
38140,Ao Retail Limited,£270.00,People,04/11/2021
11396,Stagecoach Service,£111.33,People,08/11/2021
14480,Asda Groceries Online,£118.66,People,08/11/2021
14681,Asda Groceries Online,-£0.46,People,08/11/2021
34064,Screwfix Direct,£58.30,Communities,04/11/2021
28311,Dobbies,£9.64,People,04/11/2021
22725,Lidl Gb Stratford On,£1.48,People,02/11/2021
22725,Lidl Gb Stratford On,£11.53,People,02/11/2021
44094,Sainsburys S/mkts,£5.85,People,03/11/2021
2121,Reddiair Ltd,£349.00,Fire and Rescue,04/11/2021
18637,Starbucks,£7.94,People,01/11/2021
2126,Amznmktplace,£16.66,People,03/11/2021
3684,Amznmktplace,£12.51,People,03/11/2021
3815,Amz*office 2020,-£9.11,People,03/11/2021
5721,Amazon.Co.Uk*zi4gr0n35,£25.33,People,03/11/2021
4584,Amznmktplace,£16.48,Communities,02/11/2021
6028,Amznmktplace,£9.76,Communities,02/11/2021
31947,Screwfix Direct,£23.79,Fire and Rescue,01/11/2021
34017,Arco Ltd,-£13.49,Fire and Rescue,03/11/2021
25655,Wh Smith,£65.10,Fire and Rescue,04/11/2021
1765,Amznmktplace,£19.09,People,01/11/2021
20813,"Boots,warwick",£3.75,Resources,04/11/2021
5885,Warwick Sports Limited,£24.99,Communities,06/11/2021
33244,Horizon Mobility Ltd,£50.00,People,01/11/2021
24057,Viking Uk,£55.43,Communities,01/11/2021
17520,Amznmktplace,£13.28,Resources,04/11/2021
6089,Amazon.Co.Uk*xj86y7rx5,£6.12,Fire and Rescue,01/11/2021
33702,Amznmktplace,£15.78,Fire and Rescue,02/11/2021
23978,Nrs Healthcare,£58.32,People,03/11/2021
47466,Hotel On Booking.Com,-£91.55,Communities,02/11/2021
29852,Currys Online,£583.32,Resources,03/11/2021
3338,Amznmktplace,£816.67,Resources,03/11/2021
3052104486,,£2.12,Resources,01/11/2021
26059,Steam Turbine,£8.88,People,04/11/2021
10070,Www.Iosh.Co.Uk,£191.00,Resources,01/11/2021
4066,Amazon.Co.Uk*3x7uu6ye5,£30.30,Resources,02/11/2021
34689,Birmingham Register,£14.50,Resources,01/11/2021
32568,Manchester Cc Inte,£11.00,Resources,02/11/2021
57870,Www.Nchsoftware.Com,£37.48,Resources,03/11/2021
3082106547,,£1.24,Resources,04/11/2021
44048,Www.Nchsoftware.Com,£31.37,Resources,04/11/2021
58819,Www.Nchsoftware.Com,£37.66,Resources,04/11/2021
3092104539,,£1.24,Resources,05/11/2021
3122151411,,£0.86,Resources,08/11/2021
6680,Institutefa,£240.00,People,01/11/2021
14163,Thetrainline.Com,£37.98,People,02/11/2021
3251,Thetrainline.Com,£11.70,People,02/11/2021
913,Thetrainline.Com,£59.44,People,02/11/2021
23594,Premier Inn44015160,£34.67,People,03/11/2021
23597,Premier Inn44024430,£71.11,People,03/11/2021
23597,Premier Inn44024430,£71.11,People,03/11/2021
793,Oyo-Booking-202123311,£48.89,People,03/11/2021
11458,Trainline.Com,£12.20,People,04/11/2021
11474,Trainline.Com,£85.68,People,04/11/2021
23546,Www.Reddrivingschool.C,-£317.40,People,04/11/2021
30774,Asda Stores,£35.83,People,04/11/2021
30778,Asda Stores,£281.31,People,04/11/2021
50638,McDonalds 682,£16.04,People,04/11/2021
24233,Www.Warkscol.Ac.Uk,£35.00,People,01/11/2021
32255,Argos Ltd,£126.62,People,01/11/2021
6301,Amznmktplace,£49.96,People,02/11/2021
13655,Asda George Com Leeds,£22.46,Communities,01/11/2021
36466,Www.Theworks.Co.Uk,£34.00,Communities,01/11/2021
33801,Amazon.Co.Uk*uh4ep9an5,£5.94,Communities,02/11/2021
36188,Amazon.Co.Uk*ve3fa5oh5,£23.00,Communities,03/11/2021
39394,Great Art,£130.80,Communities,03/11/2021
50377,McDonalds 8156 / Warwi,£16.95,People,04/11/2021
7510,Stagecoach Bus,£15.00,People,06/11/2021
35836,Price And Buckland,£41.50,Resources,01/11/2021
20806,Https://Alcesternscwoo,£131.30,Resources,02/11/2021
30414,Argos Ltd,£169.96,Resources,02/11/2021
30478,Argos Ltd,£149.99,Resources,02/11/2021
42893,Kenilworth Carpets,£250.00,Resources,02/11/2021
8996,Newman Property,£75.00,Resources,03/11/2021
45433,Amazon.Co.Uk*rx3cz02p5,£19.98,Resources,05/11/2021
28255,Royal Mail Online Shop,£217.00,Communities,04/11/2021
28279,Royal Mail Online Shop,£192.00,Communities,04/11/2021
14195,Gen Register Office,£18.00,People,04/11/2021
3462,Medicplayer.Com,£183.00,Communities,02/11/2021
10254,Amznmktplace,£18.04,Communities,01/11/2021
6444,Amznmktplace,£12.99,Communities,01/11/2021
10621,Paypal *quantifiedt,£85.50,Communities,02/11/2021
13655,Plantool Hire Centres,£199.20,Communities,03/11/2021
21831,Hobbycraft,£136.37,Communities,02/11/2021
22226,Amazon.Co.Uk*i462g1lf5,£23.38,People,01/11/2021
32768,Co-Op Late Shop,£2.40,People,02/11/2021
32376,Co-Op Late Shop,£4.00,People,03/11/2021
25096,Www.Preservationequipm,£16.08,Communities,05/11/2021
1685,Amznmktplace,£19.98,Communities,06/11/2021
4857,Amznmktplace,£3.35,Communities,08/11/2021
285,Amznmktplace,£16.99,Communities,06/11/2021
4396,Amznmktplace,£21.78,Communities,06/11/2021
20767,Handy Homestore,£24.00,Communities,02/11/2021
98,Amazon Prime*qo3rt85v5,£7.99,Communities,08/11/2021
7804,Sp * Books4people,£50.97,Communities,03/11/2021
15949,Amazon.Co.Uk*tw5ha0z35,£15.00,Communities,04/11/2021
20,Primark 476,£224.00,People,04/11/2021
20116,Wilko Retail Limited,£20.50,People,05/11/2021
32367,Argos Ltd,£73.95,People,01/11/2021
9878,Trainline.Com,-£5.20,People,02/11/2021
22789,Tk Maxx,£59.99,People,08/11/2021
22608,Poundstretcher 369,£21.00,People,08/11/2021
8436,Argos Ltd,£58.95,Communities,05/11/2021
8452,Argos Ltd,£58.95,Communities,05/11/2021
41314,Bookmeetingroom.Com,£15.54,Communities,06/11/2021
3122152317,,£0.43,Communities,08/11/2021
36686,Amazon.Co.Uk*3s3jq82z5,£6.75,Communities,09/11/2021
30526,Argos Ltd,£123.94,Resources,02/11/2021
8424,Argos Ltd,£80.50,Resources,04/11/2021
8428,Argos Ltd,£706.93,Resources,04/11/2021
31257,Argos Ltd,£258.95,Resources,08/11/2021
31261,Argos Ltd,£469.98,Resources,08/11/2021
26251,Gen Register Office,£25.00,People,04/11/2021
40132,Www.Coventry.Gov.Uk,£22.00,People,04/11/2021
42777,Leamington Floors,£499.00,People,04/11/2021
42781,Leamington Floors,£499.00,People,04/11/2021
3068,Thetrainline.Com,£22.77,People,05/11/2021
16945,Tesco Stores 4799,£3.90,Communities,08/11/2021
25168,Timpson Ltd,£25.00,Resources,08/11/2021
2053,Amazon.Co.Uk*fx8p491m5,£39.55,Communities,06/11/2021
4775,Amznmktplace,£77.22,Communities,07/11/2021
4565,Amznmktplace,£8.58,Communities,08/11/2021
6918,Post Office Counter,£2.25,People,01/11/2021
18151,Www.Tudorenvironmental,£267.31,Communities,05/11/2021
3884,Sp * Hollands Clothing,£63.80,Communities,05/11/2021
32350,Btconsumer Wifirecurri,£30.00,Communities,08/11/2021
4248,Amznmktplace,£32.37,Communities,06/11/2021
12079,The Apple Tree Tearoom,£10.65,People,08/11/2021
12199,Warwick Dc Parking,£1.60,People,08/11/2021
21063,Starbucks,£7.45,People,08/11/2021
3017,Snap Inc Snap Snap Ads,£12.48,Resources,05/11/2021
15603,Dlvr.It,£14.89,Resources,06/11/2021
3122152528,,£0.41,Resources,08/11/2021
46056,Flickr Pro Monthly,£6.49,Resources,08/11/2021
20127,Llg Enterprises Ltd,£258.00,Resources,08/11/2021
18464,Marston Group Limited,£188.00,People,05/11/2021
34721,Hmcourts-Service.G,£50.00,People,08/11/2021
4150,The Banbury Counsellin,"£1,025.00",People,08/11/2021
24178,The Garden Shed Cafe,£3.00,People,04/11/2021
1934,Franklins Sandwich,£86.25,Fire and Rescue,08/11/2021
8098,Trainline.Com,£22.97,People,08/11/2021
32375,Holiday Inn Covent,£499.00,People,05/11/2021
32387,Holiday Inn Covent,£21.00,People,05/11/2021
35791,Horizon Mobility Ltd,£50.00,People,08/11/2021
6573,Amznmktplace,£19.99,Resources,05/11/2021
6001,Amznmktplace,£117.99,Communities,08/11/2021
5140,Thetrainline.Com,£94.27,Fire and Rescue,08/11/2021
597,Www.Anyvan.Com,£179.94,People,01/11/2021
51504,Www Anyvan Com,£137.00,Communities,04/11/2021
4244,Amazon.Co.Uk*z78be1xx5,£24.70,Resources,07/11/2021
16441,Enterprise Rent A Car,£24.26,People,08/11/2021
16444,Enterprise Rent A Car,£32.90,People,08/11/2021
2933,Oyo-Booking-202602051,£64.00,People,08/11/2021
405,Thetrainline.Com,£16.73,People,08/11/2021
25266,Arco Limited (Sap),£21.17,Communities,02/11/2021
687,Amznmktplace,-£110.00,People,06/11/2021
11285,Hm Passport Office,£49.00,People,05/11/2021
6267,Amazon Prime*9q6b17095,£7.99,Communities,03/11/2021
4279,Paypal *papyrusprev,£165.00,Communities,05/11/2021
3796,Building & Plumb Supp,£43.78,Communities,08/11/2021
3975,Amznmktplace,£6.99,Communities,06/11/2021
24175,Ncs*citb Exam,£22.00,Resources,17/11/2021
24280,Ncs*citb Exam,£22.00,Resources,17/11/2021
29675,Https://Shop.Citb.Co.U,£12.00,Resources,17/11/2021
29678,Https://Shop.Citb.Co.U,£12.00,Resources,17/11/2021
4446,Amznmktplace,£24.95,Resources,18/11/2021
11841,Co-Op Late Shop,£2.63,Communities,14/11/2021
41856,Amznmktplace,£5.99,Communities,18/11/2021
37008,Axminstertoolsmach,£129.15,Communities,25/11/2021
39063,Axminster Tool Cen,£103.79,Communities,25/11/2021
11212,Metcalf Timber And Bui,£49.80,Communities,15/11/2021
33655,Ou Continuing Ed,£18.00,Communities,10/11/2021
1637,Amznmktplace,£28.39,Communities,11/11/2021
774,Safetysuppl,£588.95,Communities,11/11/2021
28570,B&m 031 - Airport,£4.17,Communities,17/11/2021
29265,Halfords 0425,£13.74,Communities,17/11/2021
4239,Amznmktplace,£19.98,Communities,17/11/2021
35902,Sainsburys S/mkts,£15.85,Communities,19/11/2021
30601,Yell Limited,£391.75,Communities,22/11/2021
1080,Amazon.Co.Uk*2n8db1y54,£11.42,Communities,23/11/2021
22368,Ncs*citb Exam,£22.00,Communities,23/11/2021
22371,Ncs*citb Exam,£22.00,Communities,23/11/2021
43775,Sainsburys S/mkts,£7.50,Communities,24/11/2021
19559,Safetec Direct Limited,£51.50,Communities,29/11/2021
16345,Runrug,£61.33,Communities,17/11/2021
11943,Amznmktplace,£12.82,Communities,22/11/2021
15162,Amazon.Co.Uk*iz8kr8ma5,£17.03,Communities,25/11/2021
6348,Amznmktplace,£15.82,Communities,30/11/2021
1356,Airbnb * Hm4erdkabc,£187.11,People,12/11/2021
53147,Hotel At Booking.Com,£46.44,People,18/11/2021
31578,Toolstation Ltd,£45.27,Communities,09/11/2021
15775,Amznmktplace,£13.75,Communities,10/11/2021
16625,Amznmktplace,£17.87,Communities,10/11/2021
8185,Amznmktplace,£57.47,Communities,10/11/2021
14403,Amznmktplace,£28.59,Communities,11/11/2021
13589,Amznmktplace,£9.69,Communities,12/11/2021
24337,Www.Muddyfaces.Co.Uk,£230.90,Communities,15/11/2021
33349,Dvla Vehicle Tax,£282.50,Communities,18/11/2021
33361,Dvla Vehicle Tax,£282.50,Communities,18/11/2021
33365,Dvla Vehicle Tax,£277.50,Communities,18/11/2021
33393,Dvla Vehicle Tax,£277.50,Communities,18/11/2021
33413,Dvla Vehicle Tax,£167.50,Communities,18/11/2021
33425,Dvla Vehicle Tax,£277.50,Communities,18/11/2021
33429,Dvla Vehicle Tax,£282.50,Communities,18/11/2021
33457,Dvla Vehicle Tax,£167.50,Communities,18/11/2021
33477,Dvla Vehicle Tax,£282.50,Communities,18/11/2021
33485,Dvla Vehicle Tax,£282.50,Communities,18/11/2021
33501,Dvla Vehicle Tax,£277.50,Communities,18/11/2021
38333,Sumup *the Cake & Chee,£3.00,Communities,11/11/2021
7972,Amazon Prime*ru3io1qc5,£7.99,Communities,11/11/2021
37420,Milk And More,£1.90,Communities,12/11/2021
37592,Milk And More,£8.55,Communities,12/11/2021
4022,Paypal *galleon Sup Ga,£265.00,Communities,12/11/2021
9973,Paypal *galleon Sup Ga,£288.00,Communities,15/11/2021
27727,Amazon.Co.Uk*st46d9fj5,£9.30,Communities,17/11/2021
27780,Amznmktplace,£51.90,Communities,17/11/2021
33000,Sumup *the Cake & Chee,£101.00,Communities,17/11/2021
33004,Sumup *the Cake & Chee,£66.00,Communities,17/11/2021
12681,Amznmktplace Amazon.Co,£15.32,Communities,18/11/2021
15734,Amznmktplace,£220.51,Communities,18/11/2021
23856,Amazon.Co.Uk*1u3mp9bb5,£290.92,Communities,18/11/2021
2564,Amznmktplace,£105.74,Communities,18/11/2021
47930,Bookerecomm,£302.87,Communities,18/11/2021
7518,Paypal *badairy,£10.00,Communities,18/11/2021
29807,Milk And More,£1.90,Communities,19/11/2021
29811,Milk And More,£8.55,Communities,19/11/2021
9233,Iz *simia Investme,£527.17,Communities,22/11/2021
3350,Amznmktplace,£21.25,Communities,23/11/2021
2241,Www.Neappliances.Com,£116.66,Communities,24/11/2021
3843,Amznmktplace,£53.25,Communities,24/11/2021
6058,Amazon.Co.Uk*9g5s255p5,£128.91,Communities,24/11/2021
34632,Bookerecomm,£166.50,Communities,26/11/2021
37384,Milk And More,£9.50,Communities,26/11/2021
37428,Milk And More,£2.85,Communities,26/11/2021
8251,Fireprotect,£264.93,Communities,26/11/2021
26991,Sumup *the Cake & Chee,£108.00,Communities,29/11/2021
39324,Bookerecomm,£218.55,Communities,29/11/2021
22347,Baker Ross,£17.70,Communities,17/11/2021
37803,B&q Ltd,£49.80,Communities,17/11/2021
21130,Gen Register Office,£28.00,People,19/11/2021
21308,Gen Register Office,£14.00,People,22/11/2021
16664,Amznmktplace,£22.67,Resources,10/11/2021
28247,Starbucks,£13.47,People,24/11/2021
31099,Asda Superstore,£58.37,People,24/11/2021
34274,British Gas Online,£23.81,People,25/11/2021
24078,Lidl Gb Nuneaton,£35.71,People,29/11/2021
43449,Sainsburys S/mkt,£87.06,People,30/11/2021
35256,Shell 77 Rugby Road,£2.99,People,23/11/2021
35160,Brumacc,£208.96,People,23/11/2021
14068,Hm Passport Office,£67.08,People,09/11/2021
17812,Subway Ls,£8.34,People,15/11/2021
14595,Warwick District Counc,£160.00,People,16/11/2021
14607,Warwick District Counc,£776.76,People,16/11/2021
14611,Warwick District Counc,£289.81,People,16/11/2021
25277,Halfords On Line,£269.97,People,16/11/2021
37033,Dvla Driving License,£34.00,People,16/11/2021
2628,Amznmktplace,£138.18,People,17/11/2021
14794,Warwick District Counc,£34.00,People,18/11/2021
2640,Tvlicensing.Co.Uk,£159.00,People,18/11/2021
9894,Sp * Fitsupplies.Co.Uk,£124.96,People,18/11/2021
15307,Www.Nuneatonandbedwort,£306.00,People,19/11/2021
18708,Costa Coffee,£3.29,People,19/11/2021
20191,Hm Passport Office,£80.50,People,24/11/2021
24059,Costa Coffee,£3.29,People,24/11/2021
17904,Hm Passport Office,£80.50,People,25/11/2021
15033,Asda Stores Ltd,£15.00,People,26/11/2021
10430,Post Office Counter,£6.85,People,30/11/2021
21507,Stagecoach Bus,£12.40,People,30/11/2021
31204,The Range,£6.98,People,09/11/2021
44421,McDonalds,£1.26,People,09/11/2021
44421,McDonalds,£8.10,People,09/11/2021
8418,Leeds Marriott Hotel F,£94.00,People,10/11/2021
33139,Internet Photo Service,£389.60,People,17/11/2021
43235,Domino S Pizza,£89.45,People,23/11/2021
26073,The Lansdowne Hotel,£58.33,People,15/11/2021
24769,Lidl Gb Rugby,£42.78,People,16/11/2021
3692,Bp Budbrooke Services,£5.37,People,16/11/2021
30375,Screwfix Direct,£38.99,People,19/11/2021
3190,Www.Coventry.Gov.Uk,£104.61,People,19/11/2021
23381,Voucher Express,£100.00,People,24/11/2021
7761,Moonpig,£29.28,People,24/11/2021
13914,Tesco Store 3188,£5.57,People,15/11/2021
22455,One4all,£10.99,People,17/11/2021
27104,Hilton Park N/B,£3.75,People,18/11/2021
27029,Lidl Gb Nuneaton,£22.04,People,30/11/2021
14517,Spar Stores,£2.00,People,10/11/2021
31216,Www.Wmca.Org.Uk,£15.80,People,18/11/2021
26523,Www.Wmca.Org.Uk,£15.80,People,29/11/2021
37201,Argos Ltd,£6.67,People,10/11/2021
37879,Argos Ltd,£9.17,People,10/11/2021
39044,Poundland Ltd,£0.89,People,10/11/2021
36411,Argos Ltd,£44.95,People,11/11/2021
18208,Hm Passport Office,£75.50,People,18/11/2021
40879,Www.Coventry.Gov.Uk,£10.11,People,18/11/2021
3199,Post Office Counter,£2.25,People,20/11/2021
25592,Starbucks,£7.95,People,23/11/2021
33968,Www.Bristowsutor.C,£499.00,People,23/11/2021
13568,Wp-Warwickshire Co,£11.00,People,24/11/2021
14048,Www.Nuneatonandbedwort,£113.00,People,24/11/2021
35923,Www.Bristowsutor.C,£172.87,People,24/11/2021
37052,Argos Ltd,£32.46,People,24/11/2021
31052,Asda Stores 5757,£14.28,People,25/11/2021
29539,Www.Hardwarexpress,"£1,091.59",Communities,19/11/2021
8462,Amazon.Co.Uk*fe7nv4bq5,£69.90,Communities,25/11/2021
3395,Campaign For Learning,£55.00,Resources,11/11/2021
1498,W A Products Uk,£72.00,Communities,15/11/2021
1952,Midpac,£208.62,Communities,15/11/2021
15822,Enterprise Rent A Car,£309.36,Communities,26/11/2021
15822,Enterprise Rent A Car,£200.00,Communities,26/11/2021
15825,Enterprise Rent A Car,£309.36,Communities,26/11/2021
15825,Enterprise Rent A Car,£200.00,Communities,26/11/2021
16473,Enterprise Rent A Car,-£200.00,Communities,26/11/2021
16476,Enterprise Rent A Car,-£200.00,Communities,26/11/2021
7573,Amznmktplace,£27.72,Communities,15/11/2021
5650,Safey Glass,£50.00,Communities,16/11/2021
35802,Argos Ltd,£191.66,Resources,09/11/2021
35870,Argos Ltd,£191.66,Resources,09/11/2021
37767,Argos Ltd,£255.39,Resources,10/11/2021
37771,Argos Ltd,£344.95,Resources,10/11/2021
37831,Argos Ltd,£164.12,Resources,10/11/2021
37935,Argos Ltd,£243.28,Resources,10/11/2021
37939,Argos Ltd,£158.32,Resources,10/11/2021
36255,Argos Ltd,-£7.46,Resources,11/11/2021
36327,Argos Ltd,£191.66,Resources,11/11/2021
36491,Argos Ltd,£159.96,Resources,11/11/2021
9507,Argos Ltd,£337.49,Resources,12/11/2021
9511,Argos Ltd,£145.37,Resources,12/11/2021
37545,Argos Ltd,£297.46,Resources,15/11/2021
37549,Argos Ltd,£146.66,Resources,15/11/2021
35254,Argos Ltd,£149.99,Resources,16/11/2021
35306,Argos Ltd,£191.66,Resources,16/11/2021
35342,Argos Ltd,£191.66,Resources,16/11/2021
33423,Argos Ltd,-£249.12,Resources,17/11/2021
33455,Argos Ltd,£249.12,Resources,17/11/2021
33459,Argos Ltd,£208.32,Resources,17/11/2021
33503,Argos Ltd,£191.66,Resources,17/11/2021
37983,Argos Ltd,£158.32,Resources,18/11/2021
38115,Argos Ltd,£158.32,Resources,18/11/2021
8602,Argos Ltd,£208.32,Resources,19/11/2021
368,Argos Ltd,£169.96,Resources,25/11/2021
388,Argos Ltd,£99.12,Resources,26/11/2021
36363,Argos Ltd,£161.62,People,10/11/2021
15272,Asda George Com Leeds,£16.67,People,12/11/2021
35318,Argos Ltd,£199.12,People,16/11/2021
35322,Argos Ltd,£16.66,People,16/11/2021
12642,Mayborn UK Limited,£74.99,People,18/11/2021
13716,Amz*tanchuanjia Ltd,-£58.25,People,18/11/2021
38039,Argos Ltd,£55.79,People,18/11/2021
40260,Hyndburn Borough Counc,£196.45,People,23/11/2021
5212,Amznmktplace,£60.75,People,25/11/2021
6825,Amznmktplace,£129.80,People,25/11/2021
13946,Asda Stores Ltd,£20.00,People,26/11/2021
5285,Amznmktplace,£17.49,People,26/11/2021
5737,Amznmktplace,£231.67,People,26/11/2021
7744,Amznmktplace,£32.49,People,26/11/2021
10123,Amznmktplace,£12.56,People,09/11/2021
14811,Stagecoach Service,£24.17,People,09/11/2021
32614,Bt.Com Business Bp,£175.58,People,09/11/2021
35135,Www.Coventry.Gov.Uk,-£22.00,People,09/11/2021
19311,Www.Mitaxis.Com,£355.00,People,15/11/2021
2071,Amznmktplace,£28.74,People,15/11/2021
15308,Stagecoach Service,£24.17,People,16/11/2021
49127,Hotel At Booking.Com,£54.17,People,16/11/2021
25916,Gen Register Office,£25.00,People,18/11/2021
15714,Stagecoach Service,£24.17,People,22/11/2021
21585,Gen Register Office,£11.67,People,26/11/2021
11791,Amznmktplace,£25.88,People,28/11/2021
11658,Rugby Bc Telpay,£79.97,People,15/11/2021
36968,Argos Ltd,£399.98,People,24/11/2021
37040,Argos Ltd,£198.95,People,24/11/2021
37593,Argos Ltd,£766.64,People,15/11/2021
30557,Lc & F Ltd,£916.67,People,18/11/2021
8652,Amazon.Co.Uk*339un0nw5,£99.99,Communities,17/11/2021
14367,E.On Energy Solutions,£383.27,Communities,24/11/2021
33635,Argos Ltd,£34.17,People,22/11/2021
11115,Coventry City Council,£77.03,People,23/11/2021
42422,Sainsburys S/mkts,£10.04,People,11/11/2021
21137,Premier Inn44024430,£77.50,People,24/11/2021
22742,B&m 074 - Newbold,£51.01,People,09/11/2021
24477,Starbucks,£10.55,People,09/11/2021
26018,Iceland,£18.20,People,09/11/2021
44663,McDonalds,£5.08,People,09/11/2021
27031,Starbucks,£4.17,People,10/11/2021
19727,Lidl Gb Leamington,£13.14,People,12/11/2021
3693,Thetrainline.Com,£69.41,People,12/11/2021
28647,Currys Online,£303.33,People,17/11/2021
28655,Currys Online,£512.48,People,17/11/2021
7792,Www.Beds.Co.Uk,£274.17,People,17/11/2021
29406,Sump,£8.49,People,18/11/2021
8630,Trainline.Com,£69.41,People,19/11/2021
22715,Costa Coffee 43044395,£5.60,People,23/11/2021
18474,Dreams Ltd,£166.67,People,24/11/2021
7566,Thetrainline.Com,£69.41,People,24/11/2021
19224,Hm Passport Office,£75.50,People,25/11/2021
23592,Dunelm,£54.17,People,25/11/2021
831,Debenhams.Com,£21.32,People,25/11/2021
16721,Asda Stores Ltd,£30.00,People,30/11/2021
8903,Ebay Commerce UK Ltd,£19.99,Fire and Rescue,24/11/2021
1477,The Outdoors Company,£51.08,Communities,09/11/2021
4300,The Outdoors Company,£122.79,Communities,16/11/2021
22306,Viking Uk,£383.90,Communities,20/11/2021
4706,Amznmktplace,£43.32,People,10/11/2021
11833,British Gas Otp,£15.00,People,12/11/2021
16207,Asda George Com Leeds,£339.96,People,12/11/2021
25568,Tu At Sainsburys,£186.62,People,12/11/2021
32775,Robert Dyas Holdng Ltd,£154.00,People,12/11/2021
5088,Savers Health & Beauty,£31.82,People,12/11/2021
5099,Savers Health & Beauty,£32.64,People,12/11/2021
784,Sportsdirect.Com,£83.32,People,12/11/2021
9483,Argos Ltd,-£36.62,People,12/11/2021
9531,Argos Ltd,£36.62,People,12/11/2021
11356,Sainsburys S/mkt,£120.00,People,13/11/2021
11360,Sainsburys S/mkt,£266.54,People,13/11/2021
11591,Poundland Ltd 1555,£4.17,People,14/11/2021
11858,Sportsdirect 777,£21.67,People,14/11/2021
5985,Savers Health & Beauty,£8.33,People,14/11/2021
5989,Savers Health & Beauty,£3.29,People,14/11/2021
29001,Pepes Piri Piri,£19.97,People,15/11/2021
33049,Tu At Sainsburys,£256.62,People,15/11/2021
12823,Amznmktplace Amazon.Co,£66.58,People,16/11/2021
35282,Argos Ltd,£36.62,People,16/11/2021
49050,Amzn Mktp Uk,-£29.86,People,16/11/2021
20166,Wp-Warwickshire Co,£11.00,People,17/11/2021
29059,Currys Online,£240.83,People,18/11/2021
38075,Argos Ltd,£102.46,People,18/11/2021
38479,Matalan.Co.Uk,£125.00,People,18/11/2021
41039,Argos Ltd,£25.00,People,18/11/2021
44940,Sainsburys S/mkt,£108.33,People,18/11/2021
13467,Asda Stores Ltd,£20.00,People,19/11/2021
22893,Currys Online,"£1,037.50",People,19/11/2021
3253,Ebay Commerce UK Ltd,£67.41,People,19/11/2021
4432,Amznmktplace,£88.50,People,21/11/2021
15300,Savers Health & Beauty,£6.39,People,22/11/2021
26829,Timpson Ltd,£14.00,People,22/11/2021
28682,British Gas Otp,£10.00,People,22/11/2021
28946,People Express Tax,£9.00,People,23/11/2021
28949,People Express Tax,£9.00,People,23/11/2021
39291,Booker Limited Warwick,£37.96,People,29/11/2021
39291,Booker Limited Warwick,£12.77,People,29/11/2021
40674,Www.Therange.Co.Uk,-£141.66,People,29/11/2021
29831,Travelodge Gb0000,£111.66,People,30/11/2021
35376,Argos Ltd,£194.13,People,30/11/2021
40749,Argos Ltd,£565.57,People,30/11/2021
4193,Birmingham Metropo,£15.00,People,30/11/2021
45898,Booker Limited Warwick,-£6.78,People,30/11/2021
45898,Booker Limited Warwick,-£21.97,People,30/11/2021
12617,Fake Food Workshop,£159.60,Resources,09/11/2021
23268,Www.Sassandbelle.Co.Uk,£43.00,Resources,10/11/2021
23271,Www.Museumselection.Co,£39.96,Resources,10/11/2021
28517,Dunelm,£15.79,Resources,10/11/2021
13408,Christmas Direct,£210.82,Resources,11/11/2021
21713,Wf *wayfair3663933754,£64.15,Resources,11/11/2021
2683,Ebay Commerce UK Ltd,£25.00,Resources,11/11/2021
3883,Sp * Prestige Wicker,£65.00,Resources,11/11/2021
7385,Amznmktplace,£32.02,Resources,11/11/2021
12358,Amazon.Co.Uk*m22zl6o15,£15.40,Resources,16/11/2021
21403,Www.Cowlingandwilcox.C,£12.07,Resources,17/11/2021
8146,Amazon.Co.Uk*hb6ni2m55,£22.49,Resources,17/11/2021
9561,Amznmktplace,£59.97,Resources,17/11/2021
30039,Dunelm Ltd,£11.67,Resources,18/11/2021
6667,Amznmktplace,£6.91,Resources,18/11/2021
17352,Amazon.Co.Uk*ou2bw2v65,£9.15,Resources,24/11/2021
23705,Halfords On Line,£162.50,People,11/11/2021
34342,Currys Retail Online,£17.99,People,18/11/2021
18915,The Light House,£33.33,People,25/11/2021
24045,Currys Stratford Up,£84.98,People,30/11/2021
34046,Green Bean,£9.70,Communities,12/11/2021
3801,Amznmktplace,£3.32,Communities,12/11/2021
4256,Amazon.Co.Uk*3e7i32cb5,£14.99,Communities,14/11/2021
37197,W M Morrisons.Com,£17.54,Communities,17/11/2021
37197,W M Morrisons.Com,£38.38,Communities,17/11/2021
20861,Amznmktplace,£9.72,Communities,23/11/2021
12515,Amznmktplace,£5.10,Communities,29/11/2021
13292,Amznmktplace,£14.54,Communities,29/11/2021
25584,Amznmktplace,£15.42,Communities,29/11/2021
26859,Timpson Ltd,£29.17,Resources,22/11/2021
37380,Ao Retail Limited,£665.00,People,10/11/2021
5926,Caffe Nero Leamington,£2.98,People,11/11/2021
10561,Amznmktplace Amazon.Co,£39.81,People,15/11/2021
14093,Ikea Ltd Shop Online,£647.50,People,15/11/2021
10526,Amznmktplace Amazon.Co,£28.32,People,16/11/2021
11267,Amznmktplace Amazon.Co,£11.66,People,16/11/2021
11485,Amznmktplace Amazon.Co,£45.82,People,16/11/2021
11509,Amznmktplace Amazon.Co,£12.49,People,16/11/2021
12827,Amznmktplace Amazon.Co,£4.16,People,16/11/2021
9986,Amznmktplace Amazon.Co,£33.32,People,16/11/2021
406,Amznmktplace,£232.50,People,17/11/2021
915,Amznmktplace,£290.83,People,19/11/2021
13359,Prodirectsoccer,£49.58,People,26/11/2021
181,Sportsdirect.Com,£64.98,People,26/11/2021
22314,Www.Justkeepers.Com,£30.83,People,26/11/2021
3796,Saviour Gk,£43.79,People,26/11/2021
37723,Argos Ltd,£169.12,People,10/11/2021
35443,Www.Coventry.Gov.Uk,£73.46,People,24/11/2021
7457,Thetrainline.Com,£17.28,Resources,10/11/2021
13918,Trainline.Com,£17.24,Resources,16/11/2021
3142,Thetrainline.Com,£6.31,Resources,19/11/2021
1281,Thetrainline.Com,£17.24,Resources,24/11/2021
4327,Montague Storage,£75.00,Resources,30/11/2021
13740,Wp-Warwickshire Co,£11.00,Resources,09/11/2021
12747,Wp-Warwickshire Co,£11.00,Resources,10/11/2021
35079,Www.Moneyclaim.Gov,£83.00,Resources,11/11/2021
34456,Www.Gov.Uk,£1.50,Resources,16/11/2021
16634,Amznmktplace,£21.66,Resources,18/11/2021
1362,Amazon.Co.Uk*ac53m6pa5,£12.48,Resources,25/11/2021
3935,Westminster Insight,£270.00,Resources,29/11/2021
5614,Mithaas,£6.25,People,11/11/2021
6615,Puregym Limited,£161.66,People,12/11/2021
8621,West Midlands Trav,£15.00,People,13/11/2021
13616,Enterprise Workwear Lt,£21.58,People,18/11/2021
41227,B & Q 1157,£3.00,People,18/11/2021
20697,Halfords 0574,£5.83,People,19/11/2021
36708,Sportsdirect 309,£25.82,People,19/11/2021
22087,Starbucks,£3.86,People,22/11/2021
29182,Brunswick Stores Limit,£100.00,People,25/11/2021
29659,West Midlands Trav,£15.00,People,29/11/2021
34326,Argos Ltd,£74.12,People,29/11/2021
18576,Tesco Stores 5504,£52.00,People,25/11/2021
27238,Currys Online,£179.00,People,30/11/2021
28522,Amazon.Co.Uk*e189u9545,£6.66,Resources,16/11/2021
1008,Nominet Uk,£7.80,Resources,22/11/2021
16758,Amznmktplace,£49.17,Communities,18/11/2021
27027,Ppl Prs Ltd,"£1,368.21",Communities,19/11/2021
44496,Amznmktplace,£20.75,Communities,19/11/2021
7476,Bhgmarine,£111.95,Communities,24/11/2021
21786,Tyre Fit Auto Ltd,£250.00,Communities,30/11/2021
12086,Amznmktplace,£5.74,People,17/11/2021
36874,Highstreetvouchers,£100.00,People,17/11/2021
7907,Dunelm (Soft Furnishin,£60.00,Communities,13/11/2021
22013,Www.Tudorenvironmental,£161.98,Communities,18/11/2021
44613,Amznmktplace,£13.28,Communities,19/11/2021
7164,Amznmktplace,£6.62,Communities,19/11/2021
12181,Watkins & Doncaster,£184.15,Communities,26/11/2021
5190,Amazon.Co.Uk*lf6fw9tb5,£18.72,Communities,14/11/2021
5207,Amazon.Co.Uk*ke3cz2do5,£36.57,Communities,14/11/2021
7921,Amznmktplace,£120.21,Communities,15/11/2021
3674,Bp Budbrooke Services,£33.25,Communities,16/11/2021
900,Ncs Vue Wamitab Test,£147.00,Communities,22/11/2021
933,Ncs Vue Wamitab Test,£147.00,Communities,22/11/2021
3521,Amznmktplace,£38.15,Communities,23/11/2021
10509,Amznmktplace,£13.08,Communities,24/11/2021
10509,Amznmktplace,£26.17,Communities,24/11/2021
10509,Amznmktplace,£13.08,Communities,24/11/2021
2440,Amazon.Co.Uk*dw93p5g35,£27.27,Communities,25/11/2021
17995,Cartridge Save,£99.97,Communities,26/11/2021
5748,Www.Risedm* Diamond Bu,£680.00,Communities,11/11/2021
13051,Amznmktplace,£17.47,Communities,15/11/2021
4072,Amznmktplace,£10.41,Communities,13/11/2021
4965,Value Products Ltd,£24.55,Communities,13/11/2021
7568,Amznmktplace,£6.98,Communities,13/11/2021
11319,Screwfix Direct,£6.19,Communities,14/11/2021
18657,Cavagna Group UK Limit,£80.62,Communities,16/11/2021
4079,Amznmktplace,£8.12,Communities,16/11/2021
21439,Grangewood Fencing Sup,£9.82,Communities,24/11/2021
165,Sp * First Mats Ltd,£189.00,Communities,28/11/2021
97,Sp * First Mats Ltd,£108.75,Communities,28/11/2021
41865,Screwfix Dir Ltd,£28.32,Communities,30/11/2021
47954,McDonalds 1620 / Warwi,£7.67,People,17/11/2021
48945,McDonalds 1620 / Warwi,£8.58,People,24/11/2021
41158,McDonalds 521,£6.92,People,29/11/2021
8443,Hilltop Garden Centre,£3.33,People,09/11/2021
18030,Tesco-Stores 6276,£1.50,People,18/11/2021
41917,Kfc Rugby Drive Thru,£1.29,People,18/11/2021
41917,Kfc Rugby Drive Thru,£1.33,People,18/11/2021
115,Hilltop Garden Centre,£1.25,People,23/11/2021
115,Hilltop Garden Centre,£2.99,People,23/11/2021
16716,Tesco-Stores 6276,£2.15,People,25/11/2021
16716,Tesco-Stores 6276,£0.83,People,25/11/2021
19376,Kunis Coffee,£4.30,People,29/11/2021
2771,Hilltop Garden Centre,£2.99,People,30/11/2021
2771,Hilltop Garden Centre,£1.25,People,30/11/2021
18780,Hm Land Registry - Onl,£6.00,Communities,25/11/2021
18784,Hm Land Registry - Onl,£6.00,Communities,25/11/2021
18788,Hm Land Registry - Onl,£6.00,Communities,25/11/2021
4644,Amazon.Co.Uk*bi3hj6ah5,£9.98,Resources,22/11/2021
24032,Www.Aat-Org.Uk,£167.00,Resources,24/11/2021
31882,Www.Cipfa.Org.Uk,£343.50,Resources,25/11/2021
31885,Www.Cipfa.Org.Uk,£343.50,Resources,25/11/2021
31888,Www.Cipfa.Org.Uk,£343.50,Resources,25/11/2021
31891,Www.Cipfa.Org.Uk,£343.50,Resources,25/11/2021
31894,Www.Cipfa.Org.Uk,£166.50,Resources,25/11/2021
31897,Www.Cipfa.Org.Uk,£343.50,Resources,25/11/2021
31900,Www.Cipfa.Org.Uk,£343.50,Resources,25/11/2021
25587,Amznmktplace,£20.82,Communities,15/11/2021
45646,St John Ambulance,£230.00,Communities,16/11/2021
3377,Amazon.Co.Uk*gk96n4045,£32.66,Communities,22/11/2021
35172,Www.Coventry.Gov.Uk,£11.00,People,11/11/2021
13810,Hotel At Booking.Com,"-£1,353.33",People,14/11/2021
11553,Artsanauklt,£40.00,People,16/11/2021
50343,Hotel At Booking.Com,£758.27,People,17/11/2021
41059,Argos Ltd,£58.33,People,18/11/2021
17470,Hm Passport Office,£54.00,People,19/11/2021
12472,Amazon.Co.Uk*ca90r55w5,£34.98,People,22/11/2021
8553,Trainline.Com,£74.19,People,29/11/2021
40758,The Garden Shed Cafe,£6.50,People,10/11/2021
23029,Starbucks,£6.44,People,15/11/2021
50910,Adobe Dw Creative Cld,£12.64,Resources,30/11/2021
14860,Amazon.Co.Uk*a201k6u95,£26.17,Communities,10/11/2021
16267,Ashorne Hill Mgt Colle,£224.00,Communities,15/11/2021
49914,Facebk *rjw289bep2,£450.00,Resources,09/11/2021
39868,Snap Inc Snap Snap Ads,£23.35,Resources,10/11/2021
6718,Snap Inc Snap Snap Ads,£2.78,Resources,10/11/2021
1390,Snap Inc Snap Snap Ads,£25.83,Resources,11/11/2021
2931,Snap Inc Snap Snap Ads,£30.99,Resources,12/11/2021
2726,Snap Inc Snap Snap Ads,£29.70,Resources,13/11/2021
3281,Snap Inc Snap Snap Ads,£35.85,Resources,14/11/2021
43899,Facebk *b5e6rafep2,£450.00,Resources,15/11/2021
7582,Snap Inc Snap Snap Ads,£36.30,Resources,15/11/2021
75,Paypal *lgcomms2018,£500.00,Resources,16/11/2021
8722,Snap Inc Snap Snap Ads,£24.35,Resources,16/11/2021
11130,Snap Inc Snap Snap Ads,£30.82,Resources,17/11/2021
11133,Snap Inc Snap Snap Ads,£27.20,Resources,17/11/2021
11745,Snap Inc Snap Snap Ads,£19.88,Resources,17/11/2021
11787,Snap Inc Snap Snap Ads,£30.44,Resources,17/11/2021
7362,Snap Inc Snap Snap Ads,£16.99,Resources,17/11/2021
43062,Google Ads2789853021,£400.00,Resources,22/11/2021
2404,Snap Inc Snap Snap Ads,£7.74,Resources,24/11/2021
2524,Snap Inc Snap Snap Ads,£19.90,Resources,25/11/2021
3641,Snap Inc Snap Snap Ads,£25.63,Resources,26/11/2021
1804,Snap Inc Snap Snap Ads,£18.90,Resources,27/11/2021
4292,Snap Inc Snap Snap Ads,£21.94,Resources,28/11/2021
6678,Snap Inc Snap Snap Ads,£25.10,Resources,29/11/2021
1839,Snap Inc Snap Snap Ads,£20.21,Resources,30/11/2021
51125,Facebk *jf7yq9xep2,£274.27,Resources,30/11/2021
51548,Apple.Com/Bill,£2.07,Resources,30/11/2021
29480,M6 Toll,£5.83,People,09/11/2021
40053,M6 Toll,£5.83,People,10/11/2021
40032,Www.Britishgas.Co.,£333.33,People,15/11/2021
43142,Www.Britishgas.Co.,£83.32,People,17/11/2021
43150,Www.Britishgas.Co.,£129.27,People,17/11/2021
44934,Ikea Ltd 142 Birmingha,£104.17,People,23/11/2021
23113,Asda Superstore,£25.34,People,26/11/2021
18224,Stagecoach Bus,£6.83,People,29/11/2021
8605,Trainline.Com,£25.81,People,29/11/2021
17748,Tesco Stores 2328,£9.44,People,30/11/2021
28395,Asda Superstore,£6.82,People,30/11/2021
28399,Asda Superstore,£6.67,People,30/11/2021
11831,Amazon.Co.Uk*s68k91jd5,£22.48,People,15/11/2021
26830,Cilip,£30.00,People,23/11/2021
11878,Paypal *amseduc,£30.75,People,30/11/2021
15413,Amazon.Co.Uk*oi1pb1605,£16.92,People,30/11/2021
45669,Pts,£118.00,People,30/11/2021
7819,Mpd - Birmingham 81,£33.57,Communities,09/11/2021
32785,Marshall Fleet,£111.99,Communities,15/11/2021
19314,123 Reg Ltd,£1.00,Resources,15/11/2021
3212104381,,£4.08,Resources,17/11/2021
55403,Mailchimp,£526.22,Resources,17/11/2021
56324,Optimal Workshop,£148.47,Resources,17/11/2021
13602,Atlassian,£7.53,Resources,28/11/2021
3332218411,,£0.25,Resources,29/11/2021
11228,Amznmktplace Amazon.Co,£12.46,People,30/11/2021
42911,Hilton Hotels,-£92.65,Resources,15/11/2021
3162118306,,£0.70,Communities,12/11/2021
58117,Virtualinout.Com,£25.31,Communities,12/11/2021
7885,Amz*evaq8 Co Uk,£220.00,Resources,26/11/2021
4509,Amazon.Co.Uk*kg9mn9ls5,£63.17,Resources,30/11/2021
4804,Amazon.Co.Uk*429mk1cc5,£63.17,Resources,30/11/2021
4839,Amazon.Co.Uk*hk7cj23g5,£63.17,Resources,30/11/2021
3895,Central Taxis Warks,£27.07,People,27/11/2021
12334,Costa Coffee Rugby 2,£6.58,People,10/11/2021
36451,Argos Ltd,£102.46,People,11/11/2021
21196,B&m 074 - Newbold,£16.67,People,12/11/2021
14619,Rugby Bc Telpay,£333.33,People,16/11/2021
22807,Costa Coffee,£6.54,People,17/11/2021
31210,"Moto Rugby, Costa",£7.08,People,18/11/2021
15007,Tesco-Stores 6473,£3.50,People,22/11/2021
24283,Asda Superstore,£37.98,People,22/11/2021
34286,British Gas Otp,£124.92,People,25/11/2021
30990,Nuneaton Stn Sst,£5.17,People,26/11/2021
4943,Amazon.Co.Uk*1g71k5jc5,£195.80,Communities,26/11/2021
13712,Amznmktplace,£17.47,Communities,29/11/2021
44,Amznmktplace,£11.24,Communities,29/11/2021
6359,Amznmktplace,£22.49,Communities,29/11/2021
11154,Liverpool University P,£58.33,Communities,25/11/2021
36989,Dvla Driver Online,£20.00,People,16/11/2021
40694,Sainsburys S/Mkts,£1.00,Communities,09/11/2021
36341,Party Creations,£5.98,Communities,22/11/2021
21412,Tesco Store 3370,£2.00,Communities,24/11/2021
16788,Asda Groceries Online,£43.13,People,09/11/2021
18475,Asda George Com Leeds,£93.75,People,10/11/2021
28011,Www.Johnlewis.Com,£166.66,People,12/11/2021
8197,Www.Johnlewis.Com,£166.66,People,12/11/2021
10090,Www.Johnlewis.Com,£166.66,People,18/11/2021
27159,Ao Retail Limited,£602.50,People,19/11/2021
11919,Amazon.Co.Uk*hq6ih3s95,£17.56,People,28/11/2021
13497,Www Anyvan Com,£196.67,People,28/11/2021
10591,Amznmktplace Amazon.Co,£22.47,People,30/11/2021
22385,Www.Connevans.Com,£149.17,People,30/11/2021
26921,Currys Online,£16.66,People,30/11/2021
1528,Puregym Limited,£67.49,People,22/11/2021
11112,Hm Passport Office,£80.50,People,29/11/2021
19498,Www.Hxpayments.Com,£45.82,People,30/11/2021
45779,Easyjet 000k2r9s8z,£159.96,People,30/11/2021
17199,Canva Pty Limited,£99.99,People,20/11/2021
4538,Ncs*cima Vue Exam,£195.00,Resources,22/11/2021
12314,Amznmktplace,£59.17,Fire and Rescue,10/11/2021
11480,Www.Armstrongaviationc,£186.00,Fire and Rescue,22/11/2021
11278,Amznmktplace,£33.32,Fire and Rescue,29/11/2021
22690,Www.Plasticsheets.Com,£41.36,Communities,12/11/2021
4012,Safetysuppl,£355.35,Communities,12/11/2021
4634,Sp * Decoridea.Co.Uk,£23.50,Communities,12/11/2021
4411,Amznmktplace,£16.65,Communities,13/11/2021
7817,Safetysuppl,£329.00,Communities,18/11/2021
9915,Safetysuppl,-£2.85,Communities,19/11/2021
5707,Amznmktplace,£6.66,Communities,25/11/2021
12484,The University Of Shef,£140.00,Communities,26/11/2021
17212,Parcel2go.Com Ltd,£23.15,Communities,26/11/2021
7523,Amznmktplace,£25.63,Communities,28/11/2021
19118,Parcel2go.Com Ltd,£15.50,Communities,29/11/2021
35749,Wm Morrisons Store,£31.00,Fire and Rescue,12/11/2021
35753,Wm Morrisons Store,£6.30,Fire and Rescue,12/11/2021
18656,Www.Qualsafe.Com,£240.00,Fire and Rescue,25/11/2021
23600,The Garden Shed Cafe,£2.67,People,18/11/2021
31677,The Garden Shed Cafe,£2.67,People,25/11/2021
4444,Amazon.Co.Uk*yk8085s15,£17.71,People,13/11/2021
49531,Sq *strive To Succeed,£150.00,People,11/11/2021
41867,Amznmktplace,£24.66,Communities,12/11/2021
6514,Amazon.Co.Uk*d754r9pv5,£4.37,Communities,30/11/2021
37509,Tamworth Co-Op,£0.59,People,16/11/2021
45417,Wm Morrisons Store,£6.70,People,24/11/2021
35733,Wm Morrisons Store,£5.03,Fire and Rescue,12/11/2021
29529,Jacksons Of Old Arley,£66.65,Fire and Rescue,16/11/2021
43534,Www.Theworks.Co.Uk,£24.99,Fire and Rescue,17/11/2021
8436,Amznmktplace Amazon.Co,£33.95,Fire and Rescue,18/11/2021
19342,One Stop 1517,£1.35,Fire and Rescue,26/11/2021
47322,McDonalds 1565,£3.09,People,25/11/2021
9227,Amz*the Entertainer,£19.29,People,11/11/2021
21550,Saunders Club,£90.00,Fire and Rescue,17/11/2021
23213,Lidl Gb Nuneaton,£11.67,Fire and Rescue,22/11/2021
4873,Amznmktplace,£55.30,Fire and Rescue,23/11/2021
5398,Amznmktplace,£55.93,Fire and Rescue,23/11/2021
31806,Amznmktplace,£49.98,Fire and Rescue,24/11/2021
5811,Amz*vcry,-£55.93,Fire and Rescue,26/11/2021
12332,Trainline.Com,£10.36,People,09/11/2021
3854,Amznmktplace,£45.82,People,12/11/2021
40331,Hotel At Booking.Com,£149.33,People,12/11/2021
37589,Argos Ltd,£119.95,People,15/11/2021
30710,Travelodge Gb0000,£46.90,People,18/11/2021
412,Argos Ltd,£204.95,People,26/11/2021
866,Thetrainline.Com,£18.81,People,30/11/2021
12300,Trainline.Com,£37.01,People,09/11/2021
11082,Trainline.Com,£12.19,People,10/11/2021
11114,Trainline.Com,£11.69,People,10/11/2021
16804,Thetrainline.Com,£106.27,People,10/11/2021
37895,Argos Ltd,£144.12,People,10/11/2021
37899,Argos Ltd,£45.83,People,10/11/2021
11058,Trainline.Com,£40.97,People,11/11/2021
9344,Trainline.Com,-£5.70,People,14/11/2021
238,Thetrainline.Com,£11.70,People,15/11/2021
29530,Asda Stores 5757,£23.33,People,15/11/2021
11149,Thetrainline.Com,£50.24,People,17/11/2021
13894,Trainline.Com,£36.97,People,17/11/2021
7136,Thetrainline.Com,£141.01,People,18/11/2021
30585,Www.Planning.Co,£462.00,Resources,18/11/2021
30585,Www.Planning.Co,£23.33,Resources,18/11/2021
29768,Www.Cipfa.Org.Uk,£343.50,Resources,22/11/2021
35984,Acca,£270.00,Resources,22/11/2021
22658,Www.Aat-Org.Uk,£167.00,Resources,23/11/2021
22661,Www.Aat-Org.Uk,£167.00,Resources,23/11/2021
37531,Www.Cipfa.Org.Uk,£343.50,Resources,23/11/2021
43514,Grants Online,£15.00,Resources,23/11/2021
32515,Acca,£270.00,Resources,29/11/2021
14584,Amznmktplace,£8.16,Resources,23/11/2021
21349,Cartridgepeople.Com,£276.50,Resources,23/11/2021
30969,Cartridgepeople.Com,-£276.50,Resources,23/11/2021
20654,Cartridgepeople.Com,£67.42,Resources,25/11/2021
20660,Cartridgepeople.Com,£23.39,Resources,25/11/2021
17830,Cartridgepeople.Com,£276.50,Resources,26/11/2021
17836,Cartridgepeople.Com,£377.67,Resources,26/11/2021
7183,Paypal *nationalbio,£120.00,Communities,10/11/2021
43027,Hotel On Booking.Com,£64.89,Communities,13/11/2021
5957,Warwick Sports Limited,£22.49,Communities,13/11/2021
29779,Arco Limited (Ahpp),£56.49,Communities,16/11/2021
29779,Arco Limited (Ahpp),£17.20,Communities,16/11/2021
29779,Arco Limited (Ahpp),£21.17,Communities,16/11/2021
29779,Arco Limited (Ahpp),£18.24,Communities,16/11/2021
32046,Arco Limited (Ahpp),£49.49,Communities,22/11/2021
22752,Citrus Hotel Coventry,£220.00,Communities,09/11/2021
24046,Citrus Hotel Coventry,£293.33,Communities,30/11/2021
32722,Citrus Hotel Coventry,-£78.22,Communities,30/11/2021
45345,Booker Limited Tamwort,£64.89,Communities,09/11/2021
45345,Booker Limited Tamwort,£38.62,Communities,09/11/2021
37942,Bookerecomm,£61.08,Communities,19/11/2021
37942,Bookerecomm,£43.25,Communities,19/11/2021
46531,Booker Limited Tamwort,£35.74,Communities,24/11/2021
46531,Booker Limited Tamwort,£56.34,Communities,24/11/2021
34635,Bookerecomm,£86.15,Communities,26/11/2021
34635,Bookerecomm,£8.99,Communities,26/11/2021
18714,David Musson Fencing,£397.20,Communities,30/11/2021
26135,Www.Fta.Co.Uk,£63.09,Communities,11/11/2021
362,Autodata Ltd,"£1,428.00",Communities,12/11/2021
1934,My Car Keys,£195.00,Communities,15/11/2021
4233,Amznmktplace,£124.92,Communities,19/11/2021
284,Replacement Keys Ltd,£7.46,Communities,22/11/2021
23824,Www.Fta.Co.Uk,£258.50,Communities,24/11/2021
2693,Arbury Skoda,£123.09,Communities,29/11/2021
34376,Www.Cimaglobal.Com,£123.00,Resources,24/11/2021
34384,Www.Cimaglobal.Com,£306.00,Resources,24/11/2021
38839,Www.Cipfa.Org.Uk,£166.50,Resources,24/11/2021
32481,Www.Cipfa.Org.Uk,£166.50,Resources,30/11/2021
717,Theory Test Pro,£7.50,Fire and Rescue,23/11/2021
33571,Argos Ltd,£24.12,Resources,22/11/2021
3929,Amznmktplace,£16.66,Resources,25/11/2021
8022,Amznmktplace,£83.33,Communities,19/11/2021
4307,Amazon.Co.Uk*4d3z372m5,£123.28,Communities,20/11/2021
6996,Safetysuppl,£43.55,Communities,23/11/2021
41398,Sainsburys S/mkts,£10.85,Resources,09/11/2021
16246,Amznmktplace,£128.28,Resources,23/11/2021
6259,Amznmktplace,£12.46,Fire and Rescue,09/11/2021
4801,Amazon.Co.Uk*x026n38j5,£10.82,Fire and Rescue,19/11/2021
24194,Richards Hose Limited,£70.00,Fire and Rescue,24/11/2021
15166,Amazon.Co.Uk*ei2ce04a5,£129.15,Fire and Rescue,25/11/2021
35036,Hmcourts-Service.G,£81.00,People,26/11/2021
35076,Hmcourts-Service.G,£81.00,People,26/11/2021
3405,Simple Storage Solutio,£140.00,People,10/11/2021
39636,Surveymonkey,£372.00,People,12/11/2021
466,Www.Anyvan.Com,£359.88,People,29/11/2021
3440,Central Buildings And,£137.50,Communities,10/11/2021
17621,Asda Stores Ltd,£20.00,Communities,16/11/2021
49466,Www Anyvan Com,£95.83,Communities,17/11/2021
51258,Www Anyvan Com,£21.64,Communities,18/11/2021
4020,Amznmktplace Amazon.Co,£13.79,Communities,21/11/2021
19412,Www.Printerinks.Com,£49.57,Communities,12/11/2021
23203,The Royal British Lego,£18.50,Communities,18/11/2021
29861,The Makaton Charit,£97.22,People,09/11/2021
19302,Epay.Ed.Ac.Uk,£30.00,People,16/11/2021
34440,Gnresound.Co.Uk,£183.33,People,16/11/2021
29978,The Makaton Charit,£66.67,People,23/11/2021
10147,Paypal *schooldevel,£79.17,People,30/11/2021
16417,Thetrainline.Com,£131.96,Communities,10/11/2021
31453,Coventry Car Park,£10.00,Communities,10/11/2021
32366,Sumup *abdi Taxi,£22.55,Communities,16/11/2021
30474,Gear4music,£249.17,Resources,09/11/2021
10976,Amznmktplace Amazon.Co,£15.75,Resources,10/11/2021
15896,Amznmktplace,£216.67,Resources,10/11/2021
23953,Nearway Driver Trainin,£452.50,Resources,11/11/2021
23953,Nearway Driver Trainin,£152.00,Resources,11/11/2021
7148,Amznmktplace,£4.75,Resources,19/11/2021
21434,C2e798700692g Ukvi,"£3,199.00",Resources,12/11/2021
48488,"Formstack, Llc",£79.78,Resources,29/11/2021
3342105156,,£2.19,Resources,30/11/2021
50126,Apple.Com/Uk,£44.83,Resources,09/11/2021
14211,Apple.Com/Uk,-£44.83,Resources,20/11/2021
29687,Co-Op Group Food,£19.24,People,19/11/2021
35225,Homebase Ltd,£11.25,People,30/11/2021
18232,Amazon.Co.Uk*9u8jz5pf5,£196.27,Communities,29/11/2021
26892,Higham Lane Food & Win,£2.76,People,22/11/2021
7636,Post Office Counter,£4.85,People,22/11/2021
29677,Asda Stores 5757,£16.67,People,10/11/2021
5235,Caffe Nero Nuneaton,£2.62,People,30/11/2021
7567,Amznmktplace,£17.41,Communities,12/11/2021
37534,Robert Dyas Holdng Ltd,£16.66,Communities,23/11/2021
12602,Amazon.Co.Uk*629ds57n5,£12.32,Communities,29/11/2021
24462,Halfords On Line,£285.71,People,11/11/2021
24466,Halfords On Line,£28.57,People,11/11/2021
3614,Post Office Counter,£2.25,People,14/11/2021
48066,Hotel At Booking.Com,£59.11,People,23/11/2021
34375,Www.Nisbets.Com,£129.98,Communities,11/11/2021
34384,Www.Instantprint.C,£88.05,Communities,23/11/2021
35117,Www.Coventry.Gov.Uk,-£11.00,Resources,09/11/2021
26499,Gen Register Office,£11.00,Resources,10/11/2021
33505,Www.Coventry.Gov.Uk,£11.00,Resources,10/11/2021
19487,Wp-Warwickshire Co,£11.00,Resources,11/11/2021
35148,Www.Coventry.Gov.Uk,£11.00,Resources,11/11/2021
40377,Westminster City Counc,£16.00,Resources,11/11/2021
13111,Wp-Warwickshire Co,£11.00,Resources,12/11/2021
22547,Gen Register Office,£22.00,Resources,15/11/2021
29219,Www.Coventry.Gov.Uk,£11.00,Resources,15/11/2021
29222,Www.Coventry.Gov.Uk,£11.00,Resources,15/11/2021
29225,Www.Coventry.Gov.Uk,£11.00,Resources,15/11/2021
25700,Gen Register Office,£11.00,Resources,17/11/2021
26069,Gen Register Office,£44.00,Resources,18/11/2021
26073,Gen Register Office,£11.00,Resources,18/11/2021
14243,Wp-Warwickshire Co,£11.00,Resources,19/11/2021
13011,Wp-Warwickshire Co,£11.00,Resources,23/11/2021
37500,City Of Wolverhampton,£16.00,Resources,23/11/2021
10950,Wp-Warwickshire Co,£11.00,Resources,26/11/2021
10151,Wp-Warwickshire Co,£11.00,Resources,29/11/2021
22531,Gen Register Office,£11.00,Resources,29/11/2021
7156,Gen Register Office,-£11.00,Resources,29/11/2021
46017,The Institution Of Fir,£136.00,Fire and Rescue,17/11/2021
30213,Regency Taxis,£65.00,People,10/11/2021
19220,Hm Passport Office,£75.50,People,25/11/2021
2491,Puregym Limited,£165.99,People,25/11/2021
31599,Www.Coventry.Gov.Uk,£11.00,People,25/11/2021
6766,Www.Beds.Co.Uk,£190.83,People,30/11/2021
24575,Travelodge Gb0000,£114.20,People,19/11/2021
19932,Enterprise Rent A Car,£60.28,People,11/11/2021
17402,Enterprise Rent A Car,£37.73,People,12/11/2021
17405,Enterprise Rent A Car,£54.84,People,12/11/2021
17422,Enterprise Rent A Car,£54.84,People,12/11/2021
11305,Thetrainline.Com,£12.20,People,17/11/2021
20790,De Vere Staverton Esta,£79.11,People,17/11/2021
19873,Enterprise Rent,£28.92,People,18/11/2021
30579,Travelodge Gb0000,£213.30,People,18/11/2021
30579,Travelodge Gb0000,£3.99,People,18/11/2021
5253,Enterprise Rent A Car,£25.22,People,20/11/2021
7101,Thetrainline.Com,£79.48,People,22/11/2021
8021,Trainline.Com,£10.78,People,22/11/2021
19903,Enterprise Rent A Car,£24.55,People,23/11/2021
19906,Enterprise Rent A Car,£32.19,People,23/11/2021
20834,Enterprise Rent A Car,-£24.32,People,23/11/2021
23806,Premier Inn44028215,£37.33,People,23/11/2021
20837,Enterprise Rent A Car,£29.67,People,24/11/2021
15828,Enterprise Rent A Car,£27.72,People,26/11/2021
6967,Thetrainline.Com,£13.93,People,26/11/2021
9790,Premier Inn44015160,£53.33,People,26/11/2021
6048,Enterprise Rent A Car,£76.10,People,27/11/2021
6051,Enterprise Rent A Car,-£37.62,People,27/11/2021
6087,Enterprise Rent A Car,£49.34,People,27/11/2021
8577,Trainline.Com,£10.78,People,29/11/2021
3526,Thetrainline.Com,£79.48,People,30/11/2021
5091,Intelligence Analysis,£227.00,Communities,24/11/2021
392,Argos Ltd,£127.45,Communities,26/11/2021
24447,Arco Limited (Ahpp),£14.99,Communities,11/11/2021
18987,Www.Aat-Org.Uk,£167.00,Communities,22/11/2021
26242,Coventry T/O,£6.90,People,15/11/2021
37601,Argos Ltd,£119.96,People,15/11/2021
17835,Tesco Gift Card,£15.00,People,16/11/2021
44433,City Cars Glasgow,£500.00,People,16/11/2021
11388,Post Office Counter,£21.12,People,17/11/2021
36176,Www.Ucas.Com,£26.50,People,17/11/2021
47881,McDonalds 931,£9.68,People,17/11/2021
22751,Costa Coffee 43040635,£3.20,People,23/11/2021
28578,Adsa Stores Ltd 4231,£28.97,People,23/11/2021
3302,Amazon Prime*l51oa9ee5,£7.99,People,27/11/2021
33715,Kfc Nuneaton North Dt,£0.27,People,09/11/2021
33719,Kfc Nuneaton North Dt,£6.30,People,09/11/2021
103,Kings Will Dream Order,£69.12,People,13/11/2021
7644,Www.Wmca.Org.Uk,£92.00,People,13/11/2021
22169,Amznmktplace,£36.64,People,24/11/2021
37553,Argos Ltd,£234.12,People,15/11/2021
4530,Silver Street Cafe,£8.18,People,18/11/2021
27067,Marks&spencer Plc,£3.76,People,24/11/2021
14637,Disclosure & Barring,£13.00,Communities,11/11/2021
14641,Disclosure & Barring,£13.00,Communities,11/11/2021
15985,Tesco Store 3370,£35.69,Communities,19/11/2021
12862,Disclosure & Barring,£13.00,Communities,23/11/2021
15181,Amznmktplace,£21.57,Communities,11/11/2021
21848,Cartridge Save,£28.89,Communities,11/11/2021
34070,Picturesque,£65.00,Communities,12/11/2021
5482,Posturite Ltd,£104.10,Communities,12/11/2021
5287,Amznmktplace,£58.32,Communities,14/11/2021
20378,Amazon.Co.Uk*ai7ly29l5,£11.51,Communities,16/11/2021
5331,Amznmktplace,£7.49,Communities,18/11/2021
2603,Amznmktplace,£20.98,Communities,22/11/2021
14835,Amznmktplace,£12.99,Communities,23/11/2021
38862,Www.Theworks.Co.Uk,£15.00,Communities,29/11/2021
13207,Boohoo.Com,£88.32,Resources,09/11/2021
26422,Currys Online,£166.66,Resources,09/11/2021
32542,Jd Sports Internet,£35.82,Resources,09/11/2021
12680,Stagecoach Service,£93.00,Resources,10/11/2021
36407,Argos Ltd,£158.32,Resources,11/11/2021
10431,Amazon.Co.Uk*3c6zo6wy5,£21.56,Resources,15/11/2021
10431,Amazon.Co.Uk*3c6zo6wy5,£3.90,Resources,15/11/2021
10431,Amazon.Co.Uk*3c6zo6wy5,£5.81,Resources,15/11/2021
22615,Marks&spencer Plc,£70.00,Resources,15/11/2021
35370,Argos Ltd,£57.45,Resources,16/11/2021
5907,Blacks Outdoor Retail,£28.49,Resources,16/11/2021
12979,Rugby Bareboards Trust,£90.00,Resources,23/11/2021
37044,Argos Ltd,£58.32,Resources,24/11/2021
17483,T K Maxx,£49.99,Resources,25/11/2021
25306,Matalan.Co.Uk,£55.83,Resources,26/11/2021
18706,Next Directory,£57.49,Resources,30/11/2021
3614,Paradise Carpets Furni,£250.00,Resources,30/11/2021
3041,Amznmktplace Amazon.Co,£9.90,Resources,12/11/2021
3574,Amazon.Co.Uk*5h8vr3f85,£15.86,Resources,13/11/2021
9515,Amznmktplace Amazon.Co,£9.17,Resources,15/11/2021
8997,Nuneaton Carpet Centre,£245.83,Resources,23/11/2021
35722,Www.Cipfa.Org.Uk,£343.50,Resources,10/11/2021
15140,Www.Local.Gov.Uk,£495.00,Resources,23/11/2021
23741,Premier Inn44034360,-£89.33,Resources,29/11/2021
15771,Amazon.Co.Uk*ms7zc3u75,£12.48,Resources,23/11/2021
1292,Amznmktplace,£183.48,Resources,24/11/2021
12728,Amznmktplace,£34.99,Resources,26/11/2021
7977,Amznmktplace,£83.32,Resources,26/11/2021
1044,Amazon.Co.Uk*ql4sv9wz5,£87.49,Resources,30/11/2021
19842,Www.Cgpbooks.Co.Uk,£80.00,Communities,15/11/2021
19845,Www.Cgpbooks.Co.Uk,£9.65,Communities,15/11/2021
27598,Royal Mail Online Shop,£376.00,Communities,17/11/2021
15110,Amznmktplace,£25.00,Communities,18/11/2021
4365,Amznmktplace,£35.82,Communities,22/11/2021
12935,Amznmktplace Amazon.Co,£13.12,Communities,23/11/2021
26678,Royal Mail Online Shop,£99.50,Communities,23/11/2021
25237,Amznmktplace,£19.13,Communities,29/11/2021
52372,Etsy,£41.74,Resources,24/11/2021
25559,Amznmktplace,£12.14,Resources,29/11/2021
17714,Www.Local.Gov.Uk,£990.00,Fire and Rescue,09/11/2021
6568,Paypal *silverbirch,£43.71,Fire and Rescue,23/11/2021
7771,Amznmktplace,£33.90,Fire and Rescue,26/11/2021
10666,Hobbycraft Trading Lim,£114.31,Communities,19/11/2021
10669,Hobbycraft Trading Lim,£406.52,Communities,19/11/2021
14863,Amazon.Co.Uk*ul6c79sj5,£146.79,Communities,11/11/2021
15135,Amazon.Co.Uk*oj7i13lb5,£5.94,Communities,11/11/2021
15237,Amazon.Co.Uk*3t0o73tm5,£20.30,Communities,11/11/2021
15498,Amazon.Co.Uk*rf0aq6hq5,£70.28,Communities,11/11/2021
5311,Amazon.Co.Uk*bm17y3rn5,£5.99,Communities,12/11/2021
12702,Amznmktplace,£12.33,Communities,16/11/2021
14629,Amazon.Co.Uk*gd2m91cp5,£9.99,Communities,18/11/2021
3306,Amazon.Co.Uk*eh3ru98d5,£14.99,Communities,18/11/2021
44953,Ab* Abebooks.Uk Jxsj9q,-£8.94,Communities,19/11/2021
2009,Amazon.Co.Uk*9u9o200w5,£31.98,Communities,20/11/2021
1360,Amazon.Co.Uk*p79fv7g85,£32.61,Communities,21/11/2021
1961,Amazon.Co.Uk*2b10c6m15,£107.91,Communities,21/11/2021
16095,Amazon.Co.Uk*fm2gk38m5,£23.99,Communities,23/11/2021
5850,Paypal *austinmacau,£82.48,Communities,23/11/2021
12546,Amazon.Co.Uk*rv41j4nn5,£17.28,Communities,25/11/2021
13619,Amazon.Co.Uk*0a7yi6ot5,£22.98,Communities,25/11/2021
3249,Amznmktplace,£18.94,Communities,30/11/2021
6043,Amznmktplace,£29.22,Communities,30/11/2021
12628,Plantool Hire Centres,"£2,099.40",Communities,30/11/2021
13514,Tesco Stores 2325,£7.55,Resources,26/11/2021
19392,T K Maxx,£19.98,Resources,26/11/2021
28845,Www.Roseandcrownwarwic,£145.78,People,18/11/2021
24207,Travelodge Gb0000,£48.04,People,19/11/2021
24942,The Rose And Crown,£71.11,People,25/11/2021
45293,Holiday Inn,£367.47,People,25/11/2021
48557,McDonalds,£0.99,People,10/11/2021
158,Amznmktplace,£50.67,Communities,17/11/2021
22050,Arc Media (Midlands) L,£95.00,Communities,23/11/2021
3304,Building & Plumb Supp,£92.42,Communities,16/11/2021
6975,Building & Plumb Supp,£357.52,Communities,22/11/2021
10560,Building & Plumb Supp,£165.26,Communities,24/11/2021
6870,Building & Plumb Supp,£103.48,Communities,25/11/2021
1194,Building & Plumb Supp,£28.50,Communities,30/11/2021
10347,Paypal *weldinggase,£106.49,Communities,25/11/2021
20498,Www.Worldofpower.Co.Uk,£81.42,Communities,25/11/2021
12432,St John Ambulance,£240.00,Communities,14/11/2021
1186,Angling Trust Ltd,£35.00,Communities,29/11/2021
14908,The Old Tool Store,£240.83,Communities,16/11/2021
15259,The Old Tool Store,£157.50,Communities,19/11/2021
24396,Arco Limited (Ahpp),£46.43,Communities,17/11/2021
26302,Arco Limited (Ahpp),£11.40,Communities,29/11/2021
119,Sportsdirect.Com,£96.99,People,30/11/2021
45384,Bookerecomm,£44.50,Communities,09/11/2021
41284,Aws Emea,£23.20,Communities,12/11/2021
41305,Aws Emea,£24.12,Communities,12/11/2021
41326,Aws Emea,£24.12,Communities,12/11/2021
41331,Aws Emea,£24.12,Communities,12/11/2021
41336,Aws Emea,£23.20,Communities,12/11/2021
9030,Www.Keycraftuk.Com,£197.64,Communities,12/11/2021
11762,Bookerecomm,£58.28,Communities,13/11/2021
8424,Amazon.Co.Uk*v35ld1l95,£18.51,Communities,14/11/2021
29434,Lyme Bay Cider Co,£426.96,Communities,15/11/2021
3192205270,,£0.64,Communities,15/11/2021
3192205280,,£0.66,Communities,15/11/2021
3192205290,,£0.66,Communities,15/11/2021
3192205300,,£0.66,Communities,15/11/2021
3192205310,,£0.64,Communities,15/11/2021
44709,Bookerecomm,£432.86,Communities,16/11/2021
16033,Tesco Store 3370,£6.00,Communities,19/11/2021
2870,Amznmktplace Amazon.Co,£29.90,Communities,19/11/2021
11371,Bookerecomm,£124.06,Communities,20/11/2021
11672,Bookerecomm,£92.40,Communities,27/11/2021
26725,Lyme Bay Cider Co,-£128.09,Communities,29/11/2021
18979,Costa Leamington Spa D,£4.50,People,30/11/2021
34307,Ao Retail Limited,£367.00,People,11/11/2021
11005,Amznmktplace,£73.96,People,12/11/2021
4642,Amznmktplace,£16.73,People,12/11/2021
38792,Dvla Driver Online,£34.00,People,25/11/2021
10596,Puregym Limited,£152.99,People,19/11/2021
26438,Lidl Gb Nuneaton,£9.86,People,09/11/2021
30270,Coventry City Council,£6.00,People,09/11/2021
45139,Metropolis,£2.95,People,09/11/2021
18886,Stagecoach Bus,£15.00,People,15/11/2021
17757,Stagecoach Bus,£15.00,People,22/11/2021
28034,Lidl Gb Nuneaton,£5.78,People,23/11/2021
31334,Asda Stores 5757,£21.72,People,24/11/2021
47748,Parking Fee,£2.00,People,24/11/2021
21516,Stagecoach Bus,£15.00,People,30/11/2021
